variant,context,scope,window_HLA_pairs,model,HLA,cutoff_percentile,baseline_count,variant_count,delta
T17A,with_flanks,position17_containing,266,NetMHC,HLA-A*02:01,0.5,0,0,0
T17A,with_flanks,position17_containing,266,NetMHC,HLA-A*02:01,1,0,0,0
T17A,with_flanks,position17_containing,266,NetMHC,HLA-A*02:01,2,3,0,-3
T17A,with_flanks,position17_containing,266,NetMHC,HLA-A*24:02,0.5,0,0,0
T17A,with_flanks,position17_containing,266,NetMHC,HLA-A*24:02,1,0,0,0
T17A,with_flanks,position17_containing,266,NetMHC,HLA-A*24:02,2,0,0,0
T17A,with_flanks,position17_containing,266,NetMHC,HLA-A*03:01,0.5,0,0,0
T17A,with_flanks,position17_containing,266,NetMHC,HLA-A*03:01,1,0,0,0
T17A,with_flanks,position17_containing,266,NetMHC,HLA-A*03:01,2,0,1,1
T17A,with_flanks,position17_containing,266,NetMHC,HLA-B*40:01,0.5,0,0,0
T17A,with_flanks,position17_containing,266,NetMHC,HLA-B*40:01,1,0,0,0
T17A,with_flanks,position17_containing,266,NetMHC,HLA-B*40:01,2,0,0,0
T17A,with_flanks,position17_containing,266,NetMHC,HLA-B*49:01,0.5,0,0,0
T17A,with_flanks,position17_containing,266,NetMHC,HLA-B*49:01,1,0,0,0
T17A,with_flanks,position17_containing,266,NetMHC,HLA-B*49:01,2,0,0,0
T17A,with_flanks,position17_containing,266,NetMHC,HLA-C*03:04,0.5,2,2,0
T17A,with_flanks,position17_containing,266,NetMHC,HLA-C*03:04,1,2,2,0
T17A,with_flanks,position17_containing,266,NetMHC,HLA-C*03:04,2,3,3,0
T17A,with_flanks,position17_containing,266,NetMHC,HLA-C*07:01,0.5,0,0,0
T17A,with_flanks,position17_containing,266,NetMHC,HLA-C*07:01,1,0,0,0
T17A,with_flanks,position17_containing,266,NetMHC,HLA-C*07:01,2,1,1,0
T17A,with_flanks,position17_containing,266,MHCflurry,HLA-A*02:01,0.5,0,0,0
T17A,with_flanks,position17_containing,266,MHCflurry,HLA-A*02:01,1,2,1,-1
T17A,with_flanks,position17_containing,266,MHCflurry,HLA-A*02:01,2,3,5,2
T17A,with_flanks,position17_containing,266,MHCflurry,HLA-A*24:02,0.5,0,0,0
T17A,with_flanks,position17_containing,266,MHCflurry,HLA-A*24:02,1,0,0,0
T17A,with_flanks,position17_containing,266,MHCflurry,HLA-A*24:02,2,1,1,0
T17A,with_flanks,position17_containing,266,MHCflurry,HLA-A*03:01,0.5,0,0,0
T17A,with_flanks,position17_containing,266,MHCflurry,HLA-A*03:01,1,0,0,0
T17A,with_flanks,position17_containing,266,MHCflurry,HLA-A*03:01,2,0,1,1
T17A,with_flanks,position17_containing,266,MHCflurry,HLA-B*40:01,0.5,0,0,0
T17A,with_flanks,position17_containing,266,MHCflurry,HLA-B*40:01,1,0,0,0
T17A,with_flanks,position17_containing,266,MHCflurry,HLA-B*40:01,2,0,0,0
T17A,with_flanks,position17_containing,266,MHCflurry,HLA-B*49:01,0.5,0,0,0
T17A,with_flanks,position17_containing,266,MHCflurry,HLA-B*49:01,1,0,0,0
T17A,with_flanks,position17_containing,266,MHCflurry,HLA-B*49:01,2,0,0,0
T17A,with_flanks,position17_containing,266,MHCflurry,HLA-C*03:04,0.5,2,2,0
T17A,with_flanks,position17_containing,266,MHCflurry,HLA-C*03:04,1,2,2,0
T17A,with_flanks,position17_containing,266,MHCflurry,HLA-C*03:04,2,4,5,1
T17A,with_flanks,position17_containing,266,MHCflurry,HLA-C*07:01,0.5,0,0,0
T17A,with_flanks,position17_containing,266,MHCflurry,HLA-C*07:01,1,0,0,0
T17A,with_flanks,position17_containing,266,MHCflurry,HLA-C*07:01,2,1,2,1
T17C,with_flanks,position17_containing,266,NetMHC,HLA-A*02:01,0.5,0,0,0
T17C,with_flanks,position17_containing,266,NetMHC,HLA-A*02:01,1,0,0,0
T17C,with_flanks,position17_containing,266,NetMHC,HLA-A*02:01,2,3,0,-3
T17C,with_flanks,position17_containing,266,NetMHC,HLA-A*24:02,0.5,0,0,0
T17C,with_flanks,position17_containing,266,NetMHC,HLA-A*24:02,1,0,0,0
T17C,with_flanks,position17_containing,266,NetMHC,HLA-A*24:02,2,0,0,0
T17C,with_flanks,position17_containing,266,NetMHC,HLA-A*03:01,0.5,0,0,0
T17C,with_flanks,position17_containing,266,NetMHC,HLA-A*03:01,1,0,0,0
T17C,with_flanks,position17_containing,266,NetMHC,HLA-A*03:01,2,0,0,0
T17C,with_flanks,position17_containing,266,NetMHC,HLA-B*40:01,0.5,0,0,0
T17C,with_flanks,position17_containing,266,NetMHC,HLA-B*40:01,1,0,0,0
T17C,with_flanks,position17_containing,266,NetMHC,HLA-B*40:01,2,0,0,0
T17C,with_flanks,position17_containing,266,NetMHC,HLA-B*49:01,0.5,0,0,0
T17C,with_flanks,position17_containing,266,NetMHC,HLA-B*49:01,1,0,0,0
T17C,with_flanks,position17_containing,266,NetMHC,HLA-B*49:01,2,0,0,0
T17C,with_flanks,position17_containing,266,NetMHC,HLA-C*03:04,0.5,2,0,-2
T17C,with_flanks,position17_containing,266,NetMHC,HLA-C*03:04,1,2,1,-1
T17C,with_flanks,position17_containing,266,NetMHC,HLA-C*03:04,2,3,2,-1
T17C,with_flanks,position17_containing,266,NetMHC,HLA-C*07:01,0.5,0,0,0
T17C,with_flanks,position17_containing,266,NetMHC,HLA-C*07:01,1,0,0,0
T17C,with_flanks,position17_containing,266,NetMHC,HLA-C*07:01,2,1,0,-1
T17C,with_flanks,position17_containing,266,MHCflurry,HLA-A*02:01,0.5,0,0,0
T17C,with_flanks,position17_containing,266,MHCflurry,HLA-A*02:01,1,2,0,-2
T17C,with_flanks,position17_containing,266,MHCflurry,HLA-A*02:01,2,3,1,-2
T17C,with_flanks,position17_containing,266,MHCflurry,HLA-A*24:02,0.5,0,0,0
T17C,with_flanks,position17_containing,266,MHCflurry,HLA-A*24:02,1,0,0,0
T17C,with_flanks,position17_containing,266,MHCflurry,HLA-A*24:02,2,1,0,-1
T17C,with_flanks,position17_containing,266,MHCflurry,HLA-A*03:01,0.5,0,0,0
T17C,with_flanks,position17_containing,266,MHCflurry,HLA-A*03:01,1,0,0,0
T17C,with_flanks,position17_containing,266,MHCflurry,HLA-A*03:01,2,0,0,0
T17C,with_flanks,position17_containing,266,MHCflurry,HLA-B*40:01,0.5,0,0,0
T17C,with_flanks,position17_containing,266,MHCflurry,HLA-B*40:01,1,0,0,0
T17C,with_flanks,position17_containing,266,MHCflurry,HLA-B*40:01,2,0,0,0
T17C,with_flanks,position17_containing,266,MHCflurry,HLA-B*49:01,0.5,0,0,0
T17C,with_flanks,position17_containing,266,MHCflurry,HLA-B*49:01,1,0,0,0
T17C,with_flanks,position17_containing,266,MHCflurry,HLA-B*49:01,2,0,0,0
T17C,with_flanks,position17_containing,266,MHCflurry,HLA-C*03:04,0.5,2,1,-1
T17C,with_flanks,position17_containing,266,MHCflurry,HLA-C*03:04,1,2,1,-1
T17C,with_flanks,position17_containing,266,MHCflurry,HLA-C*03:04,2,4,2,-2
T17C,with_flanks,position17_containing,266,MHCflurry,HLA-C*07:01,0.5,0,0,0
T17C,with_flanks,position17_containing,266,MHCflurry,HLA-C*07:01,1,0,0,0
T17C,with_flanks,position17_containing,266,MHCflurry,HLA-C*07:01,2,1,0,-1
T17D,with_flanks,position17_containing,266,NetMHC,HLA-A*02:01,0.5,0,0,0
T17D,with_flanks,position17_containing,266,NetMHC,HLA-A*02:01,1,0,0,0
T17D,with_flanks,position17_containing,266,NetMHC,HLA-A*02:01,2,3,1,-2
T17D,with_flanks,position17_containing,266,NetMHC,HLA-A*24:02,0.5,0,0,0
T17D,with_flanks,position17_containing,266,NetMHC,HLA-A*24:02,1,0,0,0
T17D,with_flanks,position17_containing,266,NetMHC,HLA-A*24:02,2,0,0,0
T17D,with_flanks,position17_containing,266,NetMHC,HLA-A*03:01,0.5,0,0,0
T17D,with_flanks,position17_containing,266,NetMHC,HLA-A*03:01,1,0,0,0
T17D,with_flanks,position17_containing,266,NetMHC,HLA-A*03:01,2,0,0,0
T17D,with_flanks,position17_containing,266,NetMHC,HLA-B*40:01,0.5,0,0,0
T17D,with_flanks,position17_containing,266,NetMHC,HLA-B*40:01,1,0,0,0
T17D,with_flanks,position17_containing,266,NetMHC,HLA-B*40:01,2,0,2,2
T17D,with_flanks,position17_containing,266,NetMHC,HLA-B*49:01,0.5,0,0,0
T17D,with_flanks,position17_containing,266,NetMHC,HLA-B*49:01,1,0,0,0
T17D,with_flanks,position17_containing,266,NetMHC,HLA-B*49:01,2,0,1,1
T17D,with_flanks,position17_containing,266,NetMHC,HLA-C*03:04,0.5,2,0,-2
T17D,with_flanks,position17_containing,266,NetMHC,HLA-C*03:04,1,2,0,-2
T17D,with_flanks,position17_containing,266,NetMHC,HLA-C*03:04,2,3,0,-3
T17D,with_flanks,position17_containing,266,NetMHC,HLA-C*07:01,0.5,0,0,0
T17D,with_flanks,position17_containing,266,NetMHC,HLA-C*07:01,1,0,0,0
T17D,with_flanks,position17_containing,266,NetMHC,HLA-C*07:01,2,1,0,-1
T17D,with_flanks,position17_containing,266,MHCflurry,HLA-A*02:01,0.5,0,1,1
T17D,with_flanks,position17_containing,266,MHCflurry,HLA-A*02:01,1,2,1,-1
T17D,with_flanks,position17_containing,266,MHCflurry,HLA-A*02:01,2,3,1,-2
T17D,with_flanks,position17_containing,266,MHCflurry,HLA-A*24:02,0.5,0,0,0
T17D,with_flanks,position17_containing,266,MHCflurry,HLA-A*24:02,1,0,0,0
T17D,with_flanks,position17_containing,266,MHCflurry,HLA-A*24:02,2,1,0,-1
T17D,with_flanks,position17_containing,266,MHCflurry,HLA-A*03:01,0.5,0,0,0
T17D,with_flanks,position17_containing,266,MHCflurry,HLA-A*03:01,1,0,0,0
T17D,with_flanks,position17_containing,266,MHCflurry,HLA-A*03:01,2,0,0,0
T17D,with_flanks,position17_containing,266,MHCflurry,HLA-B*40:01,0.5,0,0,0
T17D,with_flanks,position17_containing,266,MHCflurry,HLA-B*40:01,1,0,0,0
T17D,with_flanks,position17_containing,266,MHCflurry,HLA-B*40:01,2,0,0,0
T17D,with_flanks,position17_containing,266,MHCflurry,HLA-B*49:01,0.5,0,0,0
T17D,with_flanks,position17_containing,266,MHCflurry,HLA-B*49:01,1,0,1,1
T17D,with_flanks,position17_containing,266,MHCflurry,HLA-B*49:01,2,0,3,3
T17D,with_flanks,position17_containing,266,MHCflurry,HLA-C*03:04,0.5,2,1,-1
T17D,with_flanks,position17_containing,266,MHCflurry,HLA-C*03:04,1,2,1,-1
T17D,with_flanks,position17_containing,266,MHCflurry,HLA-C*03:04,2,4,2,-2
T17D,with_flanks,position17_containing,266,MHCflurry,HLA-C*07:01,0.5,0,0,0
T17D,with_flanks,position17_containing,266,MHCflurry,HLA-C*07:01,1,0,0,0
T17D,with_flanks,position17_containing,266,MHCflurry,HLA-C*07:01,2,1,1,0
T17E,with_flanks,position17_containing,266,NetMHC,HLA-A*02:01,0.5,0,0,0
T17E,with_flanks,position17_containing,266,NetMHC,HLA-A*02:01,1,0,0,0
T17E,with_flanks,position17_containing,266,NetMHC,HLA-A*02:01,2,3,4,1
T17E,with_flanks,position17_containing,266,NetMHC,HLA-A*24:02,0.5,0,0,0
T17E,with_flanks,position17_containing,266,NetMHC,HLA-A*24:02,1,0,0,0
T17E,with_flanks,position17_containing,266,NetMHC,HLA-A*24:02,2,0,0,0
T17E,with_flanks,position17_containing,266,NetMHC,HLA-A*03:01,0.5,0,0,0
T17E,with_flanks,position17_containing,266,NetMHC,HLA-A*03:01,1,0,0,0
T17E,with_flanks,position17_containing,266,NetMHC,HLA-A*03:01,2,0,0,0
T17E,with_flanks,position17_containing,266,NetMHC,HLA-B*40:01,0.5,0,3,3
T17E,with_flanks,position17_containing,266,NetMHC,HLA-B*40:01,1,0,3,3
T17E,with_flanks,position17_containing,266,NetMHC,HLA-B*40:01,2,0,5,5
T17E,with_flanks,position17_containing,266,NetMHC,HLA-B*49:01,0.5,0,1,1
T17E,with_flanks,position17_containing,266,NetMHC,HLA-B*49:01,1,0,1,1
T17E,with_flanks,position17_containing,266,NetMHC,HLA-B*49:01,2,0,3,3
T17E,with_flanks,position17_containing,266,NetMHC,HLA-C*03:04,0.5,2,0,-2
T17E,with_flanks,position17_containing,266,NetMHC,HLA-C*03:04,1,2,0,-2
T17E,with_flanks,position17_containing,266,NetMHC,HLA-C*03:04,2,3,1,-2
T17E,with_flanks,position17_containing,266,NetMHC,HLA-C*07:01,0.5,0,0,0
T17E,with_flanks,position17_containing,266,NetMHC,HLA-C*07:01,1,0,0,0
T17E,with_flanks,position17_containing,266,NetMHC,HLA-C*07:01,2,1,0,-1
T17E,with_flanks,position17_containing,266,MHCflurry,HLA-A*02:01,0.5,0,0,0
T17E,with_flanks,position17_containing,266,MHCflurry,HLA-A*02:01,1,2,1,-1
T17E,with_flanks,position17_containing,266,MHCflurry,HLA-A*02:01,2,3,3,0
T17E,with_flanks,position17_containing,266,MHCflurry,HLA-A*24:02,0.5,0,0,0
T17E,with_flanks,position17_containing,266,MHCflurry,HLA-A*24:02,1,0,0,0
T17E,with_flanks,position17_containing,266,MHCflurry,HLA-A*24:02,2,1,0,-1
T17E,with_flanks,position17_containing,266,MHCflurry,HLA-A*03:01,0.5,0,0,0
T17E,with_flanks,position17_containing,266,MHCflurry,HLA-A*03:01,1,0,0,0
T17E,with_flanks,position17_containing,266,MHCflurry,HLA-A*03:01,2,0,0,0
T17E,with_flanks,position17_containing,266,MHCflurry,HLA-B*40:01,0.5,0,1,1
T17E,with_flanks,position17_containing,266,MHCflurry,HLA-B*40:01,1,0,1,1
T17E,with_flanks,position17_containing,266,MHCflurry,HLA-B*40:01,2,0,1,1
T17E,with_flanks,position17_containing,266,MHCflurry,HLA-B*49:01,0.5,0,1,1
T17E,with_flanks,position17_containing,266,MHCflurry,HLA-B*49:01,1,0,1,1
T17E,with_flanks,position17_containing,266,MHCflurry,HLA-B*49:01,2,0,4,4
T17E,with_flanks,position17_containing,266,MHCflurry,HLA-C*03:04,0.5,2,1,-1
T17E,with_flanks,position17_containing,266,MHCflurry,HLA-C*03:04,1,2,1,-1
T17E,with_flanks,position17_containing,266,MHCflurry,HLA-C*03:04,2,4,1,-3
T17E,with_flanks,position17_containing,266,MHCflurry,HLA-C*07:01,0.5,0,0,0
T17E,with_flanks,position17_containing,266,MHCflurry,HLA-C*07:01,1,0,0,0
T17E,with_flanks,position17_containing,266,MHCflurry,HLA-C*07:01,2,1,1,0
T17F,with_flanks,position17_containing,266,NetMHC,HLA-A*02:01,0.5,0,0,0
T17F,with_flanks,position17_containing,266,NetMHC,HLA-A*02:01,1,0,0,0
T17F,with_flanks,position17_containing,266,NetMHC,HLA-A*02:01,2,3,2,-1
T17F,with_flanks,position17_containing,266,NetMHC,HLA-A*24:02,0.5,0,1,1
T17F,with_flanks,position17_containing,266,NetMHC,HLA-A*24:02,1,0,1,1
T17F,with_flanks,position17_containing,266,NetMHC,HLA-A*24:02,2,0,2,2
T17F,with_flanks,position17_containing,266,NetMHC,HLA-A*03:01,0.5,0,0,0
T17F,with_flanks,position17_containing,266,NetMHC,HLA-A*03:01,1,0,1,1
T17F,with_flanks,position17_containing,266,NetMHC,HLA-A*03:01,2,0,1,1
T17F,with_flanks,position17_containing,266,NetMHC,HLA-B*40:01,0.5,0,0,0
T17F,with_flanks,position17_containing,266,NetMHC,HLA-B*40:01,1,0,0,0
T17F,with_flanks,position17_containing,266,NetMHC,HLA-B*40:01,2,0,0,0
T17F,with_flanks,position17_containing,266,NetMHC,HLA-B*49:01,0.5,0,0,0
T17F,with_flanks,position17_containing,266,NetMHC,HLA-B*49:01,1,0,0,0
T17F,with_flanks,position17_containing,266,NetMHC,HLA-B*49:01,2,0,0,0
T17F,with_flanks,position17_containing,266,NetMHC,HLA-C*03:04,0.5,2,1,-1
T17F,with_flanks,position17_containing,266,NetMHC,HLA-C*03:04,1,2,2,0
T17F,with_flanks,position17_containing,266,NetMHC,HLA-C*03:04,2,3,3,0
T17F,with_flanks,position17_containing,266,NetMHC,HLA-C*07:01,0.5,0,0,0
T17F,with_flanks,position17_containing,266,NetMHC,HLA-C*07:01,1,0,0,0
T17F,with_flanks,position17_containing,266,NetMHC,HLA-C*07:01,2,1,2,1
T17F,with_flanks,position17_containing,266,MHCflurry,HLA-A*02:01,0.5,0,0,0
T17F,with_flanks,position17_containing,266,MHCflurry,HLA-A*02:01,1,2,2,0
T17F,with_flanks,position17_containing,266,MHCflurry,HLA-A*02:01,2,3,3,0
T17F,with_flanks,position17_containing,266,MHCflurry,HLA-A*24:02,0.5,0,1,1
T17F,with_flanks,position17_containing,266,MHCflurry,HLA-A*24:02,1,0,1,1
T17F,with_flanks,position17_containing,266,MHCflurry,HLA-A*24:02,2,1,1,0
T17F,with_flanks,position17_containing,266,MHCflurry,HLA-A*03:01,0.5,0,1,1
T17F,with_flanks,position17_containing,266,MHCflurry,HLA-A*03:01,1,0,1,1
T17F,with_flanks,position17_containing,266,MHCflurry,HLA-A*03:01,2,0,1,1
T17F,with_flanks,position17_containing,266,MHCflurry,HLA-B*40:01,0.5,0,0,0
T17F,with_flanks,position17_containing,266,MHCflurry,HLA-B*40:01,1,0,0,0
T17F,with_flanks,position17_containing,266,MHCflurry,HLA-B*40:01,2,0,0,0
T17F,with_flanks,position17_containing,266,MHCflurry,HLA-B*49:01,0.5,0,0,0
T17F,with_flanks,position17_containing,266,MHCflurry,HLA-B*49:01,1,0,0,0
T17F,with_flanks,position17_containing,266,MHCflurry,HLA-B*49:01,2,0,0,0
T17F,with_flanks,position17_containing,266,MHCflurry,HLA-C*03:04,0.5,2,1,-1
T17F,with_flanks,position17_containing,266,MHCflurry,HLA-C*03:04,1,2,1,-1
T17F,with_flanks,position17_containing,266,MHCflurry,HLA-C*03:04,2,4,4,0
T17F,with_flanks,position17_containing,266,MHCflurry,HLA-C*07:01,0.5,0,0,0
T17F,with_flanks,position17_containing,266,MHCflurry,HLA-C*07:01,1,0,1,1
T17F,with_flanks,position17_containing,266,MHCflurry,HLA-C*07:01,2,1,2,1
T17G,with_flanks,position17_containing,266,NetMHC,HLA-A*02:01,0.5,0,0,0
T17G,with_flanks,position17_containing,266,NetMHC,HLA-A*02:01,1,0,0,0
T17G,with_flanks,position17_containing,266,NetMHC,HLA-A*02:01,2,3,0,-3
T17G,with_flanks,position17_containing,266,NetMHC,HLA-A*24:02,0.5,0,0,0
T17G,with_flanks,position17_containing,266,NetMHC,HLA-A*24:02,1,0,0,0
T17G,with_flanks,position17_containing,266,NetMHC,HLA-A*24:02,2,0,0,0
T17G,with_flanks,position17_containing,266,NetMHC,HLA-A*03:01,0.5,0,0,0
T17G,with_flanks,position17_containing,266,NetMHC,HLA-A*03:01,1,0,0,0
T17G,with_flanks,position17_containing,266,NetMHC,HLA-A*03:01,2,0,0,0
T17G,with_flanks,position17_containing,266,NetMHC,HLA-B*40:01,0.5,0,0,0
T17G,with_flanks,position17_containing,266,NetMHC,HLA-B*40:01,1,0,0,0
T17G,with_flanks,position17_containing,266,NetMHC,HLA-B*40:01,2,0,0,0
T17G,with_flanks,position17_containing,266,NetMHC,HLA-B*49:01,0.5,0,0,0
T17G,with_flanks,position17_containing,266,NetMHC,HLA-B*49:01,1,0,0,0
T17G,with_flanks,position17_containing,266,NetMHC,HLA-B*49:01,2,0,0,0
T17G,with_flanks,position17_containing,266,NetMHC,HLA-C*03:04,0.5,2,0,-2
T17G,with_flanks,position17_containing,266,NetMHC,HLA-C*03:04,1,2,2,0
T17G,with_flanks,position17_containing,266,NetMHC,HLA-C*03:04,2,3,2,-1
T17G,with_flanks,position17_containing,266,NetMHC,HLA-C*07:01,0.5,0,0,0
T17G,with_flanks,position17_containing,266,NetMHC,HLA-C*07:01,1,0,0,0
T17G,with_flanks,position17_containing,266,NetMHC,HLA-C*07:01,2,1,0,-1
T17G,with_flanks,position17_containing,266,MHCflurry,HLA-A*02:01,0.5,0,0,0
T17G,with_flanks,position17_containing,266,MHCflurry,HLA-A*02:01,1,2,0,-2
T17G,with_flanks,position17_containing,266,MHCflurry,HLA-A*02:01,2,3,3,0
T17G,with_flanks,position17_containing,266,MHCflurry,HLA-A*24:02,0.5,0,0,0
T17G,with_flanks,position17_containing,266,MHCflurry,HLA-A*24:02,1,0,0,0
T17G,with_flanks,position17_containing,266,MHCflurry,HLA-A*24:02,2,1,0,-1
T17G,with_flanks,position17_containing,266,MHCflurry,HLA-A*03:01,0.5,0,0,0
T17G,with_flanks,position17_containing,266,MHCflurry,HLA-A*03:01,1,0,0,0
T17G,with_flanks,position17_containing,266,MHCflurry,HLA-A*03:01,2,0,0,0
T17G,with_flanks,position17_containing,266,MHCflurry,HLA-B*40:01,0.5,0,0,0
T17G,with_flanks,position17_containing,266,MHCflurry,HLA-B*40:01,1,0,0,0
T17G,with_flanks,position17_containing,266,MHCflurry,HLA-B*40:01,2,0,0,0
T17G,with_flanks,position17_containing,266,MHCflurry,HLA-B*49:01,0.5,0,0,0
T17G,with_flanks,position17_containing,266,MHCflurry,HLA-B*49:01,1,0,0,0
T17G,with_flanks,position17_containing,266,MHCflurry,HLA-B*49:01,2,0,2,2
T17G,with_flanks,position17_containing,266,MHCflurry,HLA-C*03:04,0.5,2,0,-2
T17G,with_flanks,position17_containing,266,MHCflurry,HLA-C*03:04,1,2,2,0
T17G,with_flanks,position17_containing,266,MHCflurry,HLA-C*03:04,2,4,2,-2
T17G,with_flanks,position17_containing,266,MHCflurry,HLA-C*07:01,0.5,0,0,0
T17G,with_flanks,position17_containing,266,MHCflurry,HLA-C*07:01,1,0,0,0
T17G,with_flanks,position17_containing,266,MHCflurry,HLA-C*07:01,2,1,1,0
T17H,with_flanks,position17_containing,266,NetMHC,HLA-A*02:01,0.5,0,0,0
T17H,with_flanks,position17_containing,266,NetMHC,HLA-A*02:01,1,0,0,0
T17H,with_flanks,position17_containing,266,NetMHC,HLA-A*02:01,2,3,2,-1
T17H,with_flanks,position17_containing,266,NetMHC,HLA-A*24:02,0.5,0,0,0
T17H,with_flanks,position17_containing,266,NetMHC,HLA-A*24:02,1,0,0,0
T17H,with_flanks,position17_containing,266,NetMHC,HLA-A*24:02,2,0,1,1
T17H,with_flanks,position17_containing,266,NetMHC,HLA-A*03:01,0.5,0,0,0
T17H,with_flanks,position17_containing,266,NetMHC,HLA-A*03:01,1,0,0,0
T17H,with_flanks,position17_containing,266,NetMHC,HLA-A*03:01,2,0,1,1
T17H,with_flanks,position17_containing,266,NetMHC,HLA-B*40:01,0.5,0,0,0
T17H,with_flanks,position17_containing,266,NetMHC,HLA-B*40:01,1,0,0,0
T17H,with_flanks,position17_containing,266,NetMHC,HLA-B*40:01,2,0,0,0
T17H,with_flanks,position17_containing,266,NetMHC,HLA-B*49:01,0.5,0,0,0
T17H,with_flanks,position17_containing,266,NetMHC,HLA-B*49:01,1,0,0,0
T17H,with_flanks,position17_containing,266,NetMHC,HLA-B*49:01,2,0,1,1
T17H,with_flanks,position17_containing,266,NetMHC,HLA-C*03:04,0.5,2,1,-1
T17H,with_flanks,position17_containing,266,NetMHC,HLA-C*03:04,1,2,2,0
T17H,with_flanks,position17_containing,266,NetMHC,HLA-C*03:04,2,3,3,0
T17H,with_flanks,position17_containing,266,NetMHC,HLA-C*07:01,0.5,0,1,1
T17H,with_flanks,position17_containing,266,NetMHC,HLA-C*07:01,1,0,1,1
T17H,with_flanks,position17_containing,266,NetMHC,HLA-C*07:01,2,1,1,0
T17H,with_flanks,position17_containing,266,MHCflurry,HLA-A*02:01,0.5,0,0,0
T17H,with_flanks,position17_containing,266,MHCflurry,HLA-A*02:01,1,2,1,-1
T17H,with_flanks,position17_containing,266,MHCflurry,HLA-A*02:01,2,3,2,-1
T17H,with_flanks,position17_containing,266,MHCflurry,HLA-A*24:02,0.5,0,1,1
T17H,with_flanks,position17_containing,266,MHCflurry,HLA-A*24:02,1,0,1,1
T17H,with_flanks,position17_containing,266,MHCflurry,HLA-A*24:02,2,1,1,0
T17H,with_flanks,position17_containing,266,MHCflurry,HLA-A*03:01,0.5,0,0,0
T17H,with_flanks,position17_containing,266,MHCflurry,HLA-A*03:01,1,0,0,0
T17H,with_flanks,position17_containing,266,MHCflurry,HLA-A*03:01,2,0,1,1
T17H,with_flanks,position17_containing,266,MHCflurry,HLA-B*40:01,0.5,0,0,0
T17H,with_flanks,position17_containing,266,MHCflurry,HLA-B*40:01,1,0,0,0
T17H,with_flanks,position17_containing,266,MHCflurry,HLA-B*40:01,2,0,0,0
T17H,with_flanks,position17_containing,266,MHCflurry,HLA-B*49:01,0.5,0,0,0
T17H,with_flanks,position17_containing,266,MHCflurry,HLA-B*49:01,1,0,0,0
T17H,with_flanks,position17_containing,266,MHCflurry,HLA-B*49:01,2,0,1,1
T17H,with_flanks,position17_containing,266,MHCflurry,HLA-C*03:04,0.5,2,1,-1
T17H,with_flanks,position17_containing,266,MHCflurry,HLA-C*03:04,1,2,1,-1
T17H,with_flanks,position17_containing,266,MHCflurry,HLA-C*03:04,2,4,5,1
T17H,with_flanks,position17_containing,266,MHCflurry,HLA-C*07:01,0.5,0,1,1
T17H,with_flanks,position17_containing,266,MHCflurry,HLA-C*07:01,1,0,2,2
T17H,with_flanks,position17_containing,266,MHCflurry,HLA-C*07:01,2,1,2,1
T17I,with_flanks,position17_containing,266,NetMHC,HLA-A*02:01,0.5,0,0,0
T17I,with_flanks,position17_containing,266,NetMHC,HLA-A*02:01,1,0,1,1
T17I,with_flanks,position17_containing,266,NetMHC,HLA-A*02:01,2,3,1,-2
T17I,with_flanks,position17_containing,266,NetMHC,HLA-A*24:02,0.5,0,0,0
T17I,with_flanks,position17_containing,266,NetMHC,HLA-A*24:02,1,0,0,0
T17I,with_flanks,position17_containing,266,NetMHC,HLA-A*24:02,2,0,0,0
T17I,with_flanks,position17_containing,266,NetMHC,HLA-A*03:01,0.5,0,0,0
T17I,with_flanks,position17_containing,266,NetMHC,HLA-A*03:01,1,0,0,0
T17I,with_flanks,position17_containing,266,NetMHC,HLA-A*03:01,2,0,1,1
T17I,with_flanks,position17_containing,266,NetMHC,HLA-B*40:01,0.5,0,0,0
T17I,with_flanks,position17_containing,266,NetMHC,HLA-B*40:01,1,0,0,0
T17I,with_flanks,position17_containing,266,NetMHC,HLA-B*40:01,2,0,0,0
T17I,with_flanks,position17_containing,266,NetMHC,HLA-B*49:01,0.5,0,0,0
T17I,with_flanks,position17_containing,266,NetMHC,HLA-B*49:01,1,0,0,0
T17I,with_flanks,position17_containing,266,NetMHC,HLA-B*49:01,2,0,0,0
T17I,with_flanks,position17_containing,266,NetMHC,HLA-C*03:04,0.5,2,2,0
T17I,with_flanks,position17_containing,266,NetMHC,HLA-C*03:04,1,2,2,0
T17I,with_flanks,position17_containing,266,NetMHC,HLA-C*03:04,2,3,4,1
T17I,with_flanks,position17_containing,266,NetMHC,HLA-C*07:01,0.5,0,0,0
T17I,with_flanks,position17_containing,266,NetMHC,HLA-C*07:01,1,0,0,0
T17I,with_flanks,position17_containing,266,NetMHC,HLA-C*07:01,2,1,0,-1
T17I,with_flanks,position17_containing,266,MHCflurry,HLA-A*02:01,0.5,0,1,1
T17I,with_flanks,position17_containing,266,MHCflurry,HLA-A*02:01,1,2,1,-1
T17I,with_flanks,position17_containing,266,MHCflurry,HLA-A*02:01,2,3,4,1
T17I,with_flanks,position17_containing,266,MHCflurry,HLA-A*24:02,0.5,0,0,0
T17I,with_flanks,position17_containing,266,MHCflurry,HLA-A*24:02,1,0,0,0
T17I,with_flanks,position17_containing,266,MHCflurry,HLA-A*24:02,2,1,0,-1
T17I,with_flanks,position17_containing,266,MHCflurry,HLA-A*03:01,0.5,0,0,0
T17I,with_flanks,position17_containing,266,MHCflurry,HLA-A*03:01,1,0,0,0
T17I,with_flanks,position17_containing,266,MHCflurry,HLA-A*03:01,2,0,1,1
T17I,with_flanks,position17_containing,266,MHCflurry,HLA-B*40:01,0.5,0,0,0
T17I,with_flanks,position17_containing,266,MHCflurry,HLA-B*40:01,1,0,0,0
T17I,with_flanks,position17_containing,266,MHCflurry,HLA-B*40:01,2,0,0,0
T17I,with_flanks,position17_containing,266,MHCflurry,HLA-B*49:01,0.5,0,0,0
T17I,with_flanks,position17_containing,266,MHCflurry,HLA-B*49:01,1,0,0,0
T17I,with_flanks,position17_containing,266,MHCflurry,HLA-B*49:01,2,0,0,0
T17I,with_flanks,position17_containing,266,MHCflurry,HLA-C*03:04,0.5,2,2,0
T17I,with_flanks,position17_containing,266,MHCflurry,HLA-C*03:04,1,2,2,0
T17I,with_flanks,position17_containing,266,MHCflurry,HLA-C*03:04,2,4,5,1
T17I,with_flanks,position17_containing,266,MHCflurry,HLA-C*07:01,0.5,0,0,0
T17I,with_flanks,position17_containing,266,MHCflurry,HLA-C*07:01,1,0,0,0
T17I,with_flanks,position17_containing,266,MHCflurry,HLA-C*07:01,2,1,1,0
T17K,with_flanks,position17_containing,266,NetMHC,HLA-A*02:01,0.5,0,0,0
T17K,with_flanks,position17_containing,266,NetMHC,HLA-A*02:01,1,0,0,0
T17K,with_flanks,position17_containing,266,NetMHC,HLA-A*02:01,2,3,3,0
T17K,with_flanks,position17_containing,266,NetMHC,HLA-A*24:02,0.5,0,0,0
T17K,with_flanks,position17_containing,266,NetMHC,HLA-A*24:02,1,0,0,0
T17K,with_flanks,position17_containing,266,NetMHC,HLA-A*24:02,2,0,0,0
T17K,with_flanks,position17_containing,266,NetMHC,HLA-A*03:01,0.5,0,0,0
T17K,with_flanks,position17_containing,266,NetMHC,HLA-A*03:01,1,0,1,1
T17K,with_flanks,position17_containing,266,NetMHC,HLA-A*03:01,2,0,2,2
T17K,with_flanks,position17_containing,266,NetMHC,HLA-B*40:01,0.5,0,0,0
T17K,with_flanks,position17_containing,266,NetMHC,HLA-B*40:01,1,0,0,0
T17K,with_flanks,position17_containing,266,NetMHC,HLA-B*40:01,2,0,0,0
T17K,with_flanks,position17_containing,266,NetMHC,HLA-B*49:01,0.5,0,0,0
T17K,with_flanks,position17_containing,266,NetMHC,HLA-B*49:01,1,0,0,0
T17K,with_flanks,position17_containing,266,NetMHC,HLA-B*49:01,2,0,0,0
T17K,with_flanks,position17_containing,266,NetMHC,HLA-C*03:04,0.5,2,1,-1
T17K,with_flanks,position17_containing,266,NetMHC,HLA-C*03:04,1,2,1,-1
T17K,with_flanks,position17_containing,266,NetMHC,HLA-C*03:04,2,3,2,-1
T17K,with_flanks,position17_containing,266,NetMHC,HLA-C*07:01,0.5,0,0,0
T17K,with_flanks,position17_containing,266,NetMHC,HLA-C*07:01,1,0,0,0
T17K,with_flanks,position17_containing,266,NetMHC,HLA-C*07:01,2,1,1,0
T17K,with_flanks,position17_containing,266,MHCflurry,HLA-A*02:01,0.5,0,0,0
T17K,with_flanks,position17_containing,266,MHCflurry,HLA-A*02:01,1,2,1,-1
T17K,with_flanks,position17_containing,266,MHCflurry,HLA-A*02:01,2,3,1,-2
T17K,with_flanks,position17_containing,266,MHCflurry,HLA-A*24:02,0.5,0,0,0
T17K,with_flanks,position17_containing,266,MHCflurry,HLA-A*24:02,1,0,0,0
T17K,with_flanks,position17_containing,266,MHCflurry,HLA-A*24:02,2,1,0,-1
T17K,with_flanks,position17_containing,266,MHCflurry,HLA-A*03:01,0.5,0,0,0
T17K,with_flanks,position17_containing,266,MHCflurry,HLA-A*03:01,1,0,1,1
T17K,with_flanks,position17_containing,266,MHCflurry,HLA-A*03:01,2,0,3,3
T17K,with_flanks,position17_containing,266,MHCflurry,HLA-B*40:01,0.5,0,0,0
T17K,with_flanks,position17_containing,266,MHCflurry,HLA-B*40:01,1,0,0,0
T17K,with_flanks,position17_containing,266,MHCflurry,HLA-B*40:01,2,0,0,0
T17K,with_flanks,position17_containing,266,MHCflurry,HLA-B*49:01,0.5,0,0,0
T17K,with_flanks,position17_containing,266,MHCflurry,HLA-B*49:01,1,0,0,0
T17K,with_flanks,position17_containing,266,MHCflurry,HLA-B*49:01,2,0,0,0
T17K,with_flanks,position17_containing,266,MHCflurry,HLA-C*03:04,0.5,2,1,-1
T17K,with_flanks,position17_containing,266,MHCflurry,HLA-C*03:04,1,2,1,-1
T17K,with_flanks,position17_containing,266,MHCflurry,HLA-C*03:04,2,4,1,-3
T17K,with_flanks,position17_containing,266,MHCflurry,HLA-C*07:01,0.5,0,0,0
T17K,with_flanks,position17_containing,266,MHCflurry,HLA-C*07:01,1,0,0,0
T17K,with_flanks,position17_containing,266,MHCflurry,HLA-C*07:01,2,1,2,1
T17L,with_flanks,position17_containing,266,NetMHC,HLA-A*02:01,0.5,0,1,1
T17L,with_flanks,position17_containing,266,NetMHC,HLA-A*02:01,1,0,1,1
T17L,with_flanks,position17_containing,266,NetMHC,HLA-A*02:01,2,3,5,2
T17L,with_flanks,position17_containing,266,NetMHC,HLA-A*24:02,0.5,0,0,0
T17L,with_flanks,position17_containing,266,NetMHC,HLA-A*24:02,1,0,0,0
T17L,with_flanks,position17_containing,266,NetMHC,HLA-A*24:02,2,0,1,1
T17L,with_flanks,position17_containing,266,NetMHC,HLA-A*03:01,0.5,0,0,0
T17L,with_flanks,position17_containing,266,NetMHC,HLA-A*03:01,1,0,0,0
T17L,with_flanks,position17_containing,266,NetMHC,HLA-A*03:01,2,0,1,1
T17L,with_flanks,position17_containing,266,NetMHC,HLA-B*40:01,0.5,0,0,0
T17L,with_flanks,position17_containing,266,NetMHC,HLA-B*40:01,1,0,0,0
T17L,with_flanks,position17_containing,266,NetMHC,HLA-B*40:01,2,0,0,0
T17L,with_flanks,position17_containing,266,NetMHC,HLA-B*49:01,0.5,0,0,0
T17L,with_flanks,position17_containing,266,NetMHC,HLA-B*49:01,1,0,0,0
T17L,with_flanks,position17_containing,266,NetMHC,HLA-B*49:01,2,0,0,0
T17L,with_flanks,position17_containing,266,NetMHC,HLA-C*03:04,0.5,2,1,-1
T17L,with_flanks,position17_containing,266,NetMHC,HLA-C*03:04,1,2,2,0
T17L,with_flanks,position17_containing,266,NetMHC,HLA-C*03:04,2,3,4,1
T17L,with_flanks,position17_containing,266,NetMHC,HLA-C*07:01,0.5,0,0,0
T17L,with_flanks,position17_containing,266,NetMHC,HLA-C*07:01,1,0,0,0
T17L,with_flanks,position17_containing,266,NetMHC,HLA-C*07:01,2,1,0,-1
T17L,with_flanks,position17_containing,266,MHCflurry,HLA-A*02:01,0.5,0,1,1
T17L,with_flanks,position17_containing,266,MHCflurry,HLA-A*02:01,1,2,2,0
T17L,with_flanks,position17_containing,266,MHCflurry,HLA-A*02:01,2,3,5,2
T17L,with_flanks,position17_containing,266,MHCflurry,HLA-A*24:02,0.5,0,0,0
T17L,with_flanks,position17_containing,266,MHCflurry,HLA-A*24:02,1,0,0,0
T17L,with_flanks,position17_containing,266,MHCflurry,HLA-A*24:02,2,1,1,0
T17L,with_flanks,position17_containing,266,MHCflurry,HLA-A*03:01,0.5,0,0,0
T17L,with_flanks,position17_containing,266,MHCflurry,HLA-A*03:01,1,0,0,0
T17L,with_flanks,position17_containing,266,MHCflurry,HLA-A*03:01,2,0,1,1
T17L,with_flanks,position17_containing,266,MHCflurry,HLA-B*40:01,0.5,0,0,0
T17L,with_flanks,position17_containing,266,MHCflurry,HLA-B*40:01,1,0,0,0
T17L,with_flanks,position17_containing,266,MHCflurry,HLA-B*40:01,2,0,0,0
T17L,with_flanks,position17_containing,266,MHCflurry,HLA-B*49:01,0.5,0,0,0
T17L,with_flanks,position17_containing,266,MHCflurry,HLA-B*49:01,1,0,0,0
T17L,with_flanks,position17_containing,266,MHCflurry,HLA-B*49:01,2,0,0,0
T17L,with_flanks,position17_containing,266,MHCflurry,HLA-C*03:04,0.5,2,2,0
T17L,with_flanks,position17_containing,266,MHCflurry,HLA-C*03:04,1,2,2,0
T17L,with_flanks,position17_containing,266,MHCflurry,HLA-C*03:04,2,4,5,1
T17L,with_flanks,position17_containing,266,MHCflurry,HLA-C*07:01,0.5,0,0,0
T17L,with_flanks,position17_containing,266,MHCflurry,HLA-C*07:01,1,0,0,0
T17L,with_flanks,position17_containing,266,MHCflurry,HLA-C*07:01,2,1,0,-1
T17M,with_flanks,position17_containing,266,NetMHC,HLA-A*02:01,0.5,0,1,1
T17M,with_flanks,position17_containing,266,NetMHC,HLA-A*02:01,1,0,1,1
T17M,with_flanks,position17_containing,266,NetMHC,HLA-A*02:01,2,3,3,0
T17M,with_flanks,position17_containing,266,NetMHC,HLA-A*24:02,0.5,0,0,0
T17M,with_flanks,position17_containing,266,NetMHC,HLA-A*24:02,1,0,1,1
T17M,with_flanks,position17_containing,266,NetMHC,HLA-A*24:02,2,0,1,1
T17M,with_flanks,position17_containing,266,NetMHC,HLA-A*03:01,0.5,0,0,0
T17M,with_flanks,position17_containing,266,NetMHC,HLA-A*03:01,1,0,0,0
T17M,with_flanks,position17_containing,266,NetMHC,HLA-A*03:01,2,0,1,1
T17M,with_flanks,position17_containing,266,NetMHC,HLA-B*40:01,0.5,0,0,0
T17M,with_flanks,position17_containing,266,NetMHC,HLA-B*40:01,1,0,0,0
T17M,with_flanks,position17_containing,266,NetMHC,HLA-B*40:01,2,0,0,0
T17M,with_flanks,position17_containing,266,NetMHC,HLA-B*49:01,0.5,0,0,0
T17M,with_flanks,position17_containing,266,NetMHC,HLA-B*49:01,1,0,0,0
T17M,with_flanks,position17_containing,266,NetMHC,HLA-B*49:01,2,0,0,0
T17M,with_flanks,position17_containing,266,NetMHC,HLA-C*03:04,0.5,2,1,-1
T17M,with_flanks,position17_containing,266,NetMHC,HLA-C*03:04,1,2,2,0
T17M,with_flanks,position17_containing,266,NetMHC,HLA-C*03:04,2,3,4,1
T17M,with_flanks,position17_containing,266,NetMHC,HLA-C*07:01,0.5,0,0,0
T17M,with_flanks,position17_containing,266,NetMHC,HLA-C*07:01,1,0,0,0
T17M,with_flanks,position17_containing,266,NetMHC,HLA-C*07:01,2,1,1,0
T17M,with_flanks,position17_containing,266,MHCflurry,HLA-A*02:01,0.5,0,1,1
T17M,with_flanks,position17_containing,266,MHCflurry,HLA-A*02:01,1,2,2,0
T17M,with_flanks,position17_containing,266,MHCflurry,HLA-A*02:01,2,3,3,0
T17M,with_flanks,position17_containing,266,MHCflurry,HLA-A*24:02,0.5,0,0,0
T17M,with_flanks,position17_containing,266,MHCflurry,HLA-A*24:02,1,0,0,0
T17M,with_flanks,position17_containing,266,MHCflurry,HLA-A*24:02,2,1,1,0
T17M,with_flanks,position17_containing,266,MHCflurry,HLA-A*03:01,0.5,0,0,0
T17M,with_flanks,position17_containing,266,MHCflurry,HLA-A*03:01,1,0,1,1
T17M,with_flanks,position17_containing,266,MHCflurry,HLA-A*03:01,2,0,1,1
T17M,with_flanks,position17_containing,266,MHCflurry,HLA-B*40:01,0.5,0,0,0
T17M,with_flanks,position17_containing,266,MHCflurry,HLA-B*40:01,1,0,0,0
T17M,with_flanks,position17_containing,266,MHCflurry,HLA-B*40:01,2,0,0,0
T17M,with_flanks,position17_containing,266,MHCflurry,HLA-B*49:01,0.5,0,0,0
T17M,with_flanks,position17_containing,266,MHCflurry,HLA-B*49:01,1,0,0,0
T17M,with_flanks,position17_containing,266,MHCflurry,HLA-B*49:01,2,0,0,0
T17M,with_flanks,position17_containing,266,MHCflurry,HLA-C*03:04,0.5,2,1,-1
T17M,with_flanks,position17_containing,266,MHCflurry,HLA-C*03:04,1,2,2,0
T17M,with_flanks,position17_containing,266,MHCflurry,HLA-C*03:04,2,4,6,2
T17M,with_flanks,position17_containing,266,MHCflurry,HLA-C*07:01,0.5,0,0,0
T17M,with_flanks,position17_containing,266,MHCflurry,HLA-C*07:01,1,0,0,0
T17M,with_flanks,position17_containing,266,MHCflurry,HLA-C*07:01,2,1,0,-1
T17N,with_flanks,position17_containing,266,NetMHC,HLA-A*02:01,0.5,0,0,0
T17N,with_flanks,position17_containing,266,NetMHC,HLA-A*02:01,1,0,0,0
T17N,with_flanks,position17_containing,266,NetMHC,HLA-A*02:01,2,3,2,-1
T17N,with_flanks,position17_containing,266,NetMHC,HLA-A*24:02,0.5,0,0,0
T17N,with_flanks,position17_containing,266,NetMHC,HLA-A*24:02,1,0,0,0
T17N,with_flanks,position17_containing,266,NetMHC,HLA-A*24:02,2,0,0,0
T17N,with_flanks,position17_containing,266,NetMHC,HLA-A*03:01,0.5,0,0,0
T17N,with_flanks,position17_containing,266,NetMHC,HLA-A*03:01,1,0,0,0
T17N,with_flanks,position17_containing,266,NetMHC,HLA-A*03:01,2,0,1,1
T17N,with_flanks,position17_containing,266,NetMHC,HLA-B*40:01,0.5,0,0,0
T17N,with_flanks,position17_containing,266,NetMHC,HLA-B*40:01,1,0,0,0
T17N,with_flanks,position17_containing,266,NetMHC,HLA-B*40:01,2,0,0,0
T17N,with_flanks,position17_containing,266,NetMHC,HLA-B*49:01,0.5,0,0,0
T17N,with_flanks,position17_containing,266,NetMHC,HLA-B*49:01,1,0,0,0
T17N,with_flanks,position17_containing,266,NetMHC,HLA-B*49:01,2,0,0,0
T17N,with_flanks,position17_containing,266,NetMHC,HLA-C*03:04,0.5,2,1,-1
T17N,with_flanks,position17_containing,266,NetMHC,HLA-C*03:04,1,2,1,-1
T17N,with_flanks,position17_containing,266,NetMHC,HLA-C*03:04,2,3,2,-1
T17N,with_flanks,position17_containing,266,NetMHC,HLA-C*07:01,0.5,0,0,0
T17N,with_flanks,position17_containing,266,NetMHC,HLA-C*07:01,1,0,0,0
T17N,with_flanks,position17_containing,266,NetMHC,HLA-C*07:01,2,1,0,-1
T17N,with_flanks,position17_containing,266,MHCflurry,HLA-A*02:01,0.5,0,0,0
T17N,with_flanks,position17_containing,266,MHCflurry,HLA-A*02:01,1,2,0,-2
T17N,with_flanks,position17_containing,266,MHCflurry,HLA-A*02:01,2,3,1,-2
T17N,with_flanks,position17_containing,266,MHCflurry,HLA-A*24:02,0.5,0,0,0
T17N,with_flanks,position17_containing,266,MHCflurry,HLA-A*24:02,1,0,0,0
T17N,with_flanks,position17_containing,266,MHCflurry,HLA-A*24:02,2,1,0,-1
T17N,with_flanks,position17_containing,266,MHCflurry,HLA-A*03:01,0.5,0,0,0
T17N,with_flanks,position17_containing,266,MHCflurry,HLA-A*03:01,1,0,0,0
T17N,with_flanks,position17_containing,266,MHCflurry,HLA-A*03:01,2,0,1,1
T17N,with_flanks,position17_containing,266,MHCflurry,HLA-B*40:01,0.5,0,0,0
T17N,with_flanks,position17_containing,266,MHCflurry,HLA-B*40:01,1,0,0,0
T17N,with_flanks,position17_containing,266,MHCflurry,HLA-B*40:01,2,0,0,0
T17N,with_flanks,position17_containing,266,MHCflurry,HLA-B*49:01,0.5,0,0,0
T17N,with_flanks,position17_containing,266,MHCflurry,HLA-B*49:01,1,0,0,0
T17N,with_flanks,position17_containing,266,MHCflurry,HLA-B*49:01,2,0,0,0
T17N,with_flanks,position17_containing,266,MHCflurry,HLA-C*03:04,0.5,2,1,-1
T17N,with_flanks,position17_containing,266,MHCflurry,HLA-C*03:04,1,2,1,-1
T17N,with_flanks,position17_containing,266,MHCflurry,HLA-C*03:04,2,4,4,0
T17N,with_flanks,position17_containing,266,MHCflurry,HLA-C*07:01,0.5,0,0,0
T17N,with_flanks,position17_containing,266,MHCflurry,HLA-C*07:01,1,0,0,0
T17N,with_flanks,position17_containing,266,MHCflurry,HLA-C*07:01,2,1,0,-1
T17P,with_flanks,position17_containing,266,NetMHC,HLA-A*02:01,0.5,0,0,0
T17P,with_flanks,position17_containing,266,NetMHC,HLA-A*02:01,1,0,0,0
T17P,with_flanks,position17_containing,266,NetMHC,HLA-A*02:01,2,3,0,-3
T17P,with_flanks,position17_containing,266,NetMHC,HLA-A*24:02,0.5,0,0,0
T17P,with_flanks,position17_containing,266,NetMHC,HLA-A*24:02,1,0,0,0
T17P,with_flanks,position17_containing,266,NetMHC,HLA-A*24:02,2,0,0,0
T17P,with_flanks,position17_containing,266,NetMHC,HLA-A*03:01,0.5,0,0,0
T17P,with_flanks,position17_containing,266,NetMHC,HLA-A*03:01,1,0,0,0
T17P,with_flanks,position17_containing,266,NetMHC,HLA-A*03:01,2,0,0,0
T17P,with_flanks,position17_containing,266,NetMHC,HLA-B*40:01,0.5,0,0,0
T17P,with_flanks,position17_containing,266,NetMHC,HLA-B*40:01,1,0,0,0
T17P,with_flanks,position17_containing,266,NetMHC,HLA-B*40:01,2,0,1,1
T17P,with_flanks,position17_containing,266,NetMHC,HLA-B*49:01,0.5,0,0,0
T17P,with_flanks,position17_containing,266,NetMHC,HLA-B*49:01,1,0,0,0
T17P,with_flanks,position17_containing,266,NetMHC,HLA-B*49:01,2,0,0,0
T17P,with_flanks,position17_containing,266,NetMHC,HLA-C*03:04,0.5,2,0,-2
T17P,with_flanks,position17_containing,266,NetMHC,HLA-C*03:04,1,2,1,-1
T17P,with_flanks,position17_containing,266,NetMHC,HLA-C*03:04,2,3,2,-1
T17P,with_flanks,position17_containing,266,NetMHC,HLA-C*07:01,0.5,0,0,0
T17P,with_flanks,position17_containing,266,NetMHC,HLA-C*07:01,1,0,0,0
T17P,with_flanks,position17_containing,266,NetMHC,HLA-C*07:01,2,1,0,-1
T17P,with_flanks,position17_containing,266,MHCflurry,HLA-A*02:01,0.5,0,0,0
T17P,with_flanks,position17_containing,266,MHCflurry,HLA-A*02:01,1,2,1,-1
T17P,with_flanks,position17_containing,266,MHCflurry,HLA-A*02:01,2,3,3,0
T17P,with_flanks,position17_containing,266,MHCflurry,HLA-A*24:02,0.5,0,0,0
T17P,with_flanks,position17_containing,266,MHCflurry,HLA-A*24:02,1,0,0,0
T17P,with_flanks,position17_containing,266,MHCflurry,HLA-A*24:02,2,1,0,-1
T17P,with_flanks,position17_containing,266,MHCflurry,HLA-A*03:01,0.5,0,0,0
T17P,with_flanks,position17_containing,266,MHCflurry,HLA-A*03:01,1,0,0,0
T17P,with_flanks,position17_containing,266,MHCflurry,HLA-A*03:01,2,0,1,1
T17P,with_flanks,position17_containing,266,MHCflurry,HLA-B*40:01,0.5,0,0,0
T17P,with_flanks,position17_containing,266,MHCflurry,HLA-B*40:01,1,0,0,0
T17P,with_flanks,position17_containing,266,MHCflurry,HLA-B*40:01,2,0,0,0
T17P,with_flanks,position17_containing,266,MHCflurry,HLA-B*49:01,0.5,0,0,0
T17P,with_flanks,position17_containing,266,MHCflurry,HLA-B*49:01,1,0,0,0
T17P,with_flanks,position17_containing,266,MHCflurry,HLA-B*49:01,2,0,1,1
T17P,with_flanks,position17_containing,266,MHCflurry,HLA-C*03:04,0.5,2,0,-2
T17P,with_flanks,position17_containing,266,MHCflurry,HLA-C*03:04,1,2,2,0
T17P,with_flanks,position17_containing,266,MHCflurry,HLA-C*03:04,2,4,5,1
T17P,with_flanks,position17_containing,266,MHCflurry,HLA-C*07:01,0.5,0,0,0
T17P,with_flanks,position17_containing,266,MHCflurry,HLA-C*07:01,1,0,0,0
T17P,with_flanks,position17_containing,266,MHCflurry,HLA-C*07:01,2,1,1,0
T17Q,with_flanks,position17_containing,266,NetMHC,HLA-A*02:01,0.5,0,0,0
T17Q,with_flanks,position17_containing,266,NetMHC,HLA-A*02:01,1,0,0,0
T17Q,with_flanks,position17_containing,266,NetMHC,HLA-A*02:01,2,3,4,1
T17Q,with_flanks,position17_containing,266,NetMHC,HLA-A*24:02,0.5,0,0,0
T17Q,with_flanks,position17_containing,266,NetMHC,HLA-A*24:02,1,0,0,0
T17Q,with_flanks,position17_containing,266,NetMHC,HLA-A*24:02,2,0,1,1
T17Q,with_flanks,position17_containing,266,NetMHC,HLA-A*03:01,0.5,0,0,0
T17Q,with_flanks,position17_containing,266,NetMHC,HLA-A*03:01,1,0,0,0
T17Q,with_flanks,position17_containing,266,NetMHC,HLA-A*03:01,2,0,0,0
T17Q,with_flanks,position17_containing,266,NetMHC,HLA-B*40:01,0.5,0,0,0
T17Q,with_flanks,position17_containing,266,NetMHC,HLA-B*40:01,1,0,1,1
T17Q,with_flanks,position17_containing,266,NetMHC,HLA-B*40:01,2,0,1,1
T17Q,with_flanks,position17_containing,266,NetMHC,HLA-B*49:01,0.5,0,0,0
T17Q,with_flanks,position17_containing,266,NetMHC,HLA-B*49:01,1,0,1,1
T17Q,with_flanks,position17_containing,266,NetMHC,HLA-B*49:01,2,0,1,1
T17Q,with_flanks,position17_containing,266,NetMHC,HLA-C*03:04,0.5,2,0,-2
T17Q,with_flanks,position17_containing,266,NetMHC,HLA-C*03:04,1,2,2,0
T17Q,with_flanks,position17_containing,266,NetMHC,HLA-C*03:04,2,3,3,0
T17Q,with_flanks,position17_containing,266,NetMHC,HLA-C*07:01,0.5,0,0,0
T17Q,with_flanks,position17_containing,266,NetMHC,HLA-C*07:01,1,0,0,0
T17Q,with_flanks,position17_containing,266,NetMHC,HLA-C*07:01,2,1,1,0
T17Q,with_flanks,position17_containing,266,MHCflurry,HLA-A*02:01,0.5,0,1,1
T17Q,with_flanks,position17_containing,266,MHCflurry,HLA-A*02:01,1,2,2,0
T17Q,with_flanks,position17_containing,266,MHCflurry,HLA-A*02:01,2,3,3,0
T17Q,with_flanks,position17_containing,266,MHCflurry,HLA-A*24:02,0.5,0,0,0
T17Q,with_flanks,position17_containing,266,MHCflurry,HLA-A*24:02,1,0,0,0
T17Q,with_flanks,position17_containing,266,MHCflurry,HLA-A*24:02,2,1,1,0
T17Q,with_flanks,position17_containing,266,MHCflurry,HLA-A*03:01,0.5,0,0,0
T17Q,with_flanks,position17_containing,266,MHCflurry,HLA-A*03:01,1,0,0,0
T17Q,with_flanks,position17_containing,266,MHCflurry,HLA-A*03:01,2,0,1,1
T17Q,with_flanks,position17_containing,266,MHCflurry,HLA-B*40:01,0.5,0,0,0
T17Q,with_flanks,position17_containing,266,MHCflurry,HLA-B*40:01,1,0,0,0
T17Q,with_flanks,position17_containing,266,MHCflurry,HLA-B*40:01,2,0,0,0
T17Q,with_flanks,position17_containing,266,MHCflurry,HLA-B*49:01,0.5,0,0,0
T17Q,with_flanks,position17_containing,266,MHCflurry,HLA-B*49:01,1,0,1,1
T17Q,with_flanks,position17_containing,266,MHCflurry,HLA-B*49:01,2,0,1,1
T17Q,with_flanks,position17_containing,266,MHCflurry,HLA-C*03:04,0.5,2,1,-1
T17Q,with_flanks,position17_containing,266,MHCflurry,HLA-C*03:04,1,2,2,0
T17Q,with_flanks,position17_containing,266,MHCflurry,HLA-C*03:04,2,4,4,0
T17Q,with_flanks,position17_containing,266,MHCflurry,HLA-C*07:01,0.5,0,0,0
T17Q,with_flanks,position17_containing,266,MHCflurry,HLA-C*07:01,1,0,0,0
T17Q,with_flanks,position17_containing,266,MHCflurry,HLA-C*07:01,2,1,1,0
T17R,with_flanks,position17_containing,266,NetMHC,HLA-A*02:01,0.5,0,0,0
T17R,with_flanks,position17_containing,266,NetMHC,HLA-A*02:01,1,0,0,0
T17R,with_flanks,position17_containing,266,NetMHC,HLA-A*02:01,2,3,2,-1
T17R,with_flanks,position17_containing,266,NetMHC,HLA-A*24:02,0.5,0,0,0
T17R,with_flanks,position17_containing,266,NetMHC,HLA-A*24:02,1,0,0,0
T17R,with_flanks,position17_containing,266,NetMHC,HLA-A*24:02,2,0,0,0
T17R,with_flanks,position17_containing,266,NetMHC,HLA-A*03:01,0.5,0,0,0
T17R,with_flanks,position17_containing,266,NetMHC,HLA-A*03:01,1,0,0,0
T17R,with_flanks,position17_containing,266,NetMHC,HLA-A*03:01,2,0,1,1
T17R,with_flanks,position17_containing,266,NetMHC,HLA-B*40:01,0.5,0,0,0
T17R,with_flanks,position17_containing,266,NetMHC,HLA-B*40:01,1,0,0,0
T17R,with_flanks,position17_containing,266,NetMHC,HLA-B*40:01,2,0,0,0
T17R,with_flanks,position17_containing,266,NetMHC,HLA-B*49:01,0.5,0,0,0
T17R,with_flanks,position17_containing,266,NetMHC,HLA-B*49:01,1,0,0,0
T17R,with_flanks,position17_containing,266,NetMHC,HLA-B*49:01,2,0,0,0
T17R,with_flanks,position17_containing,266,NetMHC,HLA-C*03:04,0.5,2,1,-1
T17R,with_flanks,position17_containing,266,NetMHC,HLA-C*03:04,1,2,1,-1
T17R,with_flanks,position17_containing,266,NetMHC,HLA-C*03:04,2,3,2,-1
T17R,with_flanks,position17_containing,266,NetMHC,HLA-C*07:01,0.5,0,1,1
T17R,with_flanks,position17_containing,266,NetMHC,HLA-C*07:01,1,0,1,1
T17R,with_flanks,position17_containing,266,NetMHC,HLA-C*07:01,2,1,2,1
T17R,with_flanks,position17_containing,266,MHCflurry,HLA-A*02:01,0.5,0,0,0
T17R,with_flanks,position17_containing,266,MHCflurry,HLA-A*02:01,1,2,0,-2
T17R,with_flanks,position17_containing,266,MHCflurry,HLA-A*02:01,2,3,1,-2
T17R,with_flanks,position17_containing,266,MHCflurry,HLA-A*24:02,0.5,0,0,0
T17R,with_flanks,position17_containing,266,MHCflurry,HLA-A*24:02,1,0,0,0
T17R,with_flanks,position17_containing,266,MHCflurry,HLA-A*24:02,2,1,0,-1
T17R,with_flanks,position17_containing,266,MHCflurry,HLA-A*03:01,0.5,0,0,0
T17R,with_flanks,position17_containing,266,MHCflurry,HLA-A*03:01,1,0,1,1
T17R,with_flanks,position17_containing,266,MHCflurry,HLA-A*03:01,2,0,1,1
T17R,with_flanks,position17_containing,266,MHCflurry,HLA-B*40:01,0.5,0,0,0
T17R,with_flanks,position17_containing,266,MHCflurry,HLA-B*40:01,1,0,0,0
T17R,with_flanks,position17_containing,266,MHCflurry,HLA-B*40:01,2,0,0,0
T17R,with_flanks,position17_containing,266,MHCflurry,HLA-B*49:01,0.5,0,0,0
T17R,with_flanks,position17_containing,266,MHCflurry,HLA-B*49:01,1,0,0,0
T17R,with_flanks,position17_containing,266,MHCflurry,HLA-B*49:01,2,0,0,0
T17R,with_flanks,position17_containing,266,MHCflurry,HLA-C*03:04,0.5,2,1,-1
T17R,with_flanks,position17_containing,266,MHCflurry,HLA-C*03:04,1,2,1,-1
T17R,with_flanks,position17_containing,266,MHCflurry,HLA-C*03:04,2,4,2,-2
T17R,with_flanks,position17_containing,266,MHCflurry,HLA-C*07:01,0.5,0,1,1
T17R,with_flanks,position17_containing,266,MHCflurry,HLA-C*07:01,1,0,2,2
T17R,with_flanks,position17_containing,266,MHCflurry,HLA-C*07:01,2,1,2,1
T17S,with_flanks,position17_containing,266,NetMHC,HLA-A*02:01,0.5,0,0,0
T17S,with_flanks,position17_containing,266,NetMHC,HLA-A*02:01,1,0,0,0
T17S,with_flanks,position17_containing,266,NetMHC,HLA-A*02:01,2,3,2,-1
T17S,with_flanks,position17_containing,266,NetMHC,HLA-A*24:02,0.5,0,0,0
T17S,with_flanks,position17_containing,266,NetMHC,HLA-A*24:02,1,0,0,0
T17S,with_flanks,position17_containing,266,NetMHC,HLA-A*24:02,2,0,0,0
T17S,with_flanks,position17_containing,266,NetMHC,HLA-A*03:01,0.5,0,0,0
T17S,with_flanks,position17_containing,266,NetMHC,HLA-A*03:01,1,0,0,0
T17S,with_flanks,position17_containing,266,NetMHC,HLA-A*03:01,2,0,1,1
T17S,with_flanks,position17_containing,266,NetMHC,HLA-B*40:01,0.5,0,0,0
T17S,with_flanks,position17_containing,266,NetMHC,HLA-B*40:01,1,0,0,0
T17S,with_flanks,position17_containing,266,NetMHC,HLA-B*40:01,2,0,0,0
T17S,with_flanks,position17_containing,266,NetMHC,HLA-B*49:01,0.5,0,0,0
T17S,with_flanks,position17_containing,266,NetMHC,HLA-B*49:01,1,0,0,0
T17S,with_flanks,position17_containing,266,NetMHC,HLA-B*49:01,2,0,0,0
T17S,with_flanks,position17_containing,266,NetMHC,HLA-C*03:04,0.5,2,2,0
T17S,with_flanks,position17_containing,266,NetMHC,HLA-C*03:04,1,2,2,0
T17S,with_flanks,position17_containing,266,NetMHC,HLA-C*03:04,2,3,4,1
T17S,with_flanks,position17_containing,266,NetMHC,HLA-C*07:01,0.5,0,0,0
T17S,with_flanks,position17_containing,266,NetMHC,HLA-C*07:01,1,0,0,0
T17S,with_flanks,position17_containing,266,NetMHC,HLA-C*07:01,2,1,1,0
T17S,with_flanks,position17_containing,266,MHCflurry,HLA-A*02:01,0.5,0,0,0
T17S,with_flanks,position17_containing,266,MHCflurry,HLA-A*02:01,1,2,1,-1
T17S,with_flanks,position17_containing,266,MHCflurry,HLA-A*02:01,2,3,3,0
T17S,with_flanks,position17_containing,266,MHCflurry,HLA-A*24:02,0.5,0,0,0
T17S,with_flanks,position17_containing,266,MHCflurry,HLA-A*24:02,1,0,0,0
T17S,with_flanks,position17_containing,266,MHCflurry,HLA-A*24:02,2,1,0,-1
T17S,with_flanks,position17_containing,266,MHCflurry,HLA-A*03:01,0.5,0,0,0
T17S,with_flanks,position17_containing,266,MHCflurry,HLA-A*03:01,1,0,0,0
T17S,with_flanks,position17_containing,266,MHCflurry,HLA-A*03:01,2,0,1,1
T17S,with_flanks,position17_containing,266,MHCflurry,HLA-B*40:01,0.5,0,0,0
T17S,with_flanks,position17_containing,266,MHCflurry,HLA-B*40:01,1,0,0,0
T17S,with_flanks,position17_containing,266,MHCflurry,HLA-B*40:01,2,0,0,0
T17S,with_flanks,position17_containing,266,MHCflurry,HLA-B*49:01,0.5,0,0,0
T17S,with_flanks,position17_containing,266,MHCflurry,HLA-B*49:01,1,0,0,0
T17S,with_flanks,position17_containing,266,MHCflurry,HLA-B*49:01,2,0,0,0
T17S,with_flanks,position17_containing,266,MHCflurry,HLA-C*03:04,0.5,2,2,0
T17S,with_flanks,position17_containing,266,MHCflurry,HLA-C*03:04,1,2,2,0
T17S,with_flanks,position17_containing,266,MHCflurry,HLA-C*03:04,2,4,3,-1
T17S,with_flanks,position17_containing,266,MHCflurry,HLA-C*07:01,0.5,0,0,0
T17S,with_flanks,position17_containing,266,MHCflurry,HLA-C*07:01,1,0,0,0
T17S,with_flanks,position17_containing,266,MHCflurry,HLA-C*07:01,2,1,2,1
T17T,with_flanks,position17_containing,266,NetMHC,HLA-A*02:01,0.5,0,0,0
T17T,with_flanks,position17_containing,266,NetMHC,HLA-A*02:01,1,0,0,0
T17T,with_flanks,position17_containing,266,NetMHC,HLA-A*02:01,2,3,3,0
T17T,with_flanks,position17_containing,266,NetMHC,HLA-A*24:02,0.5,0,0,0
T17T,with_flanks,position17_containing,266,NetMHC,HLA-A*24:02,1,0,0,0
T17T,with_flanks,position17_containing,266,NetMHC,HLA-A*24:02,2,0,0,0
T17T,with_flanks,position17_containing,266,NetMHC,HLA-A*03:01,0.5,0,0,0
T17T,with_flanks,position17_containing,266,NetMHC,HLA-A*03:01,1,0,0,0
T17T,with_flanks,position17_containing,266,NetMHC,HLA-A*03:01,2,0,0,0
T17T,with_flanks,position17_containing,266,NetMHC,HLA-B*40:01,0.5,0,0,0
T17T,with_flanks,position17_containing,266,NetMHC,HLA-B*40:01,1,0,0,0
T17T,with_flanks,position17_containing,266,NetMHC,HLA-B*40:01,2,0,0,0
T17T,with_flanks,position17_containing,266,NetMHC,HLA-B*49:01,0.5,0,0,0
T17T,with_flanks,position17_containing,266,NetMHC,HLA-B*49:01,1,0,0,0
T17T,with_flanks,position17_containing,266,NetMHC,HLA-B*49:01,2,0,0,0
T17T,with_flanks,position17_containing,266,NetMHC,HLA-C*03:04,0.5,2,2,0
T17T,with_flanks,position17_containing,266,NetMHC,HLA-C*03:04,1,2,2,0
T17T,with_flanks,position17_containing,266,NetMHC,HLA-C*03:04,2,3,3,0
T17T,with_flanks,position17_containing,266,NetMHC,HLA-C*07:01,0.5,0,0,0
T17T,with_flanks,position17_containing,266,NetMHC,HLA-C*07:01,1,0,0,0
T17T,with_flanks,position17_containing,266,NetMHC,HLA-C*07:01,2,1,1,0
T17T,with_flanks,position17_containing,266,MHCflurry,HLA-A*02:01,0.5,0,0,0
T17T,with_flanks,position17_containing,266,MHCflurry,HLA-A*02:01,1,2,2,0
T17T,with_flanks,position17_containing,266,MHCflurry,HLA-A*02:01,2,3,3,0
T17T,with_flanks,position17_containing,266,MHCflurry,HLA-A*24:02,0.5,0,0,0
T17T,with_flanks,position17_containing,266,MHCflurry,HLA-A*24:02,1,0,0,0
T17T,with_flanks,position17_containing,266,MHCflurry,HLA-A*24:02,2,1,1,0
T17T,with_flanks,position17_containing,266,MHCflurry,HLA-A*03:01,0.5,0,0,0
T17T,with_flanks,position17_containing,266,MHCflurry,HLA-A*03:01,1,0,0,0
T17T,with_flanks,position17_containing,266,MHCflurry,HLA-A*03:01,2,0,0,0
T17T,with_flanks,position17_containing,266,MHCflurry,HLA-B*40:01,0.5,0,0,0
T17T,with_flanks,position17_containing,266,MHCflurry,HLA-B*40:01,1,0,0,0
T17T,with_flanks,position17_containing,266,MHCflurry,HLA-B*40:01,2,0,0,0
T17T,with_flanks,position17_containing,266,MHCflurry,HLA-B*49:01,0.5,0,0,0
T17T,with_flanks,position17_containing,266,MHCflurry,HLA-B*49:01,1,0,0,0
T17T,with_flanks,position17_containing,266,MHCflurry,HLA-B*49:01,2,0,0,0
T17T,with_flanks,position17_containing,266,MHCflurry,HLA-C*03:04,0.5,2,2,0
T17T,with_flanks,position17_containing,266,MHCflurry,HLA-C*03:04,1,2,2,0
T17T,with_flanks,position17_containing,266,MHCflurry,HLA-C*03:04,2,4,4,0
T17T,with_flanks,position17_containing,266,MHCflurry,HLA-C*07:01,0.5,0,0,0
T17T,with_flanks,position17_containing,266,MHCflurry,HLA-C*07:01,1,0,0,0
T17T,with_flanks,position17_containing,266,MHCflurry,HLA-C*07:01,2,1,1,0
T17V,with_flanks,position17_containing,266,NetMHC,HLA-A*02:01,0.5,0,0,0
T17V,with_flanks,position17_containing,266,NetMHC,HLA-A*02:01,1,0,0,0
T17V,with_flanks,position17_containing,266,NetMHC,HLA-A*02:01,2,3,2,-1
T17V,with_flanks,position17_containing,266,NetMHC,HLA-A*24:02,0.5,0,0,0
T17V,with_flanks,position17_containing,266,NetMHC,HLA-A*24:02,1,0,0,0
T17V,with_flanks,position17_containing,266,NetMHC,HLA-A*24:02,2,0,0,0
T17V,with_flanks,position17_containing,266,NetMHC,HLA-A*03:01,0.5,0,0,0
T17V,with_flanks,position17_containing,266,NetMHC,HLA-A*03:01,1,0,0,0
T17V,with_flanks,position17_containing,266,NetMHC,HLA-A*03:01,2,0,0,0
T17V,with_flanks,position17_containing,266,NetMHC,HLA-B*40:01,0.5,0,0,0
T17V,with_flanks,position17_containing,266,NetMHC,HLA-B*40:01,1,0,0,0
T17V,with_flanks,position17_containing,266,NetMHC,HLA-B*40:01,2,0,0,0
T17V,with_flanks,position17_containing,266,NetMHC,HLA-B*49:01,0.5,0,0,0
T17V,with_flanks,position17_containing,266,NetMHC,HLA-B*49:01,1,0,0,0
T17V,with_flanks,position17_containing,266,NetMHC,HLA-B*49:01,2,0,0,0
T17V,with_flanks,position17_containing,266,NetMHC,HLA-C*03:04,0.5,2,2,0
T17V,with_flanks,position17_containing,266,NetMHC,HLA-C*03:04,1,2,2,0
T17V,with_flanks,position17_containing,266,NetMHC,HLA-C*03:04,2,3,4,1
T17V,with_flanks,position17_containing,266,NetMHC,HLA-C*07:01,0.5,0,0,0
T17V,with_flanks,position17_containing,266,NetMHC,HLA-C*07:01,1,0,0,0
T17V,with_flanks,position17_containing,266,NetMHC,HLA-C*07:01,2,1,1,0
T17V,with_flanks,position17_containing,266,MHCflurry,HLA-A*02:01,0.5,0,1,1
T17V,with_flanks,position17_containing,266,MHCflurry,HLA-A*02:01,1,2,2,0
T17V,with_flanks,position17_containing,266,MHCflurry,HLA-A*02:01,2,3,5,2
T17V,with_flanks,position17_containing,266,MHCflurry,HLA-A*24:02,0.5,0,0,0
T17V,with_flanks,position17_containing,266,MHCflurry,HLA-A*24:02,1,0,0,0
T17V,with_flanks,position17_containing,266,MHCflurry,HLA-A*24:02,2,1,0,-1
T17V,with_flanks,position17_containing,266,MHCflurry,HLA-A*03:01,0.5,0,0,0
T17V,with_flanks,position17_containing,266,MHCflurry,HLA-A*03:01,1,0,0,0
T17V,with_flanks,position17_containing,266,MHCflurry,HLA-A*03:01,2,0,1,1
T17V,with_flanks,position17_containing,266,MHCflurry,HLA-B*40:01,0.5,0,0,0
T17V,with_flanks,position17_containing,266,MHCflurry,HLA-B*40:01,1,0,0,0
T17V,with_flanks,position17_containing,266,MHCflurry,HLA-B*40:01,2,0,0,0
T17V,with_flanks,position17_containing,266,MHCflurry,HLA-B*49:01,0.5,0,0,0
T17V,with_flanks,position17_containing,266,MHCflurry,HLA-B*49:01,1,0,0,0
T17V,with_flanks,position17_containing,266,MHCflurry,HLA-B*49:01,2,0,0,0
T17V,with_flanks,position17_containing,266,MHCflurry,HLA-C*03:04,0.5,2,2,0
T17V,with_flanks,position17_containing,266,MHCflurry,HLA-C*03:04,1,2,2,0
T17V,with_flanks,position17_containing,266,MHCflurry,HLA-C*03:04,2,4,5,1
T17V,with_flanks,position17_containing,266,MHCflurry,HLA-C*07:01,0.5,0,0,0
T17V,with_flanks,position17_containing,266,MHCflurry,HLA-C*07:01,1,0,0,0
T17V,with_flanks,position17_containing,266,MHCflurry,HLA-C*07:01,2,1,1,0
T17W,with_flanks,position17_containing,266,NetMHC,HLA-A*02:01,0.5,0,0,0
T17W,with_flanks,position17_containing,266,NetMHC,HLA-A*02:01,1,0,0,0
T17W,with_flanks,position17_containing,266,NetMHC,HLA-A*02:01,2,3,0,-3
T17W,with_flanks,position17_containing,266,NetMHC,HLA-A*24:02,0.5,0,1,1
T17W,with_flanks,position17_containing,266,NetMHC,HLA-A*24:02,1,0,1,1
T17W,with_flanks,position17_containing,266,NetMHC,HLA-A*24:02,2,0,2,2
T17W,with_flanks,position17_containing,266,NetMHC,HLA-A*03:01,0.5,0,0,0
T17W,with_flanks,position17_containing,266,NetMHC,HLA-A*03:01,1,0,0,0
T17W,with_flanks,position17_containing,266,NetMHC,HLA-A*03:01,2,0,1,1
T17W,with_flanks,position17_containing,266,NetMHC,HLA-B*40:01,0.5,0,0,0
T17W,with_flanks,position17_containing,266,NetMHC,HLA-B*40:01,1,0,0,0
T17W,with_flanks,position17_containing,266,NetMHC,HLA-B*40:01,2,0,0,0
T17W,with_flanks,position17_containing,266,NetMHC,HLA-B*49:01,0.5,0,0,0
T17W,with_flanks,position17_containing,266,NetMHC,HLA-B*49:01,1,0,0,0
T17W,with_flanks,position17_containing,266,NetMHC,HLA-B*49:01,2,0,0,0
T17W,with_flanks,position17_containing,266,NetMHC,HLA-C*03:04,0.5,2,1,-1
T17W,with_flanks,position17_containing,266,NetMHC,HLA-C*03:04,1,2,1,-1
T17W,with_flanks,position17_containing,266,NetMHC,HLA-C*03:04,2,3,1,-2
T17W,with_flanks,position17_containing,266,NetMHC,HLA-C*07:01,0.5,0,0,0
T17W,with_flanks,position17_containing,266,NetMHC,HLA-C*07:01,1,0,0,0
T17W,with_flanks,position17_containing,266,NetMHC,HLA-C*07:01,2,1,0,-1
T17W,with_flanks,position17_containing,266,MHCflurry,HLA-A*02:01,0.5,0,0,0
T17W,with_flanks,position17_containing,266,MHCflurry,HLA-A*02:01,1,2,0,-2
T17W,with_flanks,position17_containing,266,MHCflurry,HLA-A*02:01,2,3,2,-1
T17W,with_flanks,position17_containing,266,MHCflurry,HLA-A*24:02,0.5,0,1,1
T17W,with_flanks,position17_containing,266,MHCflurry,HLA-A*24:02,1,0,1,1
T17W,with_flanks,position17_containing,266,MHCflurry,HLA-A*24:02,2,1,1,0
T17W,with_flanks,position17_containing,266,MHCflurry,HLA-A*03:01,0.5,0,0,0
T17W,with_flanks,position17_containing,266,MHCflurry,HLA-A*03:01,1,0,1,1
T17W,with_flanks,position17_containing,266,MHCflurry,HLA-A*03:01,2,0,1,1
T17W,with_flanks,position17_containing,266,MHCflurry,HLA-B*40:01,0.5,0,0,0
T17W,with_flanks,position17_containing,266,MHCflurry,HLA-B*40:01,1,0,0,0
T17W,with_flanks,position17_containing,266,MHCflurry,HLA-B*40:01,2,0,0,0
T17W,with_flanks,position17_containing,266,MHCflurry,HLA-B*49:01,0.5,0,0,0
T17W,with_flanks,position17_containing,266,MHCflurry,HLA-B*49:01,1,0,0,0
T17W,with_flanks,position17_containing,266,MHCflurry,HLA-B*49:01,2,0,0,0
T17W,with_flanks,position17_containing,266,MHCflurry,HLA-C*03:04,0.5,2,0,-2
T17W,with_flanks,position17_containing,266,MHCflurry,HLA-C*03:04,1,2,1,-1
T17W,with_flanks,position17_containing,266,MHCflurry,HLA-C*03:04,2,4,1,-3
T17W,with_flanks,position17_containing,266,MHCflurry,HLA-C*07:01,0.5,0,0,0
T17W,with_flanks,position17_containing,266,MHCflurry,HLA-C*07:01,1,0,0,0
T17W,with_flanks,position17_containing,266,MHCflurry,HLA-C*07:01,2,1,0,-1
T17Y,with_flanks,position17_containing,266,NetMHC,HLA-A*02:01,0.5,0,0,0
T17Y,with_flanks,position17_containing,266,NetMHC,HLA-A*02:01,1,0,0,0
T17Y,with_flanks,position17_containing,266,NetMHC,HLA-A*02:01,2,3,3,0
T17Y,with_flanks,position17_containing,266,NetMHC,HLA-A*24:02,0.5,0,2,2
T17Y,with_flanks,position17_containing,266,NetMHC,HLA-A*24:02,1,0,3,3
T17Y,with_flanks,position17_containing,266,NetMHC,HLA-A*24:02,2,0,5,5
T17Y,with_flanks,position17_containing,266,NetMHC,HLA-A*03:01,0.5,0,0,0
T17Y,with_flanks,position17_containing,266,NetMHC,HLA-A*03:01,1,0,1,1
T17Y,with_flanks,position17_containing,266,NetMHC,HLA-A*03:01,2,0,2,2
T17Y,with_flanks,position17_containing,266,NetMHC,HLA-B*40:01,0.5,0,0,0
T17Y,with_flanks,position17_containing,266,NetMHC,HLA-B*40:01,1,0,0,0
T17Y,with_flanks,position17_containing,266,NetMHC,HLA-B*40:01,2,0,0,0
T17Y,with_flanks,position17_containing,266,NetMHC,HLA-B*49:01,0.5,0,0,0
T17Y,with_flanks,position17_containing,266,NetMHC,HLA-B*49:01,1,0,0,0
T17Y,with_flanks,position17_containing,266,NetMHC,HLA-B*49:01,2,0,0,0
T17Y,with_flanks,position17_containing,266,NetMHC,HLA-C*03:04,0.5,2,1,-1
T17Y,with_flanks,position17_containing,266,NetMHC,HLA-C*03:04,1,2,2,0
T17Y,with_flanks,position17_containing,266,NetMHC,HLA-C*03:04,2,3,3,0
T17Y,with_flanks,position17_containing,266,NetMHC,HLA-C*07:01,0.5,0,1,1
T17Y,with_flanks,position17_containing,266,NetMHC,HLA-C*07:01,1,0,1,1
T17Y,with_flanks,position17_containing,266,NetMHC,HLA-C*07:01,2,1,2,1
T17Y,with_flanks,position17_containing,266,MHCflurry,HLA-A*02:01,0.5,0,0,0
T17Y,with_flanks,position17_containing,266,MHCflurry,HLA-A*02:01,1,2,1,-1
T17Y,with_flanks,position17_containing,266,MHCflurry,HLA-A*02:01,2,3,4,1
T17Y,with_flanks,position17_containing,266,MHCflurry,HLA-A*24:02,0.5,0,1,1
T17Y,with_flanks,position17_containing,266,MHCflurry,HLA-A*24:02,1,0,1,1
T17Y,with_flanks,position17_containing,266,MHCflurry,HLA-A*24:02,2,1,1,0
T17Y,with_flanks,position17_containing,266,MHCflurry,HLA-A*03:01,0.5,0,1,1
T17Y,with_flanks,position17_containing,266,MHCflurry,HLA-A*03:01,1,0,1,1
T17Y,with_flanks,position17_containing,266,MHCflurry,HLA-A*03:01,2,0,1,1
T17Y,with_flanks,position17_containing,266,MHCflurry,HLA-B*40:01,0.5,0,0,0
T17Y,with_flanks,position17_containing,266,MHCflurry,HLA-B*40:01,1,0,0,0
T17Y,with_flanks,position17_containing,266,MHCflurry,HLA-B*40:01,2,0,0,0
T17Y,with_flanks,position17_containing,266,MHCflurry,HLA-B*49:01,0.5,0,0,0
T17Y,with_flanks,position17_containing,266,MHCflurry,HLA-B*49:01,1,0,0,0
T17Y,with_flanks,position17_containing,266,MHCflurry,HLA-B*49:01,2,0,0,0
T17Y,with_flanks,position17_containing,266,MHCflurry,HLA-C*03:04,0.5,2,1,-1
T17Y,with_flanks,position17_containing,266,MHCflurry,HLA-C*03:04,1,2,1,-1
T17Y,with_flanks,position17_containing,266,MHCflurry,HLA-C*03:04,2,4,4,0
T17Y,with_flanks,position17_containing,266,MHCflurry,HLA-C*07:01,0.5,0,0,0
T17Y,with_flanks,position17_containing,266,MHCflurry,HLA-C*07:01,1,0,2,2
T17Y,with_flanks,position17_containing,266,MHCflurry,HLA-C*07:01,2,1,2,1
T17A,with_flanks,position17_core_or_flank,546,NetMHC,HLA-A*02:01,0.5,0,0,0
T17A,with_flanks,position17_core_or_flank,546,NetMHC,HLA-A*02:01,1,0,0,0
T17A,with_flanks,position17_core_or_flank,546,NetMHC,HLA-A*02:01,2,4,1,-3
T17A,with_flanks,position17_core_or_flank,546,NetMHC,HLA-A*24:02,0.5,0,0,0
T17A,with_flanks,position17_core_or_flank,546,NetMHC,HLA-A*24:02,1,0,0,0
T17A,with_flanks,position17_core_or_flank,546,NetMHC,HLA-A*24:02,2,0,0,0
T17A,with_flanks,position17_core_or_flank,546,NetMHC,HLA-A*03:01,0.5,0,0,0
T17A,with_flanks,position17_core_or_flank,546,NetMHC,HLA-A*03:01,1,0,0,0
T17A,with_flanks,position17_core_or_flank,546,NetMHC,HLA-A*03:01,2,0,1,1
T17A,with_flanks,position17_core_or_flank,546,NetMHC,HLA-B*40:01,0.5,0,0,0
T17A,with_flanks,position17_core_or_flank,546,NetMHC,HLA-B*40:01,1,0,0,0
T17A,with_flanks,position17_core_or_flank,546,NetMHC,HLA-B*40:01,2,1,1,0
T17A,with_flanks,position17_core_or_flank,546,NetMHC,HLA-B*49:01,0.5,0,0,0
T17A,with_flanks,position17_core_or_flank,546,NetMHC,HLA-B*49:01,1,0,0,0
T17A,with_flanks,position17_core_or_flank,546,NetMHC,HLA-B*49:01,2,0,0,0
T17A,with_flanks,position17_core_or_flank,546,NetMHC,HLA-C*03:04,0.5,2,2,0
T17A,with_flanks,position17_core_or_flank,546,NetMHC,HLA-C*03:04,1,2,2,0
T17A,with_flanks,position17_core_or_flank,546,NetMHC,HLA-C*03:04,2,4,4,0
T17A,with_flanks,position17_core_or_flank,546,NetMHC,HLA-C*07:01,0.5,0,0,0
T17A,with_flanks,position17_core_or_flank,546,NetMHC,HLA-C*07:01,1,0,0,0
T17A,with_flanks,position17_core_or_flank,546,NetMHC,HLA-C*07:01,2,1,1,0
T17A,with_flanks,position17_core_or_flank,546,MHCflurry,HLA-A*02:01,0.5,0,0,0
T17A,with_flanks,position17_core_or_flank,546,MHCflurry,HLA-A*02:01,1,3,2,-1
T17A,with_flanks,position17_core_or_flank,546,MHCflurry,HLA-A*02:01,2,5,7,2
T17A,with_flanks,position17_core_or_flank,546,MHCflurry,HLA-A*24:02,0.5,0,0,0
T17A,with_flanks,position17_core_or_flank,546,MHCflurry,HLA-A*24:02,1,0,0,0
T17A,with_flanks,position17_core_or_flank,546,MHCflurry,HLA-A*24:02,2,1,1,0
T17A,with_flanks,position17_core_or_flank,546,MHCflurry,HLA-A*03:01,0.5,0,0,0
T17A,with_flanks,position17_core_or_flank,546,MHCflurry,HLA-A*03:01,1,0,0,0
T17A,with_flanks,position17_core_or_flank,546,MHCflurry,HLA-A*03:01,2,0,1,1
T17A,with_flanks,position17_core_or_flank,546,MHCflurry,HLA-B*40:01,0.5,0,0,0
T17A,with_flanks,position17_core_or_flank,546,MHCflurry,HLA-B*40:01,1,0,0,0
T17A,with_flanks,position17_core_or_flank,546,MHCflurry,HLA-B*40:01,2,0,0,0
T17A,with_flanks,position17_core_or_flank,546,MHCflurry,HLA-B*49:01,0.5,0,0,0
T17A,with_flanks,position17_core_or_flank,546,MHCflurry,HLA-B*49:01,1,0,0,0
T17A,with_flanks,position17_core_or_flank,546,MHCflurry,HLA-B*49:01,2,0,0,0
T17A,with_flanks,position17_core_or_flank,546,MHCflurry,HLA-C*03:04,0.5,2,2,0
T17A,with_flanks,position17_core_or_flank,546,MHCflurry,HLA-C*03:04,1,2,2,0
T17A,with_flanks,position17_core_or_flank,546,MHCflurry,HLA-C*03:04,2,5,6,1
T17A,with_flanks,position17_core_or_flank,546,MHCflurry,HLA-C*07:01,0.5,0,0,0
T17A,with_flanks,position17_core_or_flank,546,MHCflurry,HLA-C*07:01,1,0,0,0
T17A,with_flanks,position17_core_or_flank,546,MHCflurry,HLA-C*07:01,2,1,2,1
T17C,with_flanks,position17_core_or_flank,546,NetMHC,HLA-A*02:01,0.5,0,0,0
T17C,with_flanks,position17_core_or_flank,546,NetMHC,HLA-A*02:01,1,0,0,0
T17C,with_flanks,position17_core_or_flank,546,NetMHC,HLA-A*02:01,2,4,1,-3
T17C,with_flanks,position17_core_or_flank,546,NetMHC,HLA-A*24:02,0.5,0,0,0
T17C,with_flanks,position17_core_or_flank,546,NetMHC,HLA-A*24:02,1,0,0,0
T17C,with_flanks,position17_core_or_flank,546,NetMHC,HLA-A*24:02,2,0,0,0
T17C,with_flanks,position17_core_or_flank,546,NetMHC,HLA-A*03:01,0.5,0,0,0
T17C,with_flanks,position17_core_or_flank,546,NetMHC,HLA-A*03:01,1,0,0,0
T17C,with_flanks,position17_core_or_flank,546,NetMHC,HLA-A*03:01,2,0,0,0
T17C,with_flanks,position17_core_or_flank,546,NetMHC,HLA-B*40:01,0.5,0,0,0
T17C,with_flanks,position17_core_or_flank,546,NetMHC,HLA-B*40:01,1,0,0,0
T17C,with_flanks,position17_core_or_flank,546,NetMHC,HLA-B*40:01,2,1,1,0
T17C,with_flanks,position17_core_or_flank,546,NetMHC,HLA-B*49:01,0.5,0,0,0
T17C,with_flanks,position17_core_or_flank,546,NetMHC,HLA-B*49:01,1,0,0,0
T17C,with_flanks,position17_core_or_flank,546,NetMHC,HLA-B*49:01,2,0,0,0
T17C,with_flanks,position17_core_or_flank,546,NetMHC,HLA-C*03:04,0.5,2,0,-2
T17C,with_flanks,position17_core_or_flank,546,NetMHC,HLA-C*03:04,1,2,1,-1
T17C,with_flanks,position17_core_or_flank,546,NetMHC,HLA-C*03:04,2,4,3,-1
T17C,with_flanks,position17_core_or_flank,546,NetMHC,HLA-C*07:01,0.5,0,0,0
T17C,with_flanks,position17_core_or_flank,546,NetMHC,HLA-C*07:01,1,0,0,0
T17C,with_flanks,position17_core_or_flank,546,NetMHC,HLA-C*07:01,2,1,0,-1
T17C,with_flanks,position17_core_or_flank,546,MHCflurry,HLA-A*02:01,0.5,0,0,0
T17C,with_flanks,position17_core_or_flank,546,MHCflurry,HLA-A*02:01,1,3,1,-2
T17C,with_flanks,position17_core_or_flank,546,MHCflurry,HLA-A*02:01,2,5,3,-2
T17C,with_flanks,position17_core_or_flank,546,MHCflurry,HLA-A*24:02,0.5,0,0,0
T17C,with_flanks,position17_core_or_flank,546,MHCflurry,HLA-A*24:02,1,0,0,0
T17C,with_flanks,position17_core_or_flank,546,MHCflurry,HLA-A*24:02,2,1,0,-1
T17C,with_flanks,position17_core_or_flank,546,MHCflurry,HLA-A*03:01,0.5,0,0,0
T17C,with_flanks,position17_core_or_flank,546,MHCflurry,HLA-A*03:01,1,0,0,0
T17C,with_flanks,position17_core_or_flank,546,MHCflurry,HLA-A*03:01,2,0,0,0
T17C,with_flanks,position17_core_or_flank,546,MHCflurry,HLA-B*40:01,0.5,0,0,0
T17C,with_flanks,position17_core_or_flank,546,MHCflurry,HLA-B*40:01,1,0,0,0
T17C,with_flanks,position17_core_or_flank,546,MHCflurry,HLA-B*40:01,2,0,0,0
T17C,with_flanks,position17_core_or_flank,546,MHCflurry,HLA-B*49:01,0.5,0,0,0
T17C,with_flanks,position17_core_or_flank,546,MHCflurry,HLA-B*49:01,1,0,0,0
T17C,with_flanks,position17_core_or_flank,546,MHCflurry,HLA-B*49:01,2,0,0,0
T17C,with_flanks,position17_core_or_flank,546,MHCflurry,HLA-C*03:04,0.5,2,1,-1
T17C,with_flanks,position17_core_or_flank,546,MHCflurry,HLA-C*03:04,1,2,1,-1
T17C,with_flanks,position17_core_or_flank,546,MHCflurry,HLA-C*03:04,2,5,3,-2
T17C,with_flanks,position17_core_or_flank,546,MHCflurry,HLA-C*07:01,0.5,0,0,0
T17C,with_flanks,position17_core_or_flank,546,MHCflurry,HLA-C*07:01,1,0,0,0
T17C,with_flanks,position17_core_or_flank,546,MHCflurry,HLA-C*07:01,2,1,0,-1
T17D,with_flanks,position17_core_or_flank,546,NetMHC,HLA-A*02:01,0.5,0,0,0
T17D,with_flanks,position17_core_or_flank,546,NetMHC,HLA-A*02:01,1,0,0,0
T17D,with_flanks,position17_core_or_flank,546,NetMHC,HLA-A*02:01,2,4,2,-2
T17D,with_flanks,position17_core_or_flank,546,NetMHC,HLA-A*24:02,0.5,0,0,0
T17D,with_flanks,position17_core_or_flank,546,NetMHC,HLA-A*24:02,1,0,0,0
T17D,with_flanks,position17_core_or_flank,546,NetMHC,HLA-A*24:02,2,0,0,0
T17D,with_flanks,position17_core_or_flank,546,NetMHC,HLA-A*03:01,0.5,0,0,0
T17D,with_flanks,position17_core_or_flank,546,NetMHC,HLA-A*03:01,1,0,0,0
T17D,with_flanks,position17_core_or_flank,546,NetMHC,HLA-A*03:01,2,0,0,0
T17D,with_flanks,position17_core_or_flank,546,NetMHC,HLA-B*40:01,0.5,0,0,0
T17D,with_flanks,position17_core_or_flank,546,NetMHC,HLA-B*40:01,1,0,0,0
T17D,with_flanks,position17_core_or_flank,546,NetMHC,HLA-B*40:01,2,1,3,2
T17D,with_flanks,position17_core_or_flank,546,NetMHC,HLA-B*49:01,0.5,0,0,0
T17D,with_flanks,position17_core_or_flank,546,NetMHC,HLA-B*49:01,1,0,0,0
T17D,with_flanks,position17_core_or_flank,546,NetMHC,HLA-B*49:01,2,0,1,1
T17D,with_flanks,position17_core_or_flank,546,NetMHC,HLA-C*03:04,0.5,2,0,-2
T17D,with_flanks,position17_core_or_flank,546,NetMHC,HLA-C*03:04,1,2,0,-2
T17D,with_flanks,position17_core_or_flank,546,NetMHC,HLA-C*03:04,2,4,1,-3
T17D,with_flanks,position17_core_or_flank,546,NetMHC,HLA-C*07:01,0.5,0,0,0
T17D,with_flanks,position17_core_or_flank,546,NetMHC,HLA-C*07:01,1,0,0,0
T17D,with_flanks,position17_core_or_flank,546,NetMHC,HLA-C*07:01,2,1,0,-1
T17D,with_flanks,position17_core_or_flank,546,MHCflurry,HLA-A*02:01,0.5,0,1,1
T17D,with_flanks,position17_core_or_flank,546,MHCflurry,HLA-A*02:01,1,3,2,-1
T17D,with_flanks,position17_core_or_flank,546,MHCflurry,HLA-A*02:01,2,5,3,-2
T17D,with_flanks,position17_core_or_flank,546,MHCflurry,HLA-A*24:02,0.5,0,0,0
T17D,with_flanks,position17_core_or_flank,546,MHCflurry,HLA-A*24:02,1,0,0,0
T17D,with_flanks,position17_core_or_flank,546,MHCflurry,HLA-A*24:02,2,1,0,-1
T17D,with_flanks,position17_core_or_flank,546,MHCflurry,HLA-A*03:01,0.5,0,0,0
T17D,with_flanks,position17_core_or_flank,546,MHCflurry,HLA-A*03:01,1,0,0,0
T17D,with_flanks,position17_core_or_flank,546,MHCflurry,HLA-A*03:01,2,0,0,0
T17D,with_flanks,position17_core_or_flank,546,MHCflurry,HLA-B*40:01,0.5,0,0,0
T17D,with_flanks,position17_core_or_flank,546,MHCflurry,HLA-B*40:01,1,0,0,0
T17D,with_flanks,position17_core_or_flank,546,MHCflurry,HLA-B*40:01,2,0,0,0
T17D,with_flanks,position17_core_or_flank,546,MHCflurry,HLA-B*49:01,0.5,0,0,0
T17D,with_flanks,position17_core_or_flank,546,MHCflurry,HLA-B*49:01,1,0,1,1
T17D,with_flanks,position17_core_or_flank,546,MHCflurry,HLA-B*49:01,2,0,3,3
T17D,with_flanks,position17_core_or_flank,546,MHCflurry,HLA-C*03:04,0.5,2,1,-1
T17D,with_flanks,position17_core_or_flank,546,MHCflurry,HLA-C*03:04,1,2,1,-1
T17D,with_flanks,position17_core_or_flank,546,MHCflurry,HLA-C*03:04,2,5,3,-2
T17D,with_flanks,position17_core_or_flank,546,MHCflurry,HLA-C*07:01,0.5,0,0,0
T17D,with_flanks,position17_core_or_flank,546,MHCflurry,HLA-C*07:01,1,0,0,0
T17D,with_flanks,position17_core_or_flank,546,MHCflurry,HLA-C*07:01,2,1,1,0
T17E,with_flanks,position17_core_or_flank,546,NetMHC,HLA-A*02:01,0.5,0,0,0
T17E,with_flanks,position17_core_or_flank,546,NetMHC,HLA-A*02:01,1,0,0,0
T17E,with_flanks,position17_core_or_flank,546,NetMHC,HLA-A*02:01,2,4,5,1
T17E,with_flanks,position17_core_or_flank,546,NetMHC,HLA-A*24:02,0.5,0,0,0
T17E,with_flanks,position17_core_or_flank,546,NetMHC,HLA-A*24:02,1,0,0,0
T17E,with_flanks,position17_core_or_flank,546,NetMHC,HLA-A*24:02,2,0,0,0
T17E,with_flanks,position17_core_or_flank,546,NetMHC,HLA-A*03:01,0.5,0,0,0
T17E,with_flanks,position17_core_or_flank,546,NetMHC,HLA-A*03:01,1,0,0,0
T17E,with_flanks,position17_core_or_flank,546,NetMHC,HLA-A*03:01,2,0,0,0
T17E,with_flanks,position17_core_or_flank,546,NetMHC,HLA-B*40:01,0.5,0,3,3
T17E,with_flanks,position17_core_or_flank,546,NetMHC,HLA-B*40:01,1,0,3,3
T17E,with_flanks,position17_core_or_flank,546,NetMHC,HLA-B*40:01,2,1,6,5
T17E,with_flanks,position17_core_or_flank,546,NetMHC,HLA-B*49:01,0.5,0,1,1
T17E,with_flanks,position17_core_or_flank,546,NetMHC,HLA-B*49:01,1,0,1,1
T17E,with_flanks,position17_core_or_flank,546,NetMHC,HLA-B*49:01,2,0,3,3
T17E,with_flanks,position17_core_or_flank,546,NetMHC,HLA-C*03:04,0.5,2,0,-2
T17E,with_flanks,position17_core_or_flank,546,NetMHC,HLA-C*03:04,1,2,0,-2
T17E,with_flanks,position17_core_or_flank,546,NetMHC,HLA-C*03:04,2,4,2,-2
T17E,with_flanks,position17_core_or_flank,546,NetMHC,HLA-C*07:01,0.5,0,0,0
T17E,with_flanks,position17_core_or_flank,546,NetMHC,HLA-C*07:01,1,0,0,0
T17E,with_flanks,position17_core_or_flank,546,NetMHC,HLA-C*07:01,2,1,0,-1
T17E,with_flanks,position17_core_or_flank,546,MHCflurry,HLA-A*02:01,0.5,0,0,0
T17E,with_flanks,position17_core_or_flank,546,MHCflurry,HLA-A*02:01,1,3,2,-1
T17E,with_flanks,position17_core_or_flank,546,MHCflurry,HLA-A*02:01,2,5,5,0
T17E,with_flanks,position17_core_or_flank,546,MHCflurry,HLA-A*24:02,0.5,0,0,0
T17E,with_flanks,position17_core_or_flank,546,MHCflurry,HLA-A*24:02,1,0,0,0
T17E,with_flanks,position17_core_or_flank,546,MHCflurry,HLA-A*24:02,2,1,0,-1
T17E,with_flanks,position17_core_or_flank,546,MHCflurry,HLA-A*03:01,0.5,0,0,0
T17E,with_flanks,position17_core_or_flank,546,MHCflurry,HLA-A*03:01,1,0,0,0
T17E,with_flanks,position17_core_or_flank,546,MHCflurry,HLA-A*03:01,2,0,0,0
T17E,with_flanks,position17_core_or_flank,546,MHCflurry,HLA-B*40:01,0.5,0,1,1
T17E,with_flanks,position17_core_or_flank,546,MHCflurry,HLA-B*40:01,1,0,1,1
T17E,with_flanks,position17_core_or_flank,546,MHCflurry,HLA-B*40:01,2,0,1,1
T17E,with_flanks,position17_core_or_flank,546,MHCflurry,HLA-B*49:01,0.5,0,1,1
T17E,with_flanks,position17_core_or_flank,546,MHCflurry,HLA-B*49:01,1,0,1,1
T17E,with_flanks,position17_core_or_flank,546,MHCflurry,HLA-B*49:01,2,0,4,4
T17E,with_flanks,position17_core_or_flank,546,MHCflurry,HLA-C*03:04,0.5,2,1,-1
T17E,with_flanks,position17_core_or_flank,546,MHCflurry,HLA-C*03:04,1,2,1,-1
T17E,with_flanks,position17_core_or_flank,546,MHCflurry,HLA-C*03:04,2,5,2,-3
T17E,with_flanks,position17_core_or_flank,546,MHCflurry,HLA-C*07:01,0.5,0,0,0
T17E,with_flanks,position17_core_or_flank,546,MHCflurry,HLA-C*07:01,1,0,0,0
T17E,with_flanks,position17_core_or_flank,546,MHCflurry,HLA-C*07:01,2,1,1,0
T17F,with_flanks,position17_core_or_flank,546,NetMHC,HLA-A*02:01,0.5,0,0,0
T17F,with_flanks,position17_core_or_flank,546,NetMHC,HLA-A*02:01,1,0,0,0
T17F,with_flanks,position17_core_or_flank,546,NetMHC,HLA-A*02:01,2,4,3,-1
T17F,with_flanks,position17_core_or_flank,546,NetMHC,HLA-A*24:02,0.5,0,1,1
T17F,with_flanks,position17_core_or_flank,546,NetMHC,HLA-A*24:02,1,0,1,1
T17F,with_flanks,position17_core_or_flank,546,NetMHC,HLA-A*24:02,2,0,2,2
T17F,with_flanks,position17_core_or_flank,546,NetMHC,HLA-A*03:01,0.5,0,0,0
T17F,with_flanks,position17_core_or_flank,546,NetMHC,HLA-A*03:01,1,0,1,1
T17F,with_flanks,position17_core_or_flank,546,NetMHC,HLA-A*03:01,2,0,1,1
T17F,with_flanks,position17_core_or_flank,546,NetMHC,HLA-B*40:01,0.5,0,0,0
T17F,with_flanks,position17_core_or_flank,546,NetMHC,HLA-B*40:01,1,0,0,0
T17F,with_flanks,position17_core_or_flank,546,NetMHC,HLA-B*40:01,2,1,1,0
T17F,with_flanks,position17_core_or_flank,546,NetMHC,HLA-B*49:01,0.5,0,0,0
T17F,with_flanks,position17_core_or_flank,546,NetMHC,HLA-B*49:01,1,0,0,0
T17F,with_flanks,position17_core_or_flank,546,NetMHC,HLA-B*49:01,2,0,0,0
T17F,with_flanks,position17_core_or_flank,546,NetMHC,HLA-C*03:04,0.5,2,1,-1
T17F,with_flanks,position17_core_or_flank,546,NetMHC,HLA-C*03:04,1,2,2,0
T17F,with_flanks,position17_core_or_flank,546,NetMHC,HLA-C*03:04,2,4,4,0
T17F,with_flanks,position17_core_or_flank,546,NetMHC,HLA-C*07:01,0.5,0,0,0
T17F,with_flanks,position17_core_or_flank,546,NetMHC,HLA-C*07:01,1,0,0,0
T17F,with_flanks,position17_core_or_flank,546,NetMHC,HLA-C*07:01,2,1,2,1
T17F,with_flanks,position17_core_or_flank,546,MHCflurry,HLA-A*02:01,0.5,0,0,0
T17F,with_flanks,position17_core_or_flank,546,MHCflurry,HLA-A*02:01,1,3,3,0
T17F,with_flanks,position17_core_or_flank,546,MHCflurry,HLA-A*02:01,2,5,5,0
T17F,with_flanks,position17_core_or_flank,546,MHCflurry,HLA-A*24:02,0.5,0,1,1
T17F,with_flanks,position17_core_or_flank,546,MHCflurry,HLA-A*24:02,1,0,1,1
T17F,with_flanks,position17_core_or_flank,546,MHCflurry,HLA-A*24:02,2,1,1,0
T17F,with_flanks,position17_core_or_flank,546,MHCflurry,HLA-A*03:01,0.5,0,1,1
T17F,with_flanks,position17_core_or_flank,546,MHCflurry,HLA-A*03:01,1,0,1,1
T17F,with_flanks,position17_core_or_flank,546,MHCflurry,HLA-A*03:01,2,0,1,1
T17F,with_flanks,position17_core_or_flank,546,MHCflurry,HLA-B*40:01,0.5,0,0,0
T17F,with_flanks,position17_core_or_flank,546,MHCflurry,HLA-B*40:01,1,0,0,0
T17F,with_flanks,position17_core_or_flank,546,MHCflurry,HLA-B*40:01,2,0,0,0
T17F,with_flanks,position17_core_or_flank,546,MHCflurry,HLA-B*49:01,0.5,0,0,0
T17F,with_flanks,position17_core_or_flank,546,MHCflurry,HLA-B*49:01,1,0,0,0
T17F,with_flanks,position17_core_or_flank,546,MHCflurry,HLA-B*49:01,2,0,0,0
T17F,with_flanks,position17_core_or_flank,546,MHCflurry,HLA-C*03:04,0.5,2,1,-1
T17F,with_flanks,position17_core_or_flank,546,MHCflurry,HLA-C*03:04,1,2,1,-1
T17F,with_flanks,position17_core_or_flank,546,MHCflurry,HLA-C*03:04,2,5,5,0
T17F,with_flanks,position17_core_or_flank,546,MHCflurry,HLA-C*07:01,0.5,0,0,0
T17F,with_flanks,position17_core_or_flank,546,MHCflurry,HLA-C*07:01,1,0,1,1
T17F,with_flanks,position17_core_or_flank,546,MHCflurry,HLA-C*07:01,2,1,2,1
T17G,with_flanks,position17_core_or_flank,546,NetMHC,HLA-A*02:01,0.5,0,0,0
T17G,with_flanks,position17_core_or_flank,546,NetMHC,HLA-A*02:01,1,0,0,0
T17G,with_flanks,position17_core_or_flank,546,NetMHC,HLA-A*02:01,2,4,1,-3
T17G,with_flanks,position17_core_or_flank,546,NetMHC,HLA-A*24:02,0.5,0,0,0
T17G,with_flanks,position17_core_or_flank,546,NetMHC,HLA-A*24:02,1,0,0,0
T17G,with_flanks,position17_core_or_flank,546,NetMHC,HLA-A*24:02,2,0,0,0
T17G,with_flanks,position17_core_or_flank,546,NetMHC,HLA-A*03:01,0.5,0,0,0
T17G,with_flanks,position17_core_or_flank,546,NetMHC,HLA-A*03:01,1,0,0,0
T17G,with_flanks,position17_core_or_flank,546,NetMHC,HLA-A*03:01,2,0,0,0
T17G,with_flanks,position17_core_or_flank,546,NetMHC,HLA-B*40:01,0.5,0,0,0
T17G,with_flanks,position17_core_or_flank,546,NetMHC,HLA-B*40:01,1,0,0,0
T17G,with_flanks,position17_core_or_flank,546,NetMHC,HLA-B*40:01,2,1,1,0
T17G,with_flanks,position17_core_or_flank,546,NetMHC,HLA-B*49:01,0.5,0,0,0
T17G,with_flanks,position17_core_or_flank,546,NetMHC,HLA-B*49:01,1,0,0,0
T17G,with_flanks,position17_core_or_flank,546,NetMHC,HLA-B*49:01,2,0,0,0
T17G,with_flanks,position17_core_or_flank,546,NetMHC,HLA-C*03:04,0.5,2,0,-2
T17G,with_flanks,position17_core_or_flank,546,NetMHC,HLA-C*03:04,1,2,2,0
T17G,with_flanks,position17_core_or_flank,546,NetMHC,HLA-C*03:04,2,4,3,-1
T17G,with_flanks,position17_core_or_flank,546,NetMHC,HLA-C*07:01,0.5,0,0,0
T17G,with_flanks,position17_core_or_flank,546,NetMHC,HLA-C*07:01,1,0,0,0
T17G,with_flanks,position17_core_or_flank,546,NetMHC,HLA-C*07:01,2,1,0,-1
T17G,with_flanks,position17_core_or_flank,546,MHCflurry,HLA-A*02:01,0.5,0,0,0
T17G,with_flanks,position17_core_or_flank,546,MHCflurry,HLA-A*02:01,1,3,1,-2
T17G,with_flanks,position17_core_or_flank,546,MHCflurry,HLA-A*02:01,2,5,5,0
T17G,with_flanks,position17_core_or_flank,546,MHCflurry,HLA-A*24:02,0.5,0,0,0
T17G,with_flanks,position17_core_or_flank,546,MHCflurry,HLA-A*24:02,1,0,0,0
T17G,with_flanks,position17_core_or_flank,546,MHCflurry,HLA-A*24:02,2,1,0,-1
T17G,with_flanks,position17_core_or_flank,546,MHCflurry,HLA-A*03:01,0.5,0,0,0
T17G,with_flanks,position17_core_or_flank,546,MHCflurry,HLA-A*03:01,1,0,0,0
T17G,with_flanks,position17_core_or_flank,546,MHCflurry,HLA-A*03:01,2,0,0,0
T17G,with_flanks,position17_core_or_flank,546,MHCflurry,HLA-B*40:01,0.5,0,0,0
T17G,with_flanks,position17_core_or_flank,546,MHCflurry,HLA-B*40:01,1,0,0,0
T17G,with_flanks,position17_core_or_flank,546,MHCflurry,HLA-B*40:01,2,0,0,0
T17G,with_flanks,position17_core_or_flank,546,MHCflurry,HLA-B*49:01,0.5,0,0,0
T17G,with_flanks,position17_core_or_flank,546,MHCflurry,HLA-B*49:01,1,0,0,0
T17G,with_flanks,position17_core_or_flank,546,MHCflurry,HLA-B*49:01,2,0,2,2
T17G,with_flanks,position17_core_or_flank,546,MHCflurry,HLA-C*03:04,0.5,2,0,-2
T17G,with_flanks,position17_core_or_flank,546,MHCflurry,HLA-C*03:04,1,2,2,0
T17G,with_flanks,position17_core_or_flank,546,MHCflurry,HLA-C*03:04,2,5,3,-2
T17G,with_flanks,position17_core_or_flank,546,MHCflurry,HLA-C*07:01,0.5,0,0,0
T17G,with_flanks,position17_core_or_flank,546,MHCflurry,HLA-C*07:01,1,0,0,0
T17G,with_flanks,position17_core_or_flank,546,MHCflurry,HLA-C*07:01,2,1,1,0
T17H,with_flanks,position17_core_or_flank,546,NetMHC,HLA-A*02:01,0.5,0,0,0
T17H,with_flanks,position17_core_or_flank,546,NetMHC,HLA-A*02:01,1,0,0,0
T17H,with_flanks,position17_core_or_flank,546,NetMHC,HLA-A*02:01,2,4,3,-1
T17H,with_flanks,position17_core_or_flank,546,NetMHC,HLA-A*24:02,0.5,0,0,0
T17H,with_flanks,position17_core_or_flank,546,NetMHC,HLA-A*24:02,1,0,0,0
T17H,with_flanks,position17_core_or_flank,546,NetMHC,HLA-A*24:02,2,0,1,1
T17H,with_flanks,position17_core_or_flank,546,NetMHC,HLA-A*03:01,0.5,0,0,0
T17H,with_flanks,position17_core_or_flank,546,NetMHC,HLA-A*03:01,1,0,0,0
T17H,with_flanks,position17_core_or_flank,546,NetMHC,HLA-A*03:01,2,0,1,1
T17H,with_flanks,position17_core_or_flank,546,NetMHC,HLA-B*40:01,0.5,0,0,0
T17H,with_flanks,position17_core_or_flank,546,NetMHC,HLA-B*40:01,1,0,0,0
T17H,with_flanks,position17_core_or_flank,546,NetMHC,HLA-B*40:01,2,1,1,0
T17H,with_flanks,position17_core_or_flank,546,NetMHC,HLA-B*49:01,0.5,0,0,0
T17H,with_flanks,position17_core_or_flank,546,NetMHC,HLA-B*49:01,1,0,0,0
T17H,with_flanks,position17_core_or_flank,546,NetMHC,HLA-B*49:01,2,0,1,1
T17H,with_flanks,position17_core_or_flank,546,NetMHC,HLA-C*03:04,0.5,2,1,-1
T17H,with_flanks,position17_core_or_flank,546,NetMHC,HLA-C*03:04,1,2,2,0
T17H,with_flanks,position17_core_or_flank,546,NetMHC,HLA-C*03:04,2,4,4,0
T17H,with_flanks,position17_core_or_flank,546,NetMHC,HLA-C*07:01,0.5,0,1,1
T17H,with_flanks,position17_core_or_flank,546,NetMHC,HLA-C*07:01,1,0,1,1
T17H,with_flanks,position17_core_or_flank,546,NetMHC,HLA-C*07:01,2,1,1,0
T17H,with_flanks,position17_core_or_flank,546,MHCflurry,HLA-A*02:01,0.5,0,0,0
T17H,with_flanks,position17_core_or_flank,546,MHCflurry,HLA-A*02:01,1,3,2,-1
T17H,with_flanks,position17_core_or_flank,546,MHCflurry,HLA-A*02:01,2,5,4,-1
T17H,with_flanks,position17_core_or_flank,546,MHCflurry,HLA-A*24:02,0.5,0,1,1
T17H,with_flanks,position17_core_or_flank,546,MHCflurry,HLA-A*24:02,1,0,1,1
T17H,with_flanks,position17_core_or_flank,546,MHCflurry,HLA-A*24:02,2,1,1,0
T17H,with_flanks,position17_core_or_flank,546,MHCflurry,HLA-A*03:01,0.5,0,0,0
T17H,with_flanks,position17_core_or_flank,546,MHCflurry,HLA-A*03:01,1,0,0,0
T17H,with_flanks,position17_core_or_flank,546,MHCflurry,HLA-A*03:01,2,0,1,1
T17H,with_flanks,position17_core_or_flank,546,MHCflurry,HLA-B*40:01,0.5,0,0,0
T17H,with_flanks,position17_core_or_flank,546,MHCflurry,HLA-B*40:01,1,0,0,0
T17H,with_flanks,position17_core_or_flank,546,MHCflurry,HLA-B*40:01,2,0,0,0
T17H,with_flanks,position17_core_or_flank,546,MHCflurry,HLA-B*49:01,0.5,0,0,0
T17H,with_flanks,position17_core_or_flank,546,MHCflurry,HLA-B*49:01,1,0,0,0
T17H,with_flanks,position17_core_or_flank,546,MHCflurry,HLA-B*49:01,2,0,1,1
T17H,with_flanks,position17_core_or_flank,546,MHCflurry,HLA-C*03:04,0.5,2,1,-1
T17H,with_flanks,position17_core_or_flank,546,MHCflurry,HLA-C*03:04,1,2,1,-1
T17H,with_flanks,position17_core_or_flank,546,MHCflurry,HLA-C*03:04,2,5,6,1
T17H,with_flanks,position17_core_or_flank,546,MHCflurry,HLA-C*07:01,0.5,0,1,1
T17H,with_flanks,position17_core_or_flank,546,MHCflurry,HLA-C*07:01,1,0,2,2
T17H,with_flanks,position17_core_or_flank,546,MHCflurry,HLA-C*07:01,2,1,2,1
T17I,with_flanks,position17_core_or_flank,546,NetMHC,HLA-A*02:01,0.5,0,0,0
T17I,with_flanks,position17_core_or_flank,546,NetMHC,HLA-A*02:01,1,0,1,1
T17I,with_flanks,position17_core_or_flank,546,NetMHC,HLA-A*02:01,2,4,2,-2
T17I,with_flanks,position17_core_or_flank,546,NetMHC,HLA-A*24:02,0.5,0,0,0
T17I,with_flanks,position17_core_or_flank,546,NetMHC,HLA-A*24:02,1,0,0,0
T17I,with_flanks,position17_core_or_flank,546,NetMHC,HLA-A*24:02,2,0,0,0
T17I,with_flanks,position17_core_or_flank,546,NetMHC,HLA-A*03:01,0.5,0,0,0
T17I,with_flanks,position17_core_or_flank,546,NetMHC,HLA-A*03:01,1,0,0,0
T17I,with_flanks,position17_core_or_flank,546,NetMHC,HLA-A*03:01,2,0,1,1
T17I,with_flanks,position17_core_or_flank,546,NetMHC,HLA-B*40:01,0.5,0,0,0
T17I,with_flanks,position17_core_or_flank,546,NetMHC,HLA-B*40:01,1,0,0,0
T17I,with_flanks,position17_core_or_flank,546,NetMHC,HLA-B*40:01,2,1,1,0
T17I,with_flanks,position17_core_or_flank,546,NetMHC,HLA-B*49:01,0.5,0,0,0
T17I,with_flanks,position17_core_or_flank,546,NetMHC,HLA-B*49:01,1,0,0,0
T17I,with_flanks,position17_core_or_flank,546,NetMHC,HLA-B*49:01,2,0,0,0
T17I,with_flanks,position17_core_or_flank,546,NetMHC,HLA-C*03:04,0.5,2,2,0
T17I,with_flanks,position17_core_or_flank,546,NetMHC,HLA-C*03:04,1,2,2,0
T17I,with_flanks,position17_core_or_flank,546,NetMHC,HLA-C*03:04,2,4,5,1
T17I,with_flanks,position17_core_or_flank,546,NetMHC,HLA-C*07:01,0.5,0,0,0
T17I,with_flanks,position17_core_or_flank,546,NetMHC,HLA-C*07:01,1,0,0,0
T17I,with_flanks,position17_core_or_flank,546,NetMHC,HLA-C*07:01,2,1,0,-1
T17I,with_flanks,position17_core_or_flank,546,MHCflurry,HLA-A*02:01,0.5,0,1,1
T17I,with_flanks,position17_core_or_flank,546,MHCflurry,HLA-A*02:01,1,3,2,-1
T17I,with_flanks,position17_core_or_flank,546,MHCflurry,HLA-A*02:01,2,5,6,1
T17I,with_flanks,position17_core_or_flank,546,MHCflurry,HLA-A*24:02,0.5,0,0,0
T17I,with_flanks,position17_core_or_flank,546,MHCflurry,HLA-A*24:02,1,0,0,0
T17I,with_flanks,position17_core_or_flank,546,MHCflurry,HLA-A*24:02,2,1,0,-1
T17I,with_flanks,position17_core_or_flank,546,MHCflurry,HLA-A*03:01,0.5,0,0,0
T17I,with_flanks,position17_core_or_flank,546,MHCflurry,HLA-A*03:01,1,0,0,0
T17I,with_flanks,position17_core_or_flank,546,MHCflurry,HLA-A*03:01,2,0,1,1
T17I,with_flanks,position17_core_or_flank,546,MHCflurry,HLA-B*40:01,0.5,0,0,0
T17I,with_flanks,position17_core_or_flank,546,MHCflurry,HLA-B*40:01,1,0,0,0
T17I,with_flanks,position17_core_or_flank,546,MHCflurry,HLA-B*40:01,2,0,0,0
T17I,with_flanks,position17_core_or_flank,546,MHCflurry,HLA-B*49:01,0.5,0,0,0
T17I,with_flanks,position17_core_or_flank,546,MHCflurry,HLA-B*49:01,1,0,0,0
T17I,with_flanks,position17_core_or_flank,546,MHCflurry,HLA-B*49:01,2,0,0,0
T17I,with_flanks,position17_core_or_flank,546,MHCflurry,HLA-C*03:04,0.5,2,2,0
T17I,with_flanks,position17_core_or_flank,546,MHCflurry,HLA-C*03:04,1,2,2,0
T17I,with_flanks,position17_core_or_flank,546,MHCflurry,HLA-C*03:04,2,5,6,1
T17I,with_flanks,position17_core_or_flank,546,MHCflurry,HLA-C*07:01,0.5,0,0,0
T17I,with_flanks,position17_core_or_flank,546,MHCflurry,HLA-C*07:01,1,0,0,0
T17I,with_flanks,position17_core_or_flank,546,MHCflurry,HLA-C*07:01,2,1,1,0
T17K,with_flanks,position17_core_or_flank,546,NetMHC,HLA-A*02:01,0.5,0,0,0
T17K,with_flanks,position17_core_or_flank,546,NetMHC,HLA-A*02:01,1,0,0,0
T17K,with_flanks,position17_core_or_flank,546,NetMHC,HLA-A*02:01,2,4,4,0
T17K,with_flanks,position17_core_or_flank,546,NetMHC,HLA-A*24:02,0.5,0,0,0
T17K,with_flanks,position17_core_or_flank,546,NetMHC,HLA-A*24:02,1,0,0,0
T17K,with_flanks,position17_core_or_flank,546,NetMHC,HLA-A*24:02,2,0,0,0
T17K,with_flanks,position17_core_or_flank,546,NetMHC,HLA-A*03:01,0.5,0,0,0
T17K,with_flanks,position17_core_or_flank,546,NetMHC,HLA-A*03:01,1,0,1,1
T17K,with_flanks,position17_core_or_flank,546,NetMHC,HLA-A*03:01,2,0,2,2
T17K,with_flanks,position17_core_or_flank,546,NetMHC,HLA-B*40:01,0.5,0,0,0
T17K,with_flanks,position17_core_or_flank,546,NetMHC,HLA-B*40:01,1,0,0,0
T17K,with_flanks,position17_core_or_flank,546,NetMHC,HLA-B*40:01,2,1,1,0
T17K,with_flanks,position17_core_or_flank,546,NetMHC,HLA-B*49:01,0.5,0,0,0
T17K,with_flanks,position17_core_or_flank,546,NetMHC,HLA-B*49:01,1,0,0,0
T17K,with_flanks,position17_core_or_flank,546,NetMHC,HLA-B*49:01,2,0,0,0
T17K,with_flanks,position17_core_or_flank,546,NetMHC,HLA-C*03:04,0.5,2,1,-1
T17K,with_flanks,position17_core_or_flank,546,NetMHC,HLA-C*03:04,1,2,1,-1
T17K,with_flanks,position17_core_or_flank,546,NetMHC,HLA-C*03:04,2,4,3,-1
T17K,with_flanks,position17_core_or_flank,546,NetMHC,HLA-C*07:01,0.5,0,0,0
T17K,with_flanks,position17_core_or_flank,546,NetMHC,HLA-C*07:01,1,0,0,0
T17K,with_flanks,position17_core_or_flank,546,NetMHC,HLA-C*07:01,2,1,1,0
T17K,with_flanks,position17_core_or_flank,546,MHCflurry,HLA-A*02:01,0.5,0,0,0
T17K,with_flanks,position17_core_or_flank,546,MHCflurry,HLA-A*02:01,1,3,2,-1
T17K,with_flanks,position17_core_or_flank,546,MHCflurry,HLA-A*02:01,2,5,3,-2
T17K,with_flanks,position17_core_or_flank,546,MHCflurry,HLA-A*24:02,0.5,0,0,0
T17K,with_flanks,position17_core_or_flank,546,MHCflurry,HLA-A*24:02,1,0,0,0
T17K,with_flanks,position17_core_or_flank,546,MHCflurry,HLA-A*24:02,2,1,0,-1
T17K,with_flanks,position17_core_or_flank,546,MHCflurry,HLA-A*03:01,0.5,0,0,0
T17K,with_flanks,position17_core_or_flank,546,MHCflurry,HLA-A*03:01,1,0,1,1
T17K,with_flanks,position17_core_or_flank,546,MHCflurry,HLA-A*03:01,2,0,3,3
T17K,with_flanks,position17_core_or_flank,546,MHCflurry,HLA-B*40:01,0.5,0,0,0
T17K,with_flanks,position17_core_or_flank,546,MHCflurry,HLA-B*40:01,1,0,0,0
T17K,with_flanks,position17_core_or_flank,546,MHCflurry,HLA-B*40:01,2,0,0,0
T17K,with_flanks,position17_core_or_flank,546,MHCflurry,HLA-B*49:01,0.5,0,0,0
T17K,with_flanks,position17_core_or_flank,546,MHCflurry,HLA-B*49:01,1,0,0,0
T17K,with_flanks,position17_core_or_flank,546,MHCflurry,HLA-B*49:01,2,0,0,0
T17K,with_flanks,position17_core_or_flank,546,MHCflurry,HLA-C*03:04,0.5,2,1,-1
T17K,with_flanks,position17_core_or_flank,546,MHCflurry,HLA-C*03:04,1,2,1,-1
T17K,with_flanks,position17_core_or_flank,546,MHCflurry,HLA-C*03:04,2,5,2,-3
T17K,with_flanks,position17_core_or_flank,546,MHCflurry,HLA-C*07:01,0.5,0,0,0
T17K,with_flanks,position17_core_or_flank,546,MHCflurry,HLA-C*07:01,1,0,0,0
T17K,with_flanks,position17_core_or_flank,546,MHCflurry,HLA-C*07:01,2,1,2,1
T17L,with_flanks,position17_core_or_flank,546,NetMHC,HLA-A*02:01,0.5,0,1,1
T17L,with_flanks,position17_core_or_flank,546,NetMHC,HLA-A*02:01,1,0,1,1
T17L,with_flanks,position17_core_or_flank,546,NetMHC,HLA-A*02:01,2,4,6,2
T17L,with_flanks,position17_core_or_flank,546,NetMHC,HLA-A*24:02,0.5,0,0,0
T17L,with_flanks,position17_core_or_flank,546,NetMHC,HLA-A*24:02,1,0,0,0
T17L,with_flanks,position17_core_or_flank,546,NetMHC,HLA-A*24:02,2,0,1,1
T17L,with_flanks,position17_core_or_flank,546,NetMHC,HLA-A*03:01,0.5,0,0,0
T17L,with_flanks,position17_core_or_flank,546,NetMHC,HLA-A*03:01,1,0,0,0
T17L,with_flanks,position17_core_or_flank,546,NetMHC,HLA-A*03:01,2,0,1,1
T17L,with_flanks,position17_core_or_flank,546,NetMHC,HLA-B*40:01,0.5,0,0,0
T17L,with_flanks,position17_core_or_flank,546,NetMHC,HLA-B*40:01,1,0,0,0
T17L,with_flanks,position17_core_or_flank,546,NetMHC,HLA-B*40:01,2,1,1,0
T17L,with_flanks,position17_core_or_flank,546,NetMHC,HLA-B*49:01,0.5,0,0,0
T17L,with_flanks,position17_core_or_flank,546,NetMHC,HLA-B*49:01,1,0,0,0
T17L,with_flanks,position17_core_or_flank,546,NetMHC,HLA-B*49:01,2,0,0,0
T17L,with_flanks,position17_core_or_flank,546,NetMHC,HLA-C*03:04,0.5,2,1,-1
T17L,with_flanks,position17_core_or_flank,546,NetMHC,HLA-C*03:04,1,2,2,0
T17L,with_flanks,position17_core_or_flank,546,NetMHC,HLA-C*03:04,2,4,5,1
T17L,with_flanks,position17_core_or_flank,546,NetMHC,HLA-C*07:01,0.5,0,0,0
T17L,with_flanks,position17_core_or_flank,546,NetMHC,HLA-C*07:01,1,0,0,0
T17L,with_flanks,position17_core_or_flank,546,NetMHC,HLA-C*07:01,2,1,0,-1
T17L,with_flanks,position17_core_or_flank,546,MHCflurry,HLA-A*02:01,0.5,0,1,1
T17L,with_flanks,position17_core_or_flank,546,MHCflurry,HLA-A*02:01,1,3,3,0
T17L,with_flanks,position17_core_or_flank,546,MHCflurry,HLA-A*02:01,2,5,7,2
T17L,with_flanks,position17_core_or_flank,546,MHCflurry,HLA-A*24:02,0.5,0,0,0
T17L,with_flanks,position17_core_or_flank,546,MHCflurry,HLA-A*24:02,1,0,0,0
T17L,with_flanks,position17_core_or_flank,546,MHCflurry,HLA-A*24:02,2,1,1,0
T17L,with_flanks,position17_core_or_flank,546,MHCflurry,HLA-A*03:01,0.5,0,0,0
T17L,with_flanks,position17_core_or_flank,546,MHCflurry,HLA-A*03:01,1,0,0,0
T17L,with_flanks,position17_core_or_flank,546,MHCflurry,HLA-A*03:01,2,0,1,1
T17L,with_flanks,position17_core_or_flank,546,MHCflurry,HLA-B*40:01,0.5,0,0,0
T17L,with_flanks,position17_core_or_flank,546,MHCflurry,HLA-B*40:01,1,0,0,0
T17L,with_flanks,position17_core_or_flank,546,MHCflurry,HLA-B*40:01,2,0,0,0
T17L,with_flanks,position17_core_or_flank,546,MHCflurry,HLA-B*49:01,0.5,0,0,0
T17L,with_flanks,position17_core_or_flank,546,MHCflurry,HLA-B*49:01,1,0,0,0
T17L,with_flanks,position17_core_or_flank,546,MHCflurry,HLA-B*49:01,2,0,0,0
T17L,with_flanks,position17_core_or_flank,546,MHCflurry,HLA-C*03:04,0.5,2,2,0
T17L,with_flanks,position17_core_or_flank,546,MHCflurry,HLA-C*03:04,1,2,2,0
T17L,with_flanks,position17_core_or_flank,546,MHCflurry,HLA-C*03:04,2,5,6,1
T17L,with_flanks,position17_core_or_flank,546,MHCflurry,HLA-C*07:01,0.5,0,0,0
T17L,with_flanks,position17_core_or_flank,546,MHCflurry,HLA-C*07:01,1,0,0,0
T17L,with_flanks,position17_core_or_flank,546,MHCflurry,HLA-C*07:01,2,1,0,-1
T17M,with_flanks,position17_core_or_flank,546,NetMHC,HLA-A*02:01,0.5,0,1,1
T17M,with_flanks,position17_core_or_flank,546,NetMHC,HLA-A*02:01,1,0,1,1
T17M,with_flanks,position17_core_or_flank,546,NetMHC,HLA-A*02:01,2,4,4,0
T17M,with_flanks,position17_core_or_flank,546,NetMHC,HLA-A*24:02,0.5,0,0,0
T17M,with_flanks,position17_core_or_flank,546,NetMHC,HLA-A*24:02,1,0,1,1
T17M,with_flanks,position17_core_or_flank,546,NetMHC,HLA-A*24:02,2,0,1,1
T17M,with_flanks,position17_core_or_flank,546,NetMHC,HLA-A*03:01,0.5,0,0,0
T17M,with_flanks,position17_core_or_flank,546,NetMHC,HLA-A*03:01,1,0,0,0
T17M,with_flanks,position17_core_or_flank,546,NetMHC,HLA-A*03:01,2,0,1,1
T17M,with_flanks,position17_core_or_flank,546,NetMHC,HLA-B*40:01,0.5,0,0,0
T17M,with_flanks,position17_core_or_flank,546,NetMHC,HLA-B*40:01,1,0,0,0
T17M,with_flanks,position17_core_or_flank,546,NetMHC,HLA-B*40:01,2,1,1,0
T17M,with_flanks,position17_core_or_flank,546,NetMHC,HLA-B*49:01,0.5,0,0,0
T17M,with_flanks,position17_core_or_flank,546,NetMHC,HLA-B*49:01,1,0,0,0
T17M,with_flanks,position17_core_or_flank,546,NetMHC,HLA-B*49:01,2,0,0,0
T17M,with_flanks,position17_core_or_flank,546,NetMHC,HLA-C*03:04,0.5,2,1,-1
T17M,with_flanks,position17_core_or_flank,546,NetMHC,HLA-C*03:04,1,2,2,0
T17M,with_flanks,position17_core_or_flank,546,NetMHC,HLA-C*03:04,2,4,5,1
T17M,with_flanks,position17_core_or_flank,546,NetMHC,HLA-C*07:01,0.5,0,0,0
T17M,with_flanks,position17_core_or_flank,546,NetMHC,HLA-C*07:01,1,0,0,0
T17M,with_flanks,position17_core_or_flank,546,NetMHC,HLA-C*07:01,2,1,1,0
T17M,with_flanks,position17_core_or_flank,546,MHCflurry,HLA-A*02:01,0.5,0,1,1
T17M,with_flanks,position17_core_or_flank,546,MHCflurry,HLA-A*02:01,1,3,3,0
T17M,with_flanks,position17_core_or_flank,546,MHCflurry,HLA-A*02:01,2,5,5,0
T17M,with_flanks,position17_core_or_flank,546,MHCflurry,HLA-A*24:02,0.5,0,0,0
T17M,with_flanks,position17_core_or_flank,546,MHCflurry,HLA-A*24:02,1,0,0,0
T17M,with_flanks,position17_core_or_flank,546,MHCflurry,HLA-A*24:02,2,1,1,0
T17M,with_flanks,position17_core_or_flank,546,MHCflurry,HLA-A*03:01,0.5,0,0,0
T17M,with_flanks,position17_core_or_flank,546,MHCflurry,HLA-A*03:01,1,0,1,1
T17M,with_flanks,position17_core_or_flank,546,MHCflurry,HLA-A*03:01,2,0,1,1
T17M,with_flanks,position17_core_or_flank,546,MHCflurry,HLA-B*40:01,0.5,0,0,0
T17M,with_flanks,position17_core_or_flank,546,MHCflurry,HLA-B*40:01,1,0,0,0
T17M,with_flanks,position17_core_or_flank,546,MHCflurry,HLA-B*40:01,2,0,0,0
T17M,with_flanks,position17_core_or_flank,546,MHCflurry,HLA-B*49:01,0.5,0,0,0
T17M,with_flanks,position17_core_or_flank,546,MHCflurry,HLA-B*49:01,1,0,0,0
T17M,with_flanks,position17_core_or_flank,546,MHCflurry,HLA-B*49:01,2,0,0,0
T17M,with_flanks,position17_core_or_flank,546,MHCflurry,HLA-C*03:04,0.5,2,1,-1
T17M,with_flanks,position17_core_or_flank,546,MHCflurry,HLA-C*03:04,1,2,2,0
T17M,with_flanks,position17_core_or_flank,546,MHCflurry,HLA-C*03:04,2,5,7,2
T17M,with_flanks,position17_core_or_flank,546,MHCflurry,HLA-C*07:01,0.5,0,0,0
T17M,with_flanks,position17_core_or_flank,546,MHCflurry,HLA-C*07:01,1,0,0,0
T17M,with_flanks,position17_core_or_flank,546,MHCflurry,HLA-C*07:01,2,1,0,-1
T17N,with_flanks,position17_core_or_flank,546,NetMHC,HLA-A*02:01,0.5,0,0,0
T17N,with_flanks,position17_core_or_flank,546,NetMHC,HLA-A*02:01,1,0,0,0
T17N,with_flanks,position17_core_or_flank,546,NetMHC,HLA-A*02:01,2,4,3,-1
T17N,with_flanks,position17_core_or_flank,546,NetMHC,HLA-A*24:02,0.5,0,0,0
T17N,with_flanks,position17_core_or_flank,546,NetMHC,HLA-A*24:02,1,0,0,0
T17N,with_flanks,position17_core_or_flank,546,NetMHC,HLA-A*24:02,2,0,0,0
T17N,with_flanks,position17_core_or_flank,546,NetMHC,HLA-A*03:01,0.5,0,0,0
T17N,with_flanks,position17_core_or_flank,546,NetMHC,HLA-A*03:01,1,0,0,0
T17N,with_flanks,position17_core_or_flank,546,NetMHC,HLA-A*03:01,2,0,1,1
T17N,with_flanks,position17_core_or_flank,546,NetMHC,HLA-B*40:01,0.5,0,0,0
T17N,with_flanks,position17_core_or_flank,546,NetMHC,HLA-B*40:01,1,0,0,0
T17N,with_flanks,position17_core_or_flank,546,NetMHC,HLA-B*40:01,2,1,1,0
T17N,with_flanks,position17_core_or_flank,546,NetMHC,HLA-B*49:01,0.5,0,0,0
T17N,with_flanks,position17_core_or_flank,546,NetMHC,HLA-B*49:01,1,0,0,0
T17N,with_flanks,position17_core_or_flank,546,NetMHC,HLA-B*49:01,2,0,0,0
T17N,with_flanks,position17_core_or_flank,546,NetMHC,HLA-C*03:04,0.5,2,1,-1
T17N,with_flanks,position17_core_or_flank,546,NetMHC,HLA-C*03:04,1,2,1,-1
T17N,with_flanks,position17_core_or_flank,546,NetMHC,HLA-C*03:04,2,4,3,-1
T17N,with_flanks,position17_core_or_flank,546,NetMHC,HLA-C*07:01,0.5,0,0,0
T17N,with_flanks,position17_core_or_flank,546,NetMHC,HLA-C*07:01,1,0,0,0
T17N,with_flanks,position17_core_or_flank,546,NetMHC,HLA-C*07:01,2,1,0,-1
T17N,with_flanks,position17_core_or_flank,546,MHCflurry,HLA-A*02:01,0.5,0,0,0
T17N,with_flanks,position17_core_or_flank,546,MHCflurry,HLA-A*02:01,1,3,1,-2
T17N,with_flanks,position17_core_or_flank,546,MHCflurry,HLA-A*02:01,2,5,3,-2
T17N,with_flanks,position17_core_or_flank,546,MHCflurry,HLA-A*24:02,0.5,0,0,0
T17N,with_flanks,position17_core_or_flank,546,MHCflurry,HLA-A*24:02,1,0,0,0
T17N,with_flanks,position17_core_or_flank,546,MHCflurry,HLA-A*24:02,2,1,0,-1
T17N,with_flanks,position17_core_or_flank,546,MHCflurry,HLA-A*03:01,0.5,0,0,0
T17N,with_flanks,position17_core_or_flank,546,MHCflurry,HLA-A*03:01,1,0,0,0
T17N,with_flanks,position17_core_or_flank,546,MHCflurry,HLA-A*03:01,2,0,1,1
T17N,with_flanks,position17_core_or_flank,546,MHCflurry,HLA-B*40:01,0.5,0,0,0
T17N,with_flanks,position17_core_or_flank,546,MHCflurry,HLA-B*40:01,1,0,0,0
T17N,with_flanks,position17_core_or_flank,546,MHCflurry,HLA-B*40:01,2,0,0,0
T17N,with_flanks,position17_core_or_flank,546,MHCflurry,HLA-B*49:01,0.5,0,0,0
T17N,with_flanks,position17_core_or_flank,546,MHCflurry,HLA-B*49:01,1,0,0,0
T17N,with_flanks,position17_core_or_flank,546,MHCflurry,HLA-B*49:01,2,0,0,0
T17N,with_flanks,position17_core_or_flank,546,MHCflurry,HLA-C*03:04,0.5,2,1,-1
T17N,with_flanks,position17_core_or_flank,546,MHCflurry,HLA-C*03:04,1,2,1,-1
T17N,with_flanks,position17_core_or_flank,546,MHCflurry,HLA-C*03:04,2,5,5,0
T17N,with_flanks,position17_core_or_flank,546,MHCflurry,HLA-C*07:01,0.5,0,0,0
T17N,with_flanks,position17_core_or_flank,546,MHCflurry,HLA-C*07:01,1,0,0,0
T17N,with_flanks,position17_core_or_flank,546,MHCflurry,HLA-C*07:01,2,1,0,-1
T17P,with_flanks,position17_core_or_flank,546,NetMHC,HLA-A*02:01,0.5,0,0,0
T17P,with_flanks,position17_core_or_flank,546,NetMHC,HLA-A*02:01,1,0,0,0
T17P,with_flanks,position17_core_or_flank,546,NetMHC,HLA-A*02:01,2,4,1,-3
T17P,with_flanks,position17_core_or_flank,546,NetMHC,HLA-A*24:02,0.5,0,0,0
T17P,with_flanks,position17_core_or_flank,546,NetMHC,HLA-A*24:02,1,0,0,0
T17P,with_flanks,position17_core_or_flank,546,NetMHC,HLA-A*24:02,2,0,0,0
T17P,with_flanks,position17_core_or_flank,546,NetMHC,HLA-A*03:01,0.5,0,0,0
T17P,with_flanks,position17_core_or_flank,546,NetMHC,HLA-A*03:01,1,0,0,0
T17P,with_flanks,position17_core_or_flank,546,NetMHC,HLA-A*03:01,2,0,0,0
T17P,with_flanks,position17_core_or_flank,546,NetMHC,HLA-B*40:01,0.5,0,0,0
T17P,with_flanks,position17_core_or_flank,546,NetMHC,HLA-B*40:01,1,0,0,0
T17P,with_flanks,position17_core_or_flank,546,NetMHC,HLA-B*40:01,2,1,2,1
T17P,with_flanks,position17_core_or_flank,546,NetMHC,HLA-B*49:01,0.5,0,0,0
T17P,with_flanks,position17_core_or_flank,546,NetMHC,HLA-B*49:01,1,0,0,0
T17P,with_flanks,position17_core_or_flank,546,NetMHC,HLA-B*49:01,2,0,0,0
T17P,with_flanks,position17_core_or_flank,546,NetMHC,HLA-C*03:04,0.5,2,0,-2
T17P,with_flanks,position17_core_or_flank,546,NetMHC,HLA-C*03:04,1,2,1,-1
T17P,with_flanks,position17_core_or_flank,546,NetMHC,HLA-C*03:04,2,4,3,-1
T17P,with_flanks,position17_core_or_flank,546,NetMHC,HLA-C*07:01,0.5,0,0,0
T17P,with_flanks,position17_core_or_flank,546,NetMHC,HLA-C*07:01,1,0,0,0
T17P,with_flanks,position17_core_or_flank,546,NetMHC,HLA-C*07:01,2,1,0,-1
T17P,with_flanks,position17_core_or_flank,546,MHCflurry,HLA-A*02:01,0.5,0,0,0
T17P,with_flanks,position17_core_or_flank,546,MHCflurry,HLA-A*02:01,1,3,2,-1
T17P,with_flanks,position17_core_or_flank,546,MHCflurry,HLA-A*02:01,2,5,5,0
T17P,with_flanks,position17_core_or_flank,546,MHCflurry,HLA-A*24:02,0.5,0,0,0
T17P,with_flanks,position17_core_or_flank,546,MHCflurry,HLA-A*24:02,1,0,0,0
T17P,with_flanks,position17_core_or_flank,546,MHCflurry,HLA-A*24:02,2,1,0,-1
T17P,with_flanks,position17_core_or_flank,546,MHCflurry,HLA-A*03:01,0.5,0,0,0
T17P,with_flanks,position17_core_or_flank,546,MHCflurry,HLA-A*03:01,1,0,0,0
T17P,with_flanks,position17_core_or_flank,546,MHCflurry,HLA-A*03:01,2,0,1,1
T17P,with_flanks,position17_core_or_flank,546,MHCflurry,HLA-B*40:01,0.5,0,0,0
T17P,with_flanks,position17_core_or_flank,546,MHCflurry,HLA-B*40:01,1,0,0,0
T17P,with_flanks,position17_core_or_flank,546,MHCflurry,HLA-B*40:01,2,0,0,0
T17P,with_flanks,position17_core_or_flank,546,MHCflurry,HLA-B*49:01,0.5,0,0,0
T17P,with_flanks,position17_core_or_flank,546,MHCflurry,HLA-B*49:01,1,0,0,0
T17P,with_flanks,position17_core_or_flank,546,MHCflurry,HLA-B*49:01,2,0,1,1
T17P,with_flanks,position17_core_or_flank,546,MHCflurry,HLA-C*03:04,0.5,2,0,-2
T17P,with_flanks,position17_core_or_flank,546,MHCflurry,HLA-C*03:04,1,2,2,0
T17P,with_flanks,position17_core_or_flank,546,MHCflurry,HLA-C*03:04,2,5,5,0
T17P,with_flanks,position17_core_or_flank,546,MHCflurry,HLA-C*07:01,0.5,0,0,0
T17P,with_flanks,position17_core_or_flank,546,MHCflurry,HLA-C*07:01,1,0,0,0
T17P,with_flanks,position17_core_or_flank,546,MHCflurry,HLA-C*07:01,2,1,1,0
T17Q,with_flanks,position17_core_or_flank,546,NetMHC,HLA-A*02:01,0.5,0,0,0
T17Q,with_flanks,position17_core_or_flank,546,NetMHC,HLA-A*02:01,1,0,0,0
T17Q,with_flanks,position17_core_or_flank,546,NetMHC,HLA-A*02:01,2,4,5,1
T17Q,with_flanks,position17_core_or_flank,546,NetMHC,HLA-A*24:02,0.5,0,0,0
T17Q,with_flanks,position17_core_or_flank,546,NetMHC,HLA-A*24:02,1,0,0,0
T17Q,with_flanks,position17_core_or_flank,546,NetMHC,HLA-A*24:02,2,0,1,1
T17Q,with_flanks,position17_core_or_flank,546,NetMHC,HLA-A*03:01,0.5,0,0,0
T17Q,with_flanks,position17_core_or_flank,546,NetMHC,HLA-A*03:01,1,0,0,0
T17Q,with_flanks,position17_core_or_flank,546,NetMHC,HLA-A*03:01,2,0,0,0
T17Q,with_flanks,position17_core_or_flank,546,NetMHC,HLA-B*40:01,0.5,0,0,0
T17Q,with_flanks,position17_core_or_flank,546,NetMHC,HLA-B*40:01,1,0,1,1
T17Q,with_flanks,position17_core_or_flank,546,NetMHC,HLA-B*40:01,2,1,2,1
T17Q,with_flanks,position17_core_or_flank,546,NetMHC,HLA-B*49:01,0.5,0,0,0
T17Q,with_flanks,position17_core_or_flank,546,NetMHC,HLA-B*49:01,1,0,1,1
T17Q,with_flanks,position17_core_or_flank,546,NetMHC,HLA-B*49:01,2,0,1,1
T17Q,with_flanks,position17_core_or_flank,546,NetMHC,HLA-C*03:04,0.5,2,0,-2
T17Q,with_flanks,position17_core_or_flank,546,NetMHC,HLA-C*03:04,1,2,2,0
T17Q,with_flanks,position17_core_or_flank,546,NetMHC,HLA-C*03:04,2,4,4,0
T17Q,with_flanks,position17_core_or_flank,546,NetMHC,HLA-C*07:01,0.5,0,0,0
T17Q,with_flanks,position17_core_or_flank,546,NetMHC,HLA-C*07:01,1,0,0,0
T17Q,with_flanks,position17_core_or_flank,546,NetMHC,HLA-C*07:01,2,1,1,0
T17Q,with_flanks,position17_core_or_flank,546,MHCflurry,HLA-A*02:01,0.5,0,1,1
T17Q,with_flanks,position17_core_or_flank,546,MHCflurry,HLA-A*02:01,1,3,3,0
T17Q,with_flanks,position17_core_or_flank,546,MHCflurry,HLA-A*02:01,2,5,5,0
T17Q,with_flanks,position17_core_or_flank,546,MHCflurry,HLA-A*24:02,0.5,0,0,0
T17Q,with_flanks,position17_core_or_flank,546,MHCflurry,HLA-A*24:02,1,0,0,0
T17Q,with_flanks,position17_core_or_flank,546,MHCflurry,HLA-A*24:02,2,1,1,0
T17Q,with_flanks,position17_core_or_flank,546,MHCflurry,HLA-A*03:01,0.5,0,0,0
T17Q,with_flanks,position17_core_or_flank,546,MHCflurry,HLA-A*03:01,1,0,0,0
T17Q,with_flanks,position17_core_or_flank,546,MHCflurry,HLA-A*03:01,2,0,1,1
T17Q,with_flanks,position17_core_or_flank,546,MHCflurry,HLA-B*40:01,0.5,0,0,0
T17Q,with_flanks,position17_core_or_flank,546,MHCflurry,HLA-B*40:01,1,0,0,0
T17Q,with_flanks,position17_core_or_flank,546,MHCflurry,HLA-B*40:01,2,0,0,0
T17Q,with_flanks,position17_core_or_flank,546,MHCflurry,HLA-B*49:01,0.5,0,0,0
T17Q,with_flanks,position17_core_or_flank,546,MHCflurry,HLA-B*49:01,1,0,1,1
T17Q,with_flanks,position17_core_or_flank,546,MHCflurry,HLA-B*49:01,2,0,1,1
T17Q,with_flanks,position17_core_or_flank,546,MHCflurry,HLA-C*03:04,0.5,2,1,-1
T17Q,with_flanks,position17_core_or_flank,546,MHCflurry,HLA-C*03:04,1,2,2,0
T17Q,with_flanks,position17_core_or_flank,546,MHCflurry,HLA-C*03:04,2,5,5,0
T17Q,with_flanks,position17_core_or_flank,546,MHCflurry,HLA-C*07:01,0.5,0,0,0
T17Q,with_flanks,position17_core_or_flank,546,MHCflurry,HLA-C*07:01,1,0,0,0
T17Q,with_flanks,position17_core_or_flank,546,MHCflurry,HLA-C*07:01,2,1,1,0
T17R,with_flanks,position17_core_or_flank,546,NetMHC,HLA-A*02:01,0.5,0,0,0
T17R,with_flanks,position17_core_or_flank,546,NetMHC,HLA-A*02:01,1,0,0,0
T17R,with_flanks,position17_core_or_flank,546,NetMHC,HLA-A*02:01,2,4,3,-1
T17R,with_flanks,position17_core_or_flank,546,NetMHC,HLA-A*24:02,0.5,0,0,0
T17R,with_flanks,position17_core_or_flank,546,NetMHC,HLA-A*24:02,1,0,0,0
T17R,with_flanks,position17_core_or_flank,546,NetMHC,HLA-A*24:02,2,0,0,0
T17R,with_flanks,position17_core_or_flank,546,NetMHC,HLA-A*03:01,0.5,0,0,0
T17R,with_flanks,position17_core_or_flank,546,NetMHC,HLA-A*03:01,1,0,0,0
T17R,with_flanks,position17_core_or_flank,546,NetMHC,HLA-A*03:01,2,0,1,1
T17R,with_flanks,position17_core_or_flank,546,NetMHC,HLA-B*40:01,0.5,0,0,0
T17R,with_flanks,position17_core_or_flank,546,NetMHC,HLA-B*40:01,1,0,0,0
T17R,with_flanks,position17_core_or_flank,546,NetMHC,HLA-B*40:01,2,1,1,0
T17R,with_flanks,position17_core_or_flank,546,NetMHC,HLA-B*49:01,0.5,0,0,0
T17R,with_flanks,position17_core_or_flank,546,NetMHC,HLA-B*49:01,1,0,0,0
T17R,with_flanks,position17_core_or_flank,546,NetMHC,HLA-B*49:01,2,0,0,0
T17R,with_flanks,position17_core_or_flank,546,NetMHC,HLA-C*03:04,0.5,2,1,-1
T17R,with_flanks,position17_core_or_flank,546,NetMHC,HLA-C*03:04,1,2,1,-1
T17R,with_flanks,position17_core_or_flank,546,NetMHC,HLA-C*03:04,2,4,3,-1
T17R,with_flanks,position17_core_or_flank,546,NetMHC,HLA-C*07:01,0.5,0,1,1
T17R,with_flanks,position17_core_or_flank,546,NetMHC,HLA-C*07:01,1,0,1,1
T17R,with_flanks,position17_core_or_flank,546,NetMHC,HLA-C*07:01,2,1,2,1
T17R,with_flanks,position17_core_or_flank,546,MHCflurry,HLA-A*02:01,0.5,0,0,0
T17R,with_flanks,position17_core_or_flank,546,MHCflurry,HLA-A*02:01,1,3,1,-2
T17R,with_flanks,position17_core_or_flank,546,MHCflurry,HLA-A*02:01,2,5,3,-2
T17R,with_flanks,position17_core_or_flank,546,MHCflurry,HLA-A*24:02,0.5,0,0,0
T17R,with_flanks,position17_core_or_flank,546,MHCflurry,HLA-A*24:02,1,0,0,0
T17R,with_flanks,position17_core_or_flank,546,MHCflurry,HLA-A*24:02,2,1,0,-1
T17R,with_flanks,position17_core_or_flank,546,MHCflurry,HLA-A*03:01,0.5,0,0,0
T17R,with_flanks,position17_core_or_flank,546,MHCflurry,HLA-A*03:01,1,0,1,1
T17R,with_flanks,position17_core_or_flank,546,MHCflurry,HLA-A*03:01,2,0,1,1
T17R,with_flanks,position17_core_or_flank,546,MHCflurry,HLA-B*40:01,0.5,0,0,0
T17R,with_flanks,position17_core_or_flank,546,MHCflurry,HLA-B*40:01,1,0,0,0
T17R,with_flanks,position17_core_or_flank,546,MHCflurry,HLA-B*40:01,2,0,0,0
T17R,with_flanks,position17_core_or_flank,546,MHCflurry,HLA-B*49:01,0.5,0,0,0
T17R,with_flanks,position17_core_or_flank,546,MHCflurry,HLA-B*49:01,1,0,0,0
T17R,with_flanks,position17_core_or_flank,546,MHCflurry,HLA-B*49:01,2,0,0,0
T17R,with_flanks,position17_core_or_flank,546,MHCflurry,HLA-C*03:04,0.5,2,1,-1
T17R,with_flanks,position17_core_or_flank,546,MHCflurry,HLA-C*03:04,1,2,1,-1
T17R,with_flanks,position17_core_or_flank,546,MHCflurry,HLA-C*03:04,2,5,3,-2
T17R,with_flanks,position17_core_or_flank,546,MHCflurry,HLA-C*07:01,0.5,0,1,1
T17R,with_flanks,position17_core_or_flank,546,MHCflurry,HLA-C*07:01,1,0,2,2
T17R,with_flanks,position17_core_or_flank,546,MHCflurry,HLA-C*07:01,2,1,2,1
T17S,with_flanks,position17_core_or_flank,546,NetMHC,HLA-A*02:01,0.5,0,0,0
T17S,with_flanks,position17_core_or_flank,546,NetMHC,HLA-A*02:01,1,0,0,0
T17S,with_flanks,position17_core_or_flank,546,NetMHC,HLA-A*02:01,2,4,3,-1
T17S,with_flanks,position17_core_or_flank,546,NetMHC,HLA-A*24:02,0.5,0,0,0
T17S,with_flanks,position17_core_or_flank,546,NetMHC,HLA-A*24:02,1,0,0,0
T17S,with_flanks,position17_core_or_flank,546,NetMHC,HLA-A*24:02,2,0,0,0
T17S,with_flanks,position17_core_or_flank,546,NetMHC,HLA-A*03:01,0.5,0,0,0
T17S,with_flanks,position17_core_or_flank,546,NetMHC,HLA-A*03:01,1,0,0,0
T17S,with_flanks,position17_core_or_flank,546,NetMHC,HLA-A*03:01,2,0,1,1
T17S,with_flanks,position17_core_or_flank,546,NetMHC,HLA-B*40:01,0.5,0,0,0
T17S,with_flanks,position17_core_or_flank,546,NetMHC,HLA-B*40:01,1,0,0,0
T17S,with_flanks,position17_core_or_flank,546,NetMHC,HLA-B*40:01,2,1,1,0
T17S,with_flanks,position17_core_or_flank,546,NetMHC,HLA-B*49:01,0.5,0,0,0
T17S,with_flanks,position17_core_or_flank,546,NetMHC,HLA-B*49:01,1,0,0,0
T17S,with_flanks,position17_core_or_flank,546,NetMHC,HLA-B*49:01,2,0,0,0
T17S,with_flanks,position17_core_or_flank,546,NetMHC,HLA-C*03:04,0.5,2,2,0
T17S,with_flanks,position17_core_or_flank,546,NetMHC,HLA-C*03:04,1,2,2,0
T17S,with_flanks,position17_core_or_flank,546,NetMHC,HLA-C*03:04,2,4,5,1
T17S,with_flanks,position17_core_or_flank,546,NetMHC,HLA-C*07:01,0.5,0,0,0
T17S,with_flanks,position17_core_or_flank,546,NetMHC,HLA-C*07:01,1,0,0,0
T17S,with_flanks,position17_core_or_flank,546,NetMHC,HLA-C*07:01,2,1,1,0
T17S,with_flanks,position17_core_or_flank,546,MHCflurry,HLA-A*02:01,0.5,0,0,0
T17S,with_flanks,position17_core_or_flank,546,MHCflurry,HLA-A*02:01,1,3,2,-1
T17S,with_flanks,position17_core_or_flank,546,MHCflurry,HLA-A*02:01,2,5,5,0
T17S,with_flanks,position17_core_or_flank,546,MHCflurry,HLA-A*24:02,0.5,0,0,0
T17S,with_flanks,position17_core_or_flank,546,MHCflurry,HLA-A*24:02,1,0,0,0
T17S,with_flanks,position17_core_or_flank,546,MHCflurry,HLA-A*24:02,2,1,0,-1
T17S,with_flanks,position17_core_or_flank,546,MHCflurry,HLA-A*03:01,0.5,0,0,0
T17S,with_flanks,position17_core_or_flank,546,MHCflurry,HLA-A*03:01,1,0,0,0
T17S,with_flanks,position17_core_or_flank,546,MHCflurry,HLA-A*03:01,2,0,1,1
T17S,with_flanks,position17_core_or_flank,546,MHCflurry,HLA-B*40:01,0.5,0,0,0
T17S,with_flanks,position17_core_or_flank,546,MHCflurry,HLA-B*40:01,1,0,0,0
T17S,with_flanks,position17_core_or_flank,546,MHCflurry,HLA-B*40:01,2,0,0,0
T17S,with_flanks,position17_core_or_flank,546,MHCflurry,HLA-B*49:01,0.5,0,0,0
T17S,with_flanks,position17_core_or_flank,546,MHCflurry,HLA-B*49:01,1,0,0,0
T17S,with_flanks,position17_core_or_flank,546,MHCflurry,HLA-B*49:01,2,0,0,0
T17S,with_flanks,position17_core_or_flank,546,MHCflurry,HLA-C*03:04,0.5,2,2,0
T17S,with_flanks,position17_core_or_flank,546,MHCflurry,HLA-C*03:04,1,2,2,0
T17S,with_flanks,position17_core_or_flank,546,MHCflurry,HLA-C*03:04,2,5,4,-1
T17S,with_flanks,position17_core_or_flank,546,MHCflurry,HLA-C*07:01,0.5,0,0,0
T17S,with_flanks,position17_core_or_flank,546,MHCflurry,HLA-C*07:01,1,0,0,0
T17S,with_flanks,position17_core_or_flank,546,MHCflurry,HLA-C*07:01,2,1,2,1
T17T,with_flanks,position17_core_or_flank,546,NetMHC,HLA-A*02:01,0.5,0,0,0
T17T,with_flanks,position17_core_or_flank,546,NetMHC,HLA-A*02:01,1,0,0,0
T17T,with_flanks,position17_core_or_flank,546,NetMHC,HLA-A*02:01,2,4,4,0
T17T,with_flanks,position17_core_or_flank,546,NetMHC,HLA-A*24:02,0.5,0,0,0
T17T,with_flanks,position17_core_or_flank,546,NetMHC,HLA-A*24:02,1,0,0,0
T17T,with_flanks,position17_core_or_flank,546,NetMHC,HLA-A*24:02,2,0,0,0
T17T,with_flanks,position17_core_or_flank,546,NetMHC,HLA-A*03:01,0.5,0,0,0
T17T,with_flanks,position17_core_or_flank,546,NetMHC,HLA-A*03:01,1,0,0,0
T17T,with_flanks,position17_core_or_flank,546,NetMHC,HLA-A*03:01,2,0,0,0
T17T,with_flanks,position17_core_or_flank,546,NetMHC,HLA-B*40:01,0.5,0,0,0
T17T,with_flanks,position17_core_or_flank,546,NetMHC,HLA-B*40:01,1,0,0,0
T17T,with_flanks,position17_core_or_flank,546,NetMHC,HLA-B*40:01,2,1,1,0
T17T,with_flanks,position17_core_or_flank,546,NetMHC,HLA-B*49:01,0.5,0,0,0
T17T,with_flanks,position17_core_or_flank,546,NetMHC,HLA-B*49:01,1,0,0,0
T17T,with_flanks,position17_core_or_flank,546,NetMHC,HLA-B*49:01,2,0,0,0
T17T,with_flanks,position17_core_or_flank,546,NetMHC,HLA-C*03:04,0.5,2,2,0
T17T,with_flanks,position17_core_or_flank,546,NetMHC,HLA-C*03:04,1,2,2,0
T17T,with_flanks,position17_core_or_flank,546,NetMHC,HLA-C*03:04,2,4,4,0
T17T,with_flanks,position17_core_or_flank,546,NetMHC,HLA-C*07:01,0.5,0,0,0
T17T,with_flanks,position17_core_or_flank,546,NetMHC,HLA-C*07:01,1,0,0,0
T17T,with_flanks,position17_core_or_flank,546,NetMHC,HLA-C*07:01,2,1,1,0
T17T,with_flanks,position17_core_or_flank,546,MHCflurry,HLA-A*02:01,0.5,0,0,0
T17T,with_flanks,position17_core_or_flank,546,MHCflurry,HLA-A*02:01,1,3,3,0
T17T,with_flanks,position17_core_or_flank,546,MHCflurry,HLA-A*02:01,2,5,5,0
T17T,with_flanks,position17_core_or_flank,546,MHCflurry,HLA-A*24:02,0.5,0,0,0
T17T,with_flanks,position17_core_or_flank,546,MHCflurry,HLA-A*24:02,1,0,0,0
T17T,with_flanks,position17_core_or_flank,546,MHCflurry,HLA-A*24:02,2,1,1,0
T17T,with_flanks,position17_core_or_flank,546,MHCflurry,HLA-A*03:01,0.5,0,0,0
T17T,with_flanks,position17_core_or_flank,546,MHCflurry,HLA-A*03:01,1,0,0,0
T17T,with_flanks,position17_core_or_flank,546,MHCflurry,HLA-A*03:01,2,0,0,0
T17T,with_flanks,position17_core_or_flank,546,MHCflurry,HLA-B*40:01,0.5,0,0,0
T17T,with_flanks,position17_core_or_flank,546,MHCflurry,HLA-B*40:01,1,0,0,0
T17T,with_flanks,position17_core_or_flank,546,MHCflurry,HLA-B*40:01,2,0,0,0
T17T,with_flanks,position17_core_or_flank,546,MHCflurry,HLA-B*49:01,0.5,0,0,0
T17T,with_flanks,position17_core_or_flank,546,MHCflurry,HLA-B*49:01,1,0,0,0
T17T,with_flanks,position17_core_or_flank,546,MHCflurry,HLA-B*49:01,2,0,0,0
T17T,with_flanks,position17_core_or_flank,546,MHCflurry,HLA-C*03:04,0.5,2,2,0
T17T,with_flanks,position17_core_or_flank,546,MHCflurry,HLA-C*03:04,1,2,2,0
T17T,with_flanks,position17_core_or_flank,546,MHCflurry,HLA-C*03:04,2,5,5,0
T17T,with_flanks,position17_core_or_flank,546,MHCflurry,HLA-C*07:01,0.5,0,0,0
T17T,with_flanks,position17_core_or_flank,546,MHCflurry,HLA-C*07:01,1,0,0,0
T17T,with_flanks,position17_core_or_flank,546,MHCflurry,HLA-C*07:01,2,1,1,0
T17V,with_flanks,position17_core_or_flank,546,NetMHC,HLA-A*02:01,0.5,0,0,0
T17V,with_flanks,position17_core_or_flank,546,NetMHC,HLA-A*02:01,1,0,0,0
T17V,with_flanks,position17_core_or_flank,546,NetMHC,HLA-A*02:01,2,4,3,-1
T17V,with_flanks,position17_core_or_flank,546,NetMHC,HLA-A*24:02,0.5,0,0,0
T17V,with_flanks,position17_core_or_flank,546,NetMHC,HLA-A*24:02,1,0,0,0
T17V,with_flanks,position17_core_or_flank,546,NetMHC,HLA-A*24:02,2,0,0,0
T17V,with_flanks,position17_core_or_flank,546,NetMHC,HLA-A*03:01,0.5,0,0,0
T17V,with_flanks,position17_core_or_flank,546,NetMHC,HLA-A*03:01,1,0,0,0
T17V,with_flanks,position17_core_or_flank,546,NetMHC,HLA-A*03:01,2,0,0,0
T17V,with_flanks,position17_core_or_flank,546,NetMHC,HLA-B*40:01,0.5,0,0,0
T17V,with_flanks,position17_core_or_flank,546,NetMHC,HLA-B*40:01,1,0,0,0
T17V,with_flanks,position17_core_or_flank,546,NetMHC,HLA-B*40:01,2,1,1,0
T17V,with_flanks,position17_core_or_flank,546,NetMHC,HLA-B*49:01,0.5,0,0,0
T17V,with_flanks,position17_core_or_flank,546,NetMHC,HLA-B*49:01,1,0,0,0
T17V,with_flanks,position17_core_or_flank,546,NetMHC,HLA-B*49:01,2,0,0,0
T17V,with_flanks,position17_core_or_flank,546,NetMHC,HLA-C*03:04,0.5,2,2,0
T17V,with_flanks,position17_core_or_flank,546,NetMHC,HLA-C*03:04,1,2,2,0
T17V,with_flanks,position17_core_or_flank,546,NetMHC,HLA-C*03:04,2,4,5,1
T17V,with_flanks,position17_core_or_flank,546,NetMHC,HLA-C*07:01,0.5,0,0,0
T17V,with_flanks,position17_core_or_flank,546,NetMHC,HLA-C*07:01,1,0,0,0
T17V,with_flanks,position17_core_or_flank,546,NetMHC,HLA-C*07:01,2,1,1,0
T17V,with_flanks,position17_core_or_flank,546,MHCflurry,HLA-A*02:01,0.5,0,1,1
T17V,with_flanks,position17_core_or_flank,546,MHCflurry,HLA-A*02:01,1,3,3,0
T17V,with_flanks,position17_core_or_flank,546,MHCflurry,HLA-A*02:01,2,5,7,2
T17V,with_flanks,position17_core_or_flank,546,MHCflurry,HLA-A*24:02,0.5,0,0,0
T17V,with_flanks,position17_core_or_flank,546,MHCflurry,HLA-A*24:02,1,0,0,0
T17V,with_flanks,position17_core_or_flank,546,MHCflurry,HLA-A*24:02,2,1,0,-1
T17V,with_flanks,position17_core_or_flank,546,MHCflurry,HLA-A*03:01,0.5,0,0,0
T17V,with_flanks,position17_core_or_flank,546,MHCflurry,HLA-A*03:01,1,0,0,0
T17V,with_flanks,position17_core_or_flank,546,MHCflurry,HLA-A*03:01,2,0,1,1
T17V,with_flanks,position17_core_or_flank,546,MHCflurry,HLA-B*40:01,0.5,0,0,0
T17V,with_flanks,position17_core_or_flank,546,MHCflurry,HLA-B*40:01,1,0,0,0
T17V,with_flanks,position17_core_or_flank,546,MHCflurry,HLA-B*40:01,2,0,0,0
T17V,with_flanks,position17_core_or_flank,546,MHCflurry,HLA-B*49:01,0.5,0,0,0
T17V,with_flanks,position17_core_or_flank,546,MHCflurry,HLA-B*49:01,1,0,0,0
T17V,with_flanks,position17_core_or_flank,546,MHCflurry,HLA-B*49:01,2,0,0,0
T17V,with_flanks,position17_core_or_flank,546,MHCflurry,HLA-C*03:04,0.5,2,2,0
T17V,with_flanks,position17_core_or_flank,546,MHCflurry,HLA-C*03:04,1,2,2,0
T17V,with_flanks,position17_core_or_flank,546,MHCflurry,HLA-C*03:04,2,5,6,1
T17V,with_flanks,position17_core_or_flank,546,MHCflurry,HLA-C*07:01,0.5,0,0,0
T17V,with_flanks,position17_core_or_flank,546,MHCflurry,HLA-C*07:01,1,0,0,0
T17V,with_flanks,position17_core_or_flank,546,MHCflurry,HLA-C*07:01,2,1,1,0
T17W,with_flanks,position17_core_or_flank,546,NetMHC,HLA-A*02:01,0.5,0,0,0
T17W,with_flanks,position17_core_or_flank,546,NetMHC,HLA-A*02:01,1,0,0,0
T17W,with_flanks,position17_core_or_flank,546,NetMHC,HLA-A*02:01,2,4,1,-3
T17W,with_flanks,position17_core_or_flank,546,NetMHC,HLA-A*24:02,0.5,0,1,1
T17W,with_flanks,position17_core_or_flank,546,NetMHC,HLA-A*24:02,1,0,1,1
T17W,with_flanks,position17_core_or_flank,546,NetMHC,HLA-A*24:02,2,0,2,2
T17W,with_flanks,position17_core_or_flank,546,NetMHC,HLA-A*03:01,0.5,0,0,0
T17W,with_flanks,position17_core_or_flank,546,NetMHC,HLA-A*03:01,1,0,0,0
T17W,with_flanks,position17_core_or_flank,546,NetMHC,HLA-A*03:01,2,0,1,1
T17W,with_flanks,position17_core_or_flank,546,NetMHC,HLA-B*40:01,0.5,0,0,0
T17W,with_flanks,position17_core_or_flank,546,NetMHC,HLA-B*40:01,1,0,0,0
T17W,with_flanks,position17_core_or_flank,546,NetMHC,HLA-B*40:01,2,1,1,0
T17W,with_flanks,position17_core_or_flank,546,NetMHC,HLA-B*49:01,0.5,0,0,0
T17W,with_flanks,position17_core_or_flank,546,NetMHC,HLA-B*49:01,1,0,0,0
T17W,with_flanks,position17_core_or_flank,546,NetMHC,HLA-B*49:01,2,0,0,0
T17W,with_flanks,position17_core_or_flank,546,NetMHC,HLA-C*03:04,0.5,2,1,-1
T17W,with_flanks,position17_core_or_flank,546,NetMHC,HLA-C*03:04,1,2,1,-1
T17W,with_flanks,position17_core_or_flank,546,NetMHC,HLA-C*03:04,2,4,2,-2
T17W,with_flanks,position17_core_or_flank,546,NetMHC,HLA-C*07:01,0.5,0,0,0
T17W,with_flanks,position17_core_or_flank,546,NetMHC,HLA-C*07:01,1,0,0,0
T17W,with_flanks,position17_core_or_flank,546,NetMHC,HLA-C*07:01,2,1,0,-1
T17W,with_flanks,position17_core_or_flank,546,MHCflurry,HLA-A*02:01,0.5,0,0,0
T17W,with_flanks,position17_core_or_flank,546,MHCflurry,HLA-A*02:01,1,3,1,-2
T17W,with_flanks,position17_core_or_flank,546,MHCflurry,HLA-A*02:01,2,5,4,-1
T17W,with_flanks,position17_core_or_flank,546,MHCflurry,HLA-A*24:02,0.5,0,1,1
T17W,with_flanks,position17_core_or_flank,546,MHCflurry,HLA-A*24:02,1,0,1,1
T17W,with_flanks,position17_core_or_flank,546,MHCflurry,HLA-A*24:02,2,1,1,0
T17W,with_flanks,position17_core_or_flank,546,MHCflurry,HLA-A*03:01,0.5,0,0,0
T17W,with_flanks,position17_core_or_flank,546,MHCflurry,HLA-A*03:01,1,0,1,1
T17W,with_flanks,position17_core_or_flank,546,MHCflurry,HLA-A*03:01,2,0,1,1
T17W,with_flanks,position17_core_or_flank,546,MHCflurry,HLA-B*40:01,0.5,0,0,0
T17W,with_flanks,position17_core_or_flank,546,MHCflurry,HLA-B*40:01,1,0,0,0
T17W,with_flanks,position17_core_or_flank,546,MHCflurry,HLA-B*40:01,2,0,0,0
T17W,with_flanks,position17_core_or_flank,546,MHCflurry,HLA-B*49:01,0.5,0,0,0
T17W,with_flanks,position17_core_or_flank,546,MHCflurry,HLA-B*49:01,1,0,0,0
T17W,with_flanks,position17_core_or_flank,546,MHCflurry,HLA-B*49:01,2,0,0,0
T17W,with_flanks,position17_core_or_flank,546,MHCflurry,HLA-C*03:04,0.5,2,0,-2
T17W,with_flanks,position17_core_or_flank,546,MHCflurry,HLA-C*03:04,1,2,1,-1
T17W,with_flanks,position17_core_or_flank,546,MHCflurry,HLA-C*03:04,2,5,2,-3
T17W,with_flanks,position17_core_or_flank,546,MHCflurry,HLA-C*07:01,0.5,0,0,0
T17W,with_flanks,position17_core_or_flank,546,MHCflurry,HLA-C*07:01,1,0,0,0
T17W,with_flanks,position17_core_or_flank,546,MHCflurry,HLA-C*07:01,2,1,0,-1
T17Y,with_flanks,position17_core_or_flank,546,NetMHC,HLA-A*02:01,0.5,0,0,0
T17Y,with_flanks,position17_core_or_flank,546,NetMHC,HLA-A*02:01,1,0,0,0
T17Y,with_flanks,position17_core_or_flank,546,NetMHC,HLA-A*02:01,2,4,4,0
T17Y,with_flanks,position17_core_or_flank,546,NetMHC,HLA-A*24:02,0.5,0,2,2
T17Y,with_flanks,position17_core_or_flank,546,NetMHC,HLA-A*24:02,1,0,3,3
T17Y,with_flanks,position17_core_or_flank,546,NetMHC,HLA-A*24:02,2,0,5,5
T17Y,with_flanks,position17_core_or_flank,546,NetMHC,HLA-A*03:01,0.5,0,0,0
T17Y,with_flanks,position17_core_or_flank,546,NetMHC,HLA-A*03:01,1,0,1,1
T17Y,with_flanks,position17_core_or_flank,546,NetMHC,HLA-A*03:01,2,0,2,2
T17Y,with_flanks,position17_core_or_flank,546,NetMHC,HLA-B*40:01,0.5,0,0,0
T17Y,with_flanks,position17_core_or_flank,546,NetMHC,HLA-B*40:01,1,0,0,0
T17Y,with_flanks,position17_core_or_flank,546,NetMHC,HLA-B*40:01,2,1,1,0
T17Y,with_flanks,position17_core_or_flank,546,NetMHC,HLA-B*49:01,0.5,0,0,0
T17Y,with_flanks,position17_core_or_flank,546,NetMHC,HLA-B*49:01,1,0,0,0
T17Y,with_flanks,position17_core_or_flank,546,NetMHC,HLA-B*49:01,2,0,0,0
T17Y,with_flanks,position17_core_or_flank,546,NetMHC,HLA-C*03:04,0.5,2,1,-1
T17Y,with_flanks,position17_core_or_flank,546,NetMHC,HLA-C*03:04,1,2,2,0
T17Y,with_flanks,position17_core_or_flank,546,NetMHC,HLA-C*03:04,2,4,4,0
T17Y,with_flanks,position17_core_or_flank,546,NetMHC,HLA-C*07:01,0.5,0,1,1
T17Y,with_flanks,position17_core_or_flank,546,NetMHC,HLA-C*07:01,1,0,1,1
T17Y,with_flanks,position17_core_or_flank,546,NetMHC,HLA-C*07:01,2,1,2,1
T17Y,with_flanks,position17_core_or_flank,546,MHCflurry,HLA-A*02:01,0.5,0,0,0
T17Y,with_flanks,position17_core_or_flank,546,MHCflurry,HLA-A*02:01,1,3,2,-1
T17Y,with_flanks,position17_core_or_flank,546,MHCflurry,HLA-A*02:01,2,5,6,1
T17Y,with_flanks,position17_core_or_flank,546,MHCflurry,HLA-A*24:02,0.5,0,1,1
T17Y,with_flanks,position17_core_or_flank,546,MHCflurry,HLA-A*24:02,1,0,1,1
T17Y,with_flanks,position17_core_or_flank,546,MHCflurry,HLA-A*24:02,2,1,1,0
T17Y,with_flanks,position17_core_or_flank,546,MHCflurry,HLA-A*03:01,0.5,0,1,1
T17Y,with_flanks,position17_core_or_flank,546,MHCflurry,HLA-A*03:01,1,0,1,1
T17Y,with_flanks,position17_core_or_flank,546,MHCflurry,HLA-A*03:01,2,0,1,1
T17Y,with_flanks,position17_core_or_flank,546,MHCflurry,HLA-B*40:01,0.5,0,0,0
T17Y,with_flanks,position17_core_or_flank,546,MHCflurry,HLA-B*40:01,1,0,0,0
T17Y,with_flanks,position17_core_or_flank,546,MHCflurry,HLA-B*40:01,2,0,0,0
T17Y,with_flanks,position17_core_or_flank,546,MHCflurry,HLA-B*49:01,0.5,0,0,0
T17Y,with_flanks,position17_core_or_flank,546,MHCflurry,HLA-B*49:01,1,0,0,0
T17Y,with_flanks,position17_core_or_flank,546,MHCflurry,HLA-B*49:01,2,0,0,0
T17Y,with_flanks,position17_core_or_flank,546,MHCflurry,HLA-C*03:04,0.5,2,1,-1
T17Y,with_flanks,position17_core_or_flank,546,MHCflurry,HLA-C*03:04,1,2,1,-1
T17Y,with_flanks,position17_core_or_flank,546,MHCflurry,HLA-C*03:04,2,5,5,0
T17Y,with_flanks,position17_core_or_flank,546,MHCflurry,HLA-C*07:01,0.5,0,0,0
T17Y,with_flanks,position17_core_or_flank,546,MHCflurry,HLA-C*07:01,1,0,2,2
T17Y,with_flanks,position17_core_or_flank,546,MHCflurry,HLA-C*07:01,2,1,2,1
T17A,without_flanks,position17_containing,266,NetMHC,HLA-A*02:01,0.5,0,0,0
T17A,without_flanks,position17_containing,266,NetMHC,HLA-A*02:01,1,0,0,0
T17A,without_flanks,position17_containing,266,NetMHC,HLA-A*02:01,2,3,0,-3
T17A,without_flanks,position17_containing,266,NetMHC,HLA-A*24:02,0.5,0,0,0
T17A,without_flanks,position17_containing,266,NetMHC,HLA-A*24:02,1,0,0,0
T17A,without_flanks,position17_containing,266,NetMHC,HLA-A*24:02,2,0,0,0
T17A,without_flanks,position17_containing,266,NetMHC,HLA-A*03:01,0.5,0,0,0
T17A,without_flanks,position17_containing,266,NetMHC,HLA-A*03:01,1,0,0,0
T17A,without_flanks,position17_containing,266,NetMHC,HLA-A*03:01,2,0,1,1
T17A,without_flanks,position17_containing,266,NetMHC,HLA-B*40:01,0.5,0,0,0
T17A,without_flanks,position17_containing,266,NetMHC,HLA-B*40:01,1,0,0,0
T17A,without_flanks,position17_containing,266,NetMHC,HLA-B*40:01,2,0,0,0
T17A,without_flanks,position17_containing,266,NetMHC,HLA-B*49:01,0.5,0,0,0
T17A,without_flanks,position17_containing,266,NetMHC,HLA-B*49:01,1,0,0,0
T17A,without_flanks,position17_containing,266,NetMHC,HLA-B*49:01,2,0,0,0
T17A,without_flanks,position17_containing,266,NetMHC,HLA-C*03:04,0.5,2,2,0
T17A,without_flanks,position17_containing,266,NetMHC,HLA-C*03:04,1,2,2,0
T17A,without_flanks,position17_containing,266,NetMHC,HLA-C*03:04,2,3,3,0
T17A,without_flanks,position17_containing,266,NetMHC,HLA-C*07:01,0.5,0,0,0
T17A,without_flanks,position17_containing,266,NetMHC,HLA-C*07:01,1,0,0,0
T17A,without_flanks,position17_containing,266,NetMHC,HLA-C*07:01,2,1,1,0
T17A,without_flanks,position17_containing,266,MHCflurry,HLA-A*02:01,0.5,0,0,0
T17A,without_flanks,position17_containing,266,MHCflurry,HLA-A*02:01,1,1,1,0
T17A,without_flanks,position17_containing,266,MHCflurry,HLA-A*02:01,2,3,4,1
T17A,without_flanks,position17_containing,266,MHCflurry,HLA-A*24:02,0.5,0,0,0
T17A,without_flanks,position17_containing,266,MHCflurry,HLA-A*24:02,1,0,0,0
T17A,without_flanks,position17_containing,266,MHCflurry,HLA-A*24:02,2,0,0,0
T17A,without_flanks,position17_containing,266,MHCflurry,HLA-A*03:01,0.5,0,0,0
T17A,without_flanks,position17_containing,266,MHCflurry,HLA-A*03:01,1,0,0,0
T17A,without_flanks,position17_containing,266,MHCflurry,HLA-A*03:01,2,0,1,1
T17A,without_flanks,position17_containing,266,MHCflurry,HLA-B*40:01,0.5,0,0,0
T17A,without_flanks,position17_containing,266,MHCflurry,HLA-B*40:01,1,0,0,0
T17A,without_flanks,position17_containing,266,MHCflurry,HLA-B*40:01,2,0,0,0
T17A,without_flanks,position17_containing,266,MHCflurry,HLA-B*49:01,0.5,0,0,0
T17A,without_flanks,position17_containing,266,MHCflurry,HLA-B*49:01,1,0,0,0
T17A,without_flanks,position17_containing,266,MHCflurry,HLA-B*49:01,2,0,0,0
T17A,without_flanks,position17_containing,266,MHCflurry,HLA-C*03:04,0.5,2,2,0
T17A,without_flanks,position17_containing,266,MHCflurry,HLA-C*03:04,1,2,2,0
T17A,without_flanks,position17_containing,266,MHCflurry,HLA-C*03:04,2,4,4,0
T17A,without_flanks,position17_containing,266,MHCflurry,HLA-C*07:01,0.5,0,0,0
T17A,without_flanks,position17_containing,266,MHCflurry,HLA-C*07:01,1,0,0,0
T17A,without_flanks,position17_containing,266,MHCflurry,HLA-C*07:01,2,0,1,1
T17C,without_flanks,position17_containing,266,NetMHC,HLA-A*02:01,0.5,0,0,0
T17C,without_flanks,position17_containing,266,NetMHC,HLA-A*02:01,1,0,0,0
T17C,without_flanks,position17_containing,266,NetMHC,HLA-A*02:01,2,3,0,-3
T17C,without_flanks,position17_containing,266,NetMHC,HLA-A*24:02,0.5,0,0,0
T17C,without_flanks,position17_containing,266,NetMHC,HLA-A*24:02,1,0,0,0
T17C,without_flanks,position17_containing,266,NetMHC,HLA-A*24:02,2,0,0,0
T17C,without_flanks,position17_containing,266,NetMHC,HLA-A*03:01,0.5,0,0,0
T17C,without_flanks,position17_containing,266,NetMHC,HLA-A*03:01,1,0,0,0
T17C,without_flanks,position17_containing,266,NetMHC,HLA-A*03:01,2,0,0,0
T17C,without_flanks,position17_containing,266,NetMHC,HLA-B*40:01,0.5,0,0,0
T17C,without_flanks,position17_containing,266,NetMHC,HLA-B*40:01,1,0,0,0
T17C,without_flanks,position17_containing,266,NetMHC,HLA-B*40:01,2,0,0,0
T17C,without_flanks,position17_containing,266,NetMHC,HLA-B*49:01,0.5,0,0,0
T17C,without_flanks,position17_containing,266,NetMHC,HLA-B*49:01,1,0,0,0
T17C,without_flanks,position17_containing,266,NetMHC,HLA-B*49:01,2,0,0,0
T17C,without_flanks,position17_containing,266,NetMHC,HLA-C*03:04,0.5,2,0,-2
T17C,without_flanks,position17_containing,266,NetMHC,HLA-C*03:04,1,2,1,-1
T17C,without_flanks,position17_containing,266,NetMHC,HLA-C*03:04,2,3,2,-1
T17C,without_flanks,position17_containing,266,NetMHC,HLA-C*07:01,0.5,0,0,0
T17C,without_flanks,position17_containing,266,NetMHC,HLA-C*07:01,1,0,0,0
T17C,without_flanks,position17_containing,266,NetMHC,HLA-C*07:01,2,1,0,-1
T17C,without_flanks,position17_containing,266,MHCflurry,HLA-A*02:01,0.5,0,0,0
T17C,without_flanks,position17_containing,266,MHCflurry,HLA-A*02:01,1,1,0,-1
T17C,without_flanks,position17_containing,266,MHCflurry,HLA-A*02:01,2,3,2,-1
T17C,without_flanks,position17_containing,266,MHCflurry,HLA-A*24:02,0.5,0,0,0
T17C,without_flanks,position17_containing,266,MHCflurry,HLA-A*24:02,1,0,0,0
T17C,without_flanks,position17_containing,266,MHCflurry,HLA-A*24:02,2,0,0,0
T17C,without_flanks,position17_containing,266,MHCflurry,HLA-A*03:01,0.5,0,0,0
T17C,without_flanks,position17_containing,266,MHCflurry,HLA-A*03:01,1,0,0,0
T17C,without_flanks,position17_containing,266,MHCflurry,HLA-A*03:01,2,0,0,0
T17C,without_flanks,position17_containing,266,MHCflurry,HLA-B*40:01,0.5,0,0,0
T17C,without_flanks,position17_containing,266,MHCflurry,HLA-B*40:01,1,0,0,0
T17C,without_flanks,position17_containing,266,MHCflurry,HLA-B*40:01,2,0,0,0
T17C,without_flanks,position17_containing,266,MHCflurry,HLA-B*49:01,0.5,0,0,0
T17C,without_flanks,position17_containing,266,MHCflurry,HLA-B*49:01,1,0,0,0
T17C,without_flanks,position17_containing,266,MHCflurry,HLA-B*49:01,2,0,0,0
T17C,without_flanks,position17_containing,266,MHCflurry,HLA-C*03:04,0.5,2,1,-1
T17C,without_flanks,position17_containing,266,MHCflurry,HLA-C*03:04,1,2,1,-1
T17C,without_flanks,position17_containing,266,MHCflurry,HLA-C*03:04,2,4,2,-2
T17C,without_flanks,position17_containing,266,MHCflurry,HLA-C*07:01,0.5,0,0,0
T17C,without_flanks,position17_containing,266,MHCflurry,HLA-C*07:01,1,0,0,0
T17C,without_flanks,position17_containing,266,MHCflurry,HLA-C*07:01,2,0,0,0
T17D,without_flanks,position17_containing,266,NetMHC,HLA-A*02:01,0.5,0,0,0
T17D,without_flanks,position17_containing,266,NetMHC,HLA-A*02:01,1,0,0,0
T17D,without_flanks,position17_containing,266,NetMHC,HLA-A*02:01,2,3,1,-2
T17D,without_flanks,position17_containing,266,NetMHC,HLA-A*24:02,0.5,0,0,0
T17D,without_flanks,position17_containing,266,NetMHC,HLA-A*24:02,1,0,0,0
T17D,without_flanks,position17_containing,266,NetMHC,HLA-A*24:02,2,0,0,0
T17D,without_flanks,position17_containing,266,NetMHC,HLA-A*03:01,0.5,0,0,0
T17D,without_flanks,position17_containing,266,NetMHC,HLA-A*03:01,1,0,0,0
T17D,without_flanks,position17_containing,266,NetMHC,HLA-A*03:01,2,0,0,0
T17D,without_flanks,position17_containing,266,NetMHC,HLA-B*40:01,0.5,0,0,0
T17D,without_flanks,position17_containing,266,NetMHC,HLA-B*40:01,1,0,0,0
T17D,without_flanks,position17_containing,266,NetMHC,HLA-B*40:01,2,0,2,2
T17D,without_flanks,position17_containing,266,NetMHC,HLA-B*49:01,0.5,0,0,0
T17D,without_flanks,position17_containing,266,NetMHC,HLA-B*49:01,1,0,0,0
T17D,without_flanks,position17_containing,266,NetMHC,HLA-B*49:01,2,0,1,1
T17D,without_flanks,position17_containing,266,NetMHC,HLA-C*03:04,0.5,2,0,-2
T17D,without_flanks,position17_containing,266,NetMHC,HLA-C*03:04,1,2,0,-2
T17D,without_flanks,position17_containing,266,NetMHC,HLA-C*03:04,2,3,0,-3
T17D,without_flanks,position17_containing,266,NetMHC,HLA-C*07:01,0.5,0,0,0
T17D,without_flanks,position17_containing,266,NetMHC,HLA-C*07:01,1,0,0,0
T17D,without_flanks,position17_containing,266,NetMHC,HLA-C*07:01,2,1,0,-1
T17D,without_flanks,position17_containing,266,MHCflurry,HLA-A*02:01,0.5,0,0,0
T17D,without_flanks,position17_containing,266,MHCflurry,HLA-A*02:01,1,1,1,0
T17D,without_flanks,position17_containing,266,MHCflurry,HLA-A*02:01,2,3,1,-2
T17D,without_flanks,position17_containing,266,MHCflurry,HLA-A*24:02,0.5,0,0,0
T17D,without_flanks,position17_containing,266,MHCflurry,HLA-A*24:02,1,0,0,0
T17D,without_flanks,position17_containing,266,MHCflurry,HLA-A*24:02,2,0,0,0
T17D,without_flanks,position17_containing,266,MHCflurry,HLA-A*03:01,0.5,0,0,0
T17D,without_flanks,position17_containing,266,MHCflurry,HLA-A*03:01,1,0,0,0
T17D,without_flanks,position17_containing,266,MHCflurry,HLA-A*03:01,2,0,0,0
T17D,without_flanks,position17_containing,266,MHCflurry,HLA-B*40:01,0.5,0,0,0
T17D,without_flanks,position17_containing,266,MHCflurry,HLA-B*40:01,1,0,0,0
T17D,without_flanks,position17_containing,266,MHCflurry,HLA-B*40:01,2,0,0,0
T17D,without_flanks,position17_containing,266,MHCflurry,HLA-B*49:01,0.5,0,0,0
T17D,without_flanks,position17_containing,266,MHCflurry,HLA-B*49:01,1,0,0,0
T17D,without_flanks,position17_containing,266,MHCflurry,HLA-B*49:01,2,0,2,2
T17D,without_flanks,position17_containing,266,MHCflurry,HLA-C*03:04,0.5,2,1,-1
T17D,without_flanks,position17_containing,266,MHCflurry,HLA-C*03:04,1,2,1,-1
T17D,without_flanks,position17_containing,266,MHCflurry,HLA-C*03:04,2,4,2,-2
T17D,without_flanks,position17_containing,266,MHCflurry,HLA-C*07:01,0.5,0,0,0
T17D,without_flanks,position17_containing,266,MHCflurry,HLA-C*07:01,1,0,0,0
T17D,without_flanks,position17_containing,266,MHCflurry,HLA-C*07:01,2,0,1,1
T17E,without_flanks,position17_containing,266,NetMHC,HLA-A*02:01,0.5,0,0,0
T17E,without_flanks,position17_containing,266,NetMHC,HLA-A*02:01,1,0,0,0
T17E,without_flanks,position17_containing,266,NetMHC,HLA-A*02:01,2,3,4,1
T17E,without_flanks,position17_containing,266,NetMHC,HLA-A*24:02,0.5,0,0,0
T17E,without_flanks,position17_containing,266,NetMHC,HLA-A*24:02,1,0,0,0
T17E,without_flanks,position17_containing,266,NetMHC,HLA-A*24:02,2,0,0,0
T17E,without_flanks,position17_containing,266,NetMHC,HLA-A*03:01,0.5,0,0,0
T17E,without_flanks,position17_containing,266,NetMHC,HLA-A*03:01,1,0,0,0
T17E,without_flanks,position17_containing,266,NetMHC,HLA-A*03:01,2,0,0,0
T17E,without_flanks,position17_containing,266,NetMHC,HLA-B*40:01,0.5,0,3,3
T17E,without_flanks,position17_containing,266,NetMHC,HLA-B*40:01,1,0,3,3
T17E,without_flanks,position17_containing,266,NetMHC,HLA-B*40:01,2,0,5,5
T17E,without_flanks,position17_containing,266,NetMHC,HLA-B*49:01,0.5,0,1,1
T17E,without_flanks,position17_containing,266,NetMHC,HLA-B*49:01,1,0,1,1
T17E,without_flanks,position17_containing,266,NetMHC,HLA-B*49:01,2,0,3,3
T17E,without_flanks,position17_containing,266,NetMHC,HLA-C*03:04,0.5,2,0,-2
T17E,without_flanks,position17_containing,266,NetMHC,HLA-C*03:04,1,2,0,-2
T17E,without_flanks,position17_containing,266,NetMHC,HLA-C*03:04,2,3,1,-2
T17E,without_flanks,position17_containing,266,NetMHC,HLA-C*07:01,0.5,0,0,0
T17E,without_flanks,position17_containing,266,NetMHC,HLA-C*07:01,1,0,0,0
T17E,without_flanks,position17_containing,266,NetMHC,HLA-C*07:01,2,1,0,-1
T17E,without_flanks,position17_containing,266,MHCflurry,HLA-A*02:01,0.5,0,0,0
T17E,without_flanks,position17_containing,266,MHCflurry,HLA-A*02:01,1,1,1,0
T17E,without_flanks,position17_containing,266,MHCflurry,HLA-A*02:01,2,3,3,0
T17E,without_flanks,position17_containing,266,MHCflurry,HLA-A*24:02,0.5,0,0,0
T17E,without_flanks,position17_containing,266,MHCflurry,HLA-A*24:02,1,0,0,0
T17E,without_flanks,position17_containing,266,MHCflurry,HLA-A*24:02,2,0,0,0
T17E,without_flanks,position17_containing,266,MHCflurry,HLA-A*03:01,0.5,0,0,0
T17E,without_flanks,position17_containing,266,MHCflurry,HLA-A*03:01,1,0,0,0
T17E,without_flanks,position17_containing,266,MHCflurry,HLA-A*03:01,2,0,0,0
T17E,without_flanks,position17_containing,266,MHCflurry,HLA-B*40:01,0.5,0,1,1
T17E,without_flanks,position17_containing,266,MHCflurry,HLA-B*40:01,1,0,1,1
T17E,without_flanks,position17_containing,266,MHCflurry,HLA-B*40:01,2,0,1,1
T17E,without_flanks,position17_containing,266,MHCflurry,HLA-B*49:01,0.5,0,1,1
T17E,without_flanks,position17_containing,266,MHCflurry,HLA-B*49:01,1,0,1,1
T17E,without_flanks,position17_containing,266,MHCflurry,HLA-B*49:01,2,0,3,3
T17E,without_flanks,position17_containing,266,MHCflurry,HLA-C*03:04,0.5,2,0,-2
T17E,without_flanks,position17_containing,266,MHCflurry,HLA-C*03:04,1,2,1,-1
T17E,without_flanks,position17_containing,266,MHCflurry,HLA-C*03:04,2,4,2,-2
T17E,without_flanks,position17_containing,266,MHCflurry,HLA-C*07:01,0.5,0,0,0
T17E,without_flanks,position17_containing,266,MHCflurry,HLA-C*07:01,1,0,0,0
T17E,without_flanks,position17_containing,266,MHCflurry,HLA-C*07:01,2,0,0,0
T17F,without_flanks,position17_containing,266,NetMHC,HLA-A*02:01,0.5,0,0,0
T17F,without_flanks,position17_containing,266,NetMHC,HLA-A*02:01,1,0,0,0
T17F,without_flanks,position17_containing,266,NetMHC,HLA-A*02:01,2,3,2,-1
T17F,without_flanks,position17_containing,266,NetMHC,HLA-A*24:02,0.5,0,1,1
T17F,without_flanks,position17_containing,266,NetMHC,HLA-A*24:02,1,0,1,1
T17F,without_flanks,position17_containing,266,NetMHC,HLA-A*24:02,2,0,2,2
T17F,without_flanks,position17_containing,266,NetMHC,HLA-A*03:01,0.5,0,0,0
T17F,without_flanks,position17_containing,266,NetMHC,HLA-A*03:01,1,0,1,1
T17F,without_flanks,position17_containing,266,NetMHC,HLA-A*03:01,2,0,1,1
T17F,without_flanks,position17_containing,266,NetMHC,HLA-B*40:01,0.5,0,0,0
T17F,without_flanks,position17_containing,266,NetMHC,HLA-B*40:01,1,0,0,0
T17F,without_flanks,position17_containing,266,NetMHC,HLA-B*40:01,2,0,0,0
T17F,without_flanks,position17_containing,266,NetMHC,HLA-B*49:01,0.5,0,0,0
T17F,without_flanks,position17_containing,266,NetMHC,HLA-B*49:01,1,0,0,0
T17F,without_flanks,position17_containing,266,NetMHC,HLA-B*49:01,2,0,0,0
T17F,without_flanks,position17_containing,266,NetMHC,HLA-C*03:04,0.5,2,1,-1
T17F,without_flanks,position17_containing,266,NetMHC,HLA-C*03:04,1,2,2,0
T17F,without_flanks,position17_containing,266,NetMHC,HLA-C*03:04,2,3,3,0
T17F,without_flanks,position17_containing,266,NetMHC,HLA-C*07:01,0.5,0,0,0
T17F,without_flanks,position17_containing,266,NetMHC,HLA-C*07:01,1,0,0,0
T17F,without_flanks,position17_containing,266,NetMHC,HLA-C*07:01,2,1,2,1
T17F,without_flanks,position17_containing,266,MHCflurry,HLA-A*02:01,0.5,0,0,0
T17F,without_flanks,position17_containing,266,MHCflurry,HLA-A*02:01,1,1,1,0
T17F,without_flanks,position17_containing,266,MHCflurry,HLA-A*02:01,2,3,2,-1
T17F,without_flanks,position17_containing,266,MHCflurry,HLA-A*24:02,0.5,0,1,1
T17F,without_flanks,position17_containing,266,MHCflurry,HLA-A*24:02,1,0,1,1
T17F,without_flanks,position17_containing,266,MHCflurry,HLA-A*24:02,2,0,1,1
T17F,without_flanks,position17_containing,266,MHCflurry,HLA-A*03:01,0.5,0,0,0
T17F,without_flanks,position17_containing,266,MHCflurry,HLA-A*03:01,1,0,1,1
T17F,without_flanks,position17_containing,266,MHCflurry,HLA-A*03:01,2,0,1,1
T17F,without_flanks,position17_containing,266,MHCflurry,HLA-B*40:01,0.5,0,0,0
T17F,without_flanks,position17_containing,266,MHCflurry,HLA-B*40:01,1,0,0,0
T17F,without_flanks,position17_containing,266,MHCflurry,HLA-B*40:01,2,0,0,0
T17F,without_flanks,position17_containing,266,MHCflurry,HLA-B*49:01,0.5,0,0,0
T17F,without_flanks,position17_containing,266,MHCflurry,HLA-B*49:01,1,0,0,0
T17F,without_flanks,position17_containing,266,MHCflurry,HLA-B*49:01,2,0,0,0
T17F,without_flanks,position17_containing,266,MHCflurry,HLA-C*03:04,0.5,2,1,-1
T17F,without_flanks,position17_containing,266,MHCflurry,HLA-C*03:04,1,2,1,-1
T17F,without_flanks,position17_containing,266,MHCflurry,HLA-C*03:04,2,4,3,-1
T17F,without_flanks,position17_containing,266,MHCflurry,HLA-C*07:01,0.5,0,0,0
T17F,without_flanks,position17_containing,266,MHCflurry,HLA-C*07:01,1,0,1,1
T17F,without_flanks,position17_containing,266,MHCflurry,HLA-C*07:01,2,0,2,2
T17G,without_flanks,position17_containing,266,NetMHC,HLA-A*02:01,0.5,0,0,0
T17G,without_flanks,position17_containing,266,NetMHC,HLA-A*02:01,1,0,0,0
T17G,without_flanks,position17_containing,266,NetMHC,HLA-A*02:01,2,3,0,-3
T17G,without_flanks,position17_containing,266,NetMHC,HLA-A*24:02,0.5,0,0,0
T17G,without_flanks,position17_containing,266,NetMHC,HLA-A*24:02,1,0,0,0
T17G,without_flanks,position17_containing,266,NetMHC,HLA-A*24:02,2,0,0,0
T17G,without_flanks,position17_containing,266,NetMHC,HLA-A*03:01,0.5,0,0,0
T17G,without_flanks,position17_containing,266,NetMHC,HLA-A*03:01,1,0,0,0
T17G,without_flanks,position17_containing,266,NetMHC,HLA-A*03:01,2,0,0,0
T17G,without_flanks,position17_containing,266,NetMHC,HLA-B*40:01,0.5,0,0,0
T17G,without_flanks,position17_containing,266,NetMHC,HLA-B*40:01,1,0,0,0
T17G,without_flanks,position17_containing,266,NetMHC,HLA-B*40:01,2,0,0,0
T17G,without_flanks,position17_containing,266,NetMHC,HLA-B*49:01,0.5,0,0,0
T17G,without_flanks,position17_containing,266,NetMHC,HLA-B*49:01,1,0,0,0
T17G,without_flanks,position17_containing,266,NetMHC,HLA-B*49:01,2,0,0,0
T17G,without_flanks,position17_containing,266,NetMHC,HLA-C*03:04,0.5,2,0,-2
T17G,without_flanks,position17_containing,266,NetMHC,HLA-C*03:04,1,2,2,0
T17G,without_flanks,position17_containing,266,NetMHC,HLA-C*03:04,2,3,2,-1
T17G,without_flanks,position17_containing,266,NetMHC,HLA-C*07:01,0.5,0,0,0
T17G,without_flanks,position17_containing,266,NetMHC,HLA-C*07:01,1,0,0,0
T17G,without_flanks,position17_containing,266,NetMHC,HLA-C*07:01,2,1,0,-1
T17G,without_flanks,position17_containing,266,MHCflurry,HLA-A*02:01,0.5,0,0,0
T17G,without_flanks,position17_containing,266,MHCflurry,HLA-A*02:01,1,1,1,0
T17G,without_flanks,position17_containing,266,MHCflurry,HLA-A*02:01,2,3,3,0
T17G,without_flanks,position17_containing,266,MHCflurry,HLA-A*24:02,0.5,0,0,0
T17G,without_flanks,position17_containing,266,MHCflurry,HLA-A*24:02,1,0,0,0
T17G,without_flanks,position17_containing,266,MHCflurry,HLA-A*24:02,2,0,0,0
T17G,without_flanks,position17_containing,266,MHCflurry,HLA-A*03:01,0.5,0,0,0
T17G,without_flanks,position17_containing,266,MHCflurry,HLA-A*03:01,1,0,0,0
T17G,without_flanks,position17_containing,266,MHCflurry,HLA-A*03:01,2,0,0,0
T17G,without_flanks,position17_containing,266,MHCflurry,HLA-B*40:01,0.5,0,0,0
T17G,without_flanks,position17_containing,266,MHCflurry,HLA-B*40:01,1,0,0,0
T17G,without_flanks,position17_containing,266,MHCflurry,HLA-B*40:01,2,0,0,0
T17G,without_flanks,position17_containing,266,MHCflurry,HLA-B*49:01,0.5,0,0,0
T17G,without_flanks,position17_containing,266,MHCflurry,HLA-B*49:01,1,0,0,0
T17G,without_flanks,position17_containing,266,MHCflurry,HLA-B*49:01,2,0,1,1
T17G,without_flanks,position17_containing,266,MHCflurry,HLA-C*03:04,0.5,2,0,-2
T17G,without_flanks,position17_containing,266,MHCflurry,HLA-C*03:04,1,2,2,0
T17G,without_flanks,position17_containing,266,MHCflurry,HLA-C*03:04,2,4,2,-2
T17G,without_flanks,position17_containing,266,MHCflurry,HLA-C*07:01,0.5,0,0,0
T17G,without_flanks,position17_containing,266,MHCflurry,HLA-C*07:01,1,0,0,0
T17G,without_flanks,position17_containing,266,MHCflurry,HLA-C*07:01,2,0,1,1
T17H,without_flanks,position17_containing,266,NetMHC,HLA-A*02:01,0.5,0,0,0
T17H,without_flanks,position17_containing,266,NetMHC,HLA-A*02:01,1,0,0,0
T17H,without_flanks,position17_containing,266,NetMHC,HLA-A*02:01,2,3,2,-1
T17H,without_flanks,position17_containing,266,NetMHC,HLA-A*24:02,0.5,0,0,0
T17H,without_flanks,position17_containing,266,NetMHC,HLA-A*24:02,1,0,0,0
T17H,without_flanks,position17_containing,266,NetMHC,HLA-A*24:02,2,0,1,1
T17H,without_flanks,position17_containing,266,NetMHC,HLA-A*03:01,0.5,0,0,0
T17H,without_flanks,position17_containing,266,NetMHC,HLA-A*03:01,1,0,0,0
T17H,without_flanks,position17_containing,266,NetMHC,HLA-A*03:01,2,0,1,1
T17H,without_flanks,position17_containing,266,NetMHC,HLA-B*40:01,0.5,0,0,0
T17H,without_flanks,position17_containing,266,NetMHC,HLA-B*40:01,1,0,0,0
T17H,without_flanks,position17_containing,266,NetMHC,HLA-B*40:01,2,0,0,0
T17H,without_flanks,position17_containing,266,NetMHC,HLA-B*49:01,0.5,0,0,0
T17H,without_flanks,position17_containing,266,NetMHC,HLA-B*49:01,1,0,0,0
T17H,without_flanks,position17_containing,266,NetMHC,HLA-B*49:01,2,0,1,1
T17H,without_flanks,position17_containing,266,NetMHC,HLA-C*03:04,0.5,2,1,-1
T17H,without_flanks,position17_containing,266,NetMHC,HLA-C*03:04,1,2,2,0
T17H,without_flanks,position17_containing,266,NetMHC,HLA-C*03:04,2,3,3,0
T17H,without_flanks,position17_containing,266,NetMHC,HLA-C*07:01,0.5,0,1,1
T17H,without_flanks,position17_containing,266,NetMHC,HLA-C*07:01,1,0,1,1
T17H,without_flanks,position17_containing,266,NetMHC,HLA-C*07:01,2,1,1,0
T17H,without_flanks,position17_containing,266,MHCflurry,HLA-A*02:01,0.5,0,0,0
T17H,without_flanks,position17_containing,266,MHCflurry,HLA-A*02:01,1,1,1,0
T17H,without_flanks,position17_containing,266,MHCflurry,HLA-A*02:01,2,3,2,-1
T17H,without_flanks,position17_containing,266,MHCflurry,HLA-A*24:02,0.5,0,0,0
T17H,without_flanks,position17_containing,266,MHCflurry,HLA-A*24:02,1,0,1,1
T17H,without_flanks,position17_containing,266,MHCflurry,HLA-A*24:02,2,0,1,1
T17H,without_flanks,position17_containing,266,MHCflurry,HLA-A*03:01,0.5,0,0,0
T17H,without_flanks,position17_containing,266,MHCflurry,HLA-A*03:01,1,0,0,0
T17H,without_flanks,position17_containing,266,MHCflurry,HLA-A*03:01,2,0,1,1
T17H,without_flanks,position17_containing,266,MHCflurry,HLA-B*40:01,0.5,0,0,0
T17H,without_flanks,position17_containing,266,MHCflurry,HLA-B*40:01,1,0,0,0
T17H,without_flanks,position17_containing,266,MHCflurry,HLA-B*40:01,2,0,0,0
T17H,without_flanks,position17_containing,266,MHCflurry,HLA-B*49:01,0.5,0,0,0
T17H,without_flanks,position17_containing,266,MHCflurry,HLA-B*49:01,1,0,0,0
T17H,without_flanks,position17_containing,266,MHCflurry,HLA-B*49:01,2,0,0,0
T17H,without_flanks,position17_containing,266,MHCflurry,HLA-C*03:04,0.5,2,1,-1
T17H,without_flanks,position17_containing,266,MHCflurry,HLA-C*03:04,1,2,1,-1
T17H,without_flanks,position17_containing,266,MHCflurry,HLA-C*03:04,2,4,3,-1
T17H,without_flanks,position17_containing,266,MHCflurry,HLA-C*07:01,0.5,0,0,0
T17H,without_flanks,position17_containing,266,MHCflurry,HLA-C*07:01,1,0,1,1
T17H,without_flanks,position17_containing,266,MHCflurry,HLA-C*07:01,2,0,2,2
T17I,without_flanks,position17_containing,266,NetMHC,HLA-A*02:01,0.5,0,0,0
T17I,without_flanks,position17_containing,266,NetMHC,HLA-A*02:01,1,0,1,1
T17I,without_flanks,position17_containing,266,NetMHC,HLA-A*02:01,2,3,1,-2
T17I,without_flanks,position17_containing,266,NetMHC,HLA-A*24:02,0.5,0,0,0
T17I,without_flanks,position17_containing,266,NetMHC,HLA-A*24:02,1,0,0,0
T17I,without_flanks,position17_containing,266,NetMHC,HLA-A*24:02,2,0,0,0
T17I,without_flanks,position17_containing,266,NetMHC,HLA-A*03:01,0.5,0,0,0
T17I,without_flanks,position17_containing,266,NetMHC,HLA-A*03:01,1,0,0,0
T17I,without_flanks,position17_containing,266,NetMHC,HLA-A*03:01,2,0,1,1
T17I,without_flanks,position17_containing,266,NetMHC,HLA-B*40:01,0.5,0,0,0
T17I,without_flanks,position17_containing,266,NetMHC,HLA-B*40:01,1,0,0,0
T17I,without_flanks,position17_containing,266,NetMHC,HLA-B*40:01,2,0,0,0
T17I,without_flanks,position17_containing,266,NetMHC,HLA-B*49:01,0.5,0,0,0
T17I,without_flanks,position17_containing,266,NetMHC,HLA-B*49:01,1,0,0,0
T17I,without_flanks,position17_containing,266,NetMHC,HLA-B*49:01,2,0,0,0
T17I,without_flanks,position17_containing,266,NetMHC,HLA-C*03:04,0.5,2,2,0
T17I,without_flanks,position17_containing,266,NetMHC,HLA-C*03:04,1,2,2,0
T17I,without_flanks,position17_containing,266,NetMHC,HLA-C*03:04,2,3,4,1
T17I,without_flanks,position17_containing,266,NetMHC,HLA-C*07:01,0.5,0,0,0
T17I,without_flanks,position17_containing,266,NetMHC,HLA-C*07:01,1,0,0,0
T17I,without_flanks,position17_containing,266,NetMHC,HLA-C*07:01,2,1,0,-1
T17I,without_flanks,position17_containing,266,MHCflurry,HLA-A*02:01,0.5,0,1,1
T17I,without_flanks,position17_containing,266,MHCflurry,HLA-A*02:01,1,1,1,0
T17I,without_flanks,position17_containing,266,MHCflurry,HLA-A*02:01,2,3,4,1
T17I,without_flanks,position17_containing,266,MHCflurry,HLA-A*24:02,0.5,0,0,0
T17I,without_flanks,position17_containing,266,MHCflurry,HLA-A*24:02,1,0,0,0
T17I,without_flanks,position17_containing,266,MHCflurry,HLA-A*24:02,2,0,0,0
T17I,without_flanks,position17_containing,266,MHCflurry,HLA-A*03:01,0.5,0,0,0
T17I,without_flanks,position17_containing,266,MHCflurry,HLA-A*03:01,1,0,0,0
T17I,without_flanks,position17_containing,266,MHCflurry,HLA-A*03:01,2,0,1,1
T17I,without_flanks,position17_containing,266,MHCflurry,HLA-B*40:01,0.5,0,0,0
T17I,without_flanks,position17_containing,266,MHCflurry,HLA-B*40:01,1,0,0,0
T17I,without_flanks,position17_containing,266,MHCflurry,HLA-B*40:01,2,0,0,0
T17I,without_flanks,position17_containing,266,MHCflurry,HLA-B*49:01,0.5,0,0,0
T17I,without_flanks,position17_containing,266,MHCflurry,HLA-B*49:01,1,0,0,0
T17I,without_flanks,position17_containing,266,MHCflurry,HLA-B*49:01,2,0,0,0
T17I,without_flanks,position17_containing,266,MHCflurry,HLA-C*03:04,0.5,2,2,0
T17I,without_flanks,position17_containing,266,MHCflurry,HLA-C*03:04,1,2,2,0
T17I,without_flanks,position17_containing,266,MHCflurry,HLA-C*03:04,2,4,4,0
T17I,without_flanks,position17_containing,266,MHCflurry,HLA-C*07:01,0.5,0,0,0
T17I,without_flanks,position17_containing,266,MHCflurry,HLA-C*07:01,1,0,0,0
T17I,without_flanks,position17_containing,266,MHCflurry,HLA-C*07:01,2,0,1,1
T17K,without_flanks,position17_containing,266,NetMHC,HLA-A*02:01,0.5,0,0,0
T17K,without_flanks,position17_containing,266,NetMHC,HLA-A*02:01,1,0,0,0
T17K,without_flanks,position17_containing,266,NetMHC,HLA-A*02:01,2,3,3,0
T17K,without_flanks,position17_containing,266,NetMHC,HLA-A*24:02,0.5,0,0,0
T17K,without_flanks,position17_containing,266,NetMHC,HLA-A*24:02,1,0,0,0
T17K,without_flanks,position17_containing,266,NetMHC,HLA-A*24:02,2,0,0,0
T17K,without_flanks,position17_containing,266,NetMHC,HLA-A*03:01,0.5,0,0,0
T17K,without_flanks,position17_containing,266,NetMHC,HLA-A*03:01,1,0,1,1
T17K,without_flanks,position17_containing,266,NetMHC,HLA-A*03:01,2,0,2,2
T17K,without_flanks,position17_containing,266,NetMHC,HLA-B*40:01,0.5,0,0,0
T17K,without_flanks,position17_containing,266,NetMHC,HLA-B*40:01,1,0,0,0
T17K,without_flanks,position17_containing,266,NetMHC,HLA-B*40:01,2,0,0,0
T17K,without_flanks,position17_containing,266,NetMHC,HLA-B*49:01,0.5,0,0,0
T17K,without_flanks,position17_containing,266,NetMHC,HLA-B*49:01,1,0,0,0
T17K,without_flanks,position17_containing,266,NetMHC,HLA-B*49:01,2,0,0,0
T17K,without_flanks,position17_containing,266,NetMHC,HLA-C*03:04,0.5,2,1,-1
T17K,without_flanks,position17_containing,266,NetMHC,HLA-C*03:04,1,2,1,-1
T17K,without_flanks,position17_containing,266,NetMHC,HLA-C*03:04,2,3,2,-1
T17K,without_flanks,position17_containing,266,NetMHC,HLA-C*07:01,0.5,0,0,0
T17K,without_flanks,position17_containing,266,NetMHC,HLA-C*07:01,1,0,0,0
T17K,without_flanks,position17_containing,266,NetMHC,HLA-C*07:01,2,1,1,0
T17K,without_flanks,position17_containing,266,MHCflurry,HLA-A*02:01,0.5,0,0,0
T17K,without_flanks,position17_containing,266,MHCflurry,HLA-A*02:01,1,1,0,-1
T17K,without_flanks,position17_containing,266,MHCflurry,HLA-A*02:01,2,3,1,-2
T17K,without_flanks,position17_containing,266,MHCflurry,HLA-A*24:02,0.5,0,0,0
T17K,without_flanks,position17_containing,266,MHCflurry,HLA-A*24:02,1,0,0,0
T17K,without_flanks,position17_containing,266,MHCflurry,HLA-A*24:02,2,0,0,0
T17K,without_flanks,position17_containing,266,MHCflurry,HLA-A*03:01,0.5,0,0,0
T17K,without_flanks,position17_containing,266,MHCflurry,HLA-A*03:01,1,0,1,1
T17K,without_flanks,position17_containing,266,MHCflurry,HLA-A*03:01,2,0,3,3
T17K,without_flanks,position17_containing,266,MHCflurry,HLA-B*40:01,0.5,0,0,0
T17K,without_flanks,position17_containing,266,MHCflurry,HLA-B*40:01,1,0,0,0
T17K,without_flanks,position17_containing,266,MHCflurry,HLA-B*40:01,2,0,0,0
T17K,without_flanks,position17_containing,266,MHCflurry,HLA-B*49:01,0.5,0,0,0
T17K,without_flanks,position17_containing,266,MHCflurry,HLA-B*49:01,1,0,0,0
T17K,without_flanks,position17_containing,266,MHCflurry,HLA-B*49:01,2,0,0,0
T17K,without_flanks,position17_containing,266,MHCflurry,HLA-C*03:04,0.5,2,0,-2
T17K,without_flanks,position17_containing,266,MHCflurry,HLA-C*03:04,1,2,1,-1
T17K,without_flanks,position17_containing,266,MHCflurry,HLA-C*03:04,2,4,1,-3
T17K,without_flanks,position17_containing,266,MHCflurry,HLA-C*07:01,0.5,0,0,0
T17K,without_flanks,position17_containing,266,MHCflurry,HLA-C*07:01,1,0,0,0
T17K,without_flanks,position17_containing,266,MHCflurry,HLA-C*07:01,2,0,0,0
T17L,without_flanks,position17_containing,266,NetMHC,HLA-A*02:01,0.5,0,1,1
T17L,without_flanks,position17_containing,266,NetMHC,HLA-A*02:01,1,0,1,1
T17L,without_flanks,position17_containing,266,NetMHC,HLA-A*02:01,2,3,5,2
T17L,without_flanks,position17_containing,266,NetMHC,HLA-A*24:02,0.5,0,0,0
T17L,without_flanks,position17_containing,266,NetMHC,HLA-A*24:02,1,0,0,0
T17L,without_flanks,position17_containing,266,NetMHC,HLA-A*24:02,2,0,1,1
T17L,without_flanks,position17_containing,266,NetMHC,HLA-A*03:01,0.5,0,0,0
T17L,without_flanks,position17_containing,266,NetMHC,HLA-A*03:01,1,0,0,0
T17L,without_flanks,position17_containing,266,NetMHC,HLA-A*03:01,2,0,1,1
T17L,without_flanks,position17_containing,266,NetMHC,HLA-B*40:01,0.5,0,0,0
T17L,without_flanks,position17_containing,266,NetMHC,HLA-B*40:01,1,0,0,0
T17L,without_flanks,position17_containing,266,NetMHC,HLA-B*40:01,2,0,0,0
T17L,without_flanks,position17_containing,266,NetMHC,HLA-B*49:01,0.5,0,0,0
T17L,without_flanks,position17_containing,266,NetMHC,HLA-B*49:01,1,0,0,0
T17L,without_flanks,position17_containing,266,NetMHC,HLA-B*49:01,2,0,0,0
T17L,without_flanks,position17_containing,266,NetMHC,HLA-C*03:04,0.5,2,1,-1
T17L,without_flanks,position17_containing,266,NetMHC,HLA-C*03:04,1,2,2,0
T17L,without_flanks,position17_containing,266,NetMHC,HLA-C*03:04,2,3,4,1
T17L,without_flanks,position17_containing,266,NetMHC,HLA-C*07:01,0.5,0,0,0
T17L,without_flanks,position17_containing,266,NetMHC,HLA-C*07:01,1,0,0,0
T17L,without_flanks,position17_containing,266,NetMHC,HLA-C*07:01,2,1,0,-1
T17L,without_flanks,position17_containing,266,MHCflurry,HLA-A*02:01,0.5,0,1,1
T17L,without_flanks,position17_containing,266,MHCflurry,HLA-A*02:01,1,1,2,1
T17L,without_flanks,position17_containing,266,MHCflurry,HLA-A*02:01,2,3,5,2
T17L,without_flanks,position17_containing,266,MHCflurry,HLA-A*24:02,0.5,0,0,0
T17L,without_flanks,position17_containing,266,MHCflurry,HLA-A*24:02,1,0,0,0
T17L,without_flanks,position17_containing,266,MHCflurry,HLA-A*24:02,2,0,1,1
T17L,without_flanks,position17_containing,266,MHCflurry,HLA-A*03:01,0.5,0,0,0
T17L,without_flanks,position17_containing,266,MHCflurry,HLA-A*03:01,1,0,0,0
T17L,without_flanks,position17_containing,266,MHCflurry,HLA-A*03:01,2,0,0,0
T17L,without_flanks,position17_containing,266,MHCflurry,HLA-B*40:01,0.5,0,0,0
T17L,without_flanks,position17_containing,266,MHCflurry,HLA-B*40:01,1,0,0,0
T17L,without_flanks,position17_containing,266,MHCflurry,HLA-B*40:01,2,0,0,0
T17L,without_flanks,position17_containing,266,MHCflurry,HLA-B*49:01,0.5,0,0,0
T17L,without_flanks,position17_containing,266,MHCflurry,HLA-B*49:01,1,0,0,0
T17L,without_flanks,position17_containing,266,MHCflurry,HLA-B*49:01,2,0,0,0
T17L,without_flanks,position17_containing,266,MHCflurry,HLA-C*03:04,0.5,2,2,0
T17L,without_flanks,position17_containing,266,MHCflurry,HLA-C*03:04,1,2,2,0
T17L,without_flanks,position17_containing,266,MHCflurry,HLA-C*03:04,2,4,5,1
T17L,without_flanks,position17_containing,266,MHCflurry,HLA-C*07:01,0.5,0,0,0
T17L,without_flanks,position17_containing,266,MHCflurry,HLA-C*07:01,1,0,0,0
T17L,without_flanks,position17_containing,266,MHCflurry,HLA-C*07:01,2,0,0,0
T17M,without_flanks,position17_containing,266,NetMHC,HLA-A*02:01,0.5,0,1,1
T17M,without_flanks,position17_containing,266,NetMHC,HLA-A*02:01,1,0,1,1
T17M,without_flanks,position17_containing,266,NetMHC,HLA-A*02:01,2,3,3,0
T17M,without_flanks,position17_containing,266,NetMHC,HLA-A*24:02,0.5,0,0,0
T17M,without_flanks,position17_containing,266,NetMHC,HLA-A*24:02,1,0,1,1
T17M,without_flanks,position17_containing,266,NetMHC,HLA-A*24:02,2,0,1,1
T17M,without_flanks,position17_containing,266,NetMHC,HLA-A*03:01,0.5,0,0,0
T17M,without_flanks,position17_containing,266,NetMHC,HLA-A*03:01,1,0,0,0
T17M,without_flanks,position17_containing,266,NetMHC,HLA-A*03:01,2,0,1,1
T17M,without_flanks,position17_containing,266,NetMHC,HLA-B*40:01,0.5,0,0,0
T17M,without_flanks,position17_containing,266,NetMHC,HLA-B*40:01,1,0,0,0
T17M,without_flanks,position17_containing,266,NetMHC,HLA-B*40:01,2,0,0,0
T17M,without_flanks,position17_containing,266,NetMHC,HLA-B*49:01,0.5,0,0,0
T17M,without_flanks,position17_containing,266,NetMHC,HLA-B*49:01,1,0,0,0
T17M,without_flanks,position17_containing,266,NetMHC,HLA-B*49:01,2,0,0,0
T17M,without_flanks,position17_containing,266,NetMHC,HLA-C*03:04,0.5,2,1,-1
T17M,without_flanks,position17_containing,266,NetMHC,HLA-C*03:04,1,2,2,0
T17M,without_flanks,position17_containing,266,NetMHC,HLA-C*03:04,2,3,4,1
T17M,without_flanks,position17_containing,266,NetMHC,HLA-C*07:01,0.5,0,0,0
T17M,without_flanks,position17_containing,266,NetMHC,HLA-C*07:01,1,0,0,0
T17M,without_flanks,position17_containing,266,NetMHC,HLA-C*07:01,2,1,1,0
T17M,without_flanks,position17_containing,266,MHCflurry,HLA-A*02:01,0.5,0,1,1
T17M,without_flanks,position17_containing,266,MHCflurry,HLA-A*02:01,1,1,1,0
T17M,without_flanks,position17_containing,266,MHCflurry,HLA-A*02:01,2,3,3,0
T17M,without_flanks,position17_containing,266,MHCflurry,HLA-A*24:02,0.5,0,0,0
T17M,without_flanks,position17_containing,266,MHCflurry,HLA-A*24:02,1,0,0,0
T17M,without_flanks,position17_containing,266,MHCflurry,HLA-A*24:02,2,0,1,1
T17M,without_flanks,position17_containing,266,MHCflurry,HLA-A*03:01,0.5,0,0,0
T17M,without_flanks,position17_containing,266,MHCflurry,HLA-A*03:01,1,0,0,0
T17M,without_flanks,position17_containing,266,MHCflurry,HLA-A*03:01,2,0,1,1
T17M,without_flanks,position17_containing,266,MHCflurry,HLA-B*40:01,0.5,0,0,0
T17M,without_flanks,position17_containing,266,MHCflurry,HLA-B*40:01,1,0,0,0
T17M,without_flanks,position17_containing,266,MHCflurry,HLA-B*40:01,2,0,0,0
T17M,without_flanks,position17_containing,266,MHCflurry,HLA-B*49:01,0.5,0,0,0
T17M,without_flanks,position17_containing,266,MHCflurry,HLA-B*49:01,1,0,0,0
T17M,without_flanks,position17_containing,266,MHCflurry,HLA-B*49:01,2,0,0,0
T17M,without_flanks,position17_containing,266,MHCflurry,HLA-C*03:04,0.5,2,1,-1
T17M,without_flanks,position17_containing,266,MHCflurry,HLA-C*03:04,1,2,2,0
T17M,without_flanks,position17_containing,266,MHCflurry,HLA-C*03:04,2,4,5,1
T17M,without_flanks,position17_containing,266,MHCflurry,HLA-C*07:01,0.5,0,0,0
T17M,without_flanks,position17_containing,266,MHCflurry,HLA-C*07:01,1,0,0,0
T17M,without_flanks,position17_containing,266,MHCflurry,HLA-C*07:01,2,0,0,0
T17N,without_flanks,position17_containing,266,NetMHC,HLA-A*02:01,0.5,0,0,0
T17N,without_flanks,position17_containing,266,NetMHC,HLA-A*02:01,1,0,0,0
T17N,without_flanks,position17_containing,266,NetMHC,HLA-A*02:01,2,3,2,-1
T17N,without_flanks,position17_containing,266,NetMHC,HLA-A*24:02,0.5,0,0,0
T17N,without_flanks,position17_containing,266,NetMHC,HLA-A*24:02,1,0,0,0
T17N,without_flanks,position17_containing,266,NetMHC,HLA-A*24:02,2,0,0,0
T17N,without_flanks,position17_containing,266,NetMHC,HLA-A*03:01,0.5,0,0,0
T17N,without_flanks,position17_containing,266,NetMHC,HLA-A*03:01,1,0,0,0
T17N,without_flanks,position17_containing,266,NetMHC,HLA-A*03:01,2,0,1,1
T17N,without_flanks,position17_containing,266,NetMHC,HLA-B*40:01,0.5,0,0,0
T17N,without_flanks,position17_containing,266,NetMHC,HLA-B*40:01,1,0,0,0
T17N,without_flanks,position17_containing,266,NetMHC,HLA-B*40:01,2,0,0,0
T17N,without_flanks,position17_containing,266,NetMHC,HLA-B*49:01,0.5,0,0,0
T17N,without_flanks,position17_containing,266,NetMHC,HLA-B*49:01,1,0,0,0
T17N,without_flanks,position17_containing,266,NetMHC,HLA-B*49:01,2,0,0,0
T17N,without_flanks,position17_containing,266,NetMHC,HLA-C*03:04,0.5,2,1,-1
T17N,without_flanks,position17_containing,266,NetMHC,HLA-C*03:04,1,2,1,-1
T17N,without_flanks,position17_containing,266,NetMHC,HLA-C*03:04,2,3,2,-1
T17N,without_flanks,position17_containing,266,NetMHC,HLA-C*07:01,0.5,0,0,0
T17N,without_flanks,position17_containing,266,NetMHC,HLA-C*07:01,1,0,0,0
T17N,without_flanks,position17_containing,266,NetMHC,HLA-C*07:01,2,1,0,-1
T17N,without_flanks,position17_containing,266,MHCflurry,HLA-A*02:01,0.5,0,0,0
T17N,without_flanks,position17_containing,266,MHCflurry,HLA-A*02:01,1,1,0,-1
T17N,without_flanks,position17_containing,266,MHCflurry,HLA-A*02:01,2,3,2,-1
T17N,without_flanks,position17_containing,266,MHCflurry,HLA-A*24:02,0.5,0,0,0
T17N,without_flanks,position17_containing,266,MHCflurry,HLA-A*24:02,1,0,0,0
T17N,without_flanks,position17_containing,266,MHCflurry,HLA-A*24:02,2,0,0,0
T17N,without_flanks,position17_containing,266,MHCflurry,HLA-A*03:01,0.5,0,0,0
T17N,without_flanks,position17_containing,266,MHCflurry,HLA-A*03:01,1,0,0,0
T17N,without_flanks,position17_containing,266,MHCflurry,HLA-A*03:01,2,0,0,0
T17N,without_flanks,position17_containing,266,MHCflurry,HLA-B*40:01,0.5,0,0,0
T17N,without_flanks,position17_containing,266,MHCflurry,HLA-B*40:01,1,0,0,0
T17N,without_flanks,position17_containing,266,MHCflurry,HLA-B*40:01,2,0,0,0
T17N,without_flanks,position17_containing,266,MHCflurry,HLA-B*49:01,0.5,0,0,0
T17N,without_flanks,position17_containing,266,MHCflurry,HLA-B*49:01,1,0,0,0
T17N,without_flanks,position17_containing,266,MHCflurry,HLA-B*49:01,2,0,0,0
T17N,without_flanks,position17_containing,266,MHCflurry,HLA-C*03:04,0.5,2,1,-1
T17N,without_flanks,position17_containing,266,MHCflurry,HLA-C*03:04,1,2,1,-1
T17N,without_flanks,position17_containing,266,MHCflurry,HLA-C*03:04,2,4,3,-1
T17N,without_flanks,position17_containing,266,MHCflurry,HLA-C*07:01,0.5,0,0,0
T17N,without_flanks,position17_containing,266,MHCflurry,HLA-C*07:01,1,0,0,0
T17N,without_flanks,position17_containing,266,MHCflurry,HLA-C*07:01,2,0,0,0
T17P,without_flanks,position17_containing,266,NetMHC,HLA-A*02:01,0.5,0,0,0
T17P,without_flanks,position17_containing,266,NetMHC,HLA-A*02:01,1,0,0,0
T17P,without_flanks,position17_containing,266,NetMHC,HLA-A*02:01,2,3,0,-3
T17P,without_flanks,position17_containing,266,NetMHC,HLA-A*24:02,0.5,0,0,0
T17P,without_flanks,position17_containing,266,NetMHC,HLA-A*24:02,1,0,0,0
T17P,without_flanks,position17_containing,266,NetMHC,HLA-A*24:02,2,0,0,0
T17P,without_flanks,position17_containing,266,NetMHC,HLA-A*03:01,0.5,0,0,0
T17P,without_flanks,position17_containing,266,NetMHC,HLA-A*03:01,1,0,0,0
T17P,without_flanks,position17_containing,266,NetMHC,HLA-A*03:01,2,0,0,0
T17P,without_flanks,position17_containing,266,NetMHC,HLA-B*40:01,0.5,0,0,0
T17P,without_flanks,position17_containing,266,NetMHC,HLA-B*40:01,1,0,0,0
T17P,without_flanks,position17_containing,266,NetMHC,HLA-B*40:01,2,0,1,1
T17P,without_flanks,position17_containing,266,NetMHC,HLA-B*49:01,0.5,0,0,0
T17P,without_flanks,position17_containing,266,NetMHC,HLA-B*49:01,1,0,0,0
T17P,without_flanks,position17_containing,266,NetMHC,HLA-B*49:01,2,0,0,0
T17P,without_flanks,position17_containing,266,NetMHC,HLA-C*03:04,0.5,2,0,-2
T17P,without_flanks,position17_containing,266,NetMHC,HLA-C*03:04,1,2,1,-1
T17P,without_flanks,position17_containing,266,NetMHC,HLA-C*03:04,2,3,2,-1
T17P,without_flanks,position17_containing,266,NetMHC,HLA-C*07:01,0.5,0,0,0
T17P,without_flanks,position17_containing,266,NetMHC,HLA-C*07:01,1,0,0,0
T17P,without_flanks,position17_containing,266,NetMHC,HLA-C*07:01,2,1,0,-1
T17P,without_flanks,position17_containing,266,MHCflurry,HLA-A*02:01,0.5,0,0,0
T17P,without_flanks,position17_containing,266,MHCflurry,HLA-A*02:01,1,1,1,0
T17P,without_flanks,position17_containing,266,MHCflurry,HLA-A*02:01,2,3,3,0
T17P,without_flanks,position17_containing,266,MHCflurry,HLA-A*24:02,0.5,0,0,0
T17P,without_flanks,position17_containing,266,MHCflurry,HLA-A*24:02,1,0,0,0
T17P,without_flanks,position17_containing,266,MHCflurry,HLA-A*24:02,2,0,0,0
T17P,without_flanks,position17_containing,266,MHCflurry,HLA-A*03:01,0.5,0,0,0
T17P,without_flanks,position17_containing,266,MHCflurry,HLA-A*03:01,1,0,0,0
T17P,without_flanks,position17_containing,266,MHCflurry,HLA-A*03:01,2,0,0,0
T17P,without_flanks,position17_containing,266,MHCflurry,HLA-B*40:01,0.5,0,0,0
T17P,without_flanks,position17_containing,266,MHCflurry,HLA-B*40:01,1,0,0,0
T17P,without_flanks,position17_containing,266,MHCflurry,HLA-B*40:01,2,0,0,0
T17P,without_flanks,position17_containing,266,MHCflurry,HLA-B*49:01,0.5,0,0,0
T17P,without_flanks,position17_containing,266,MHCflurry,HLA-B*49:01,1,0,0,0
T17P,without_flanks,position17_containing,266,MHCflurry,HLA-B*49:01,2,0,1,1
T17P,without_flanks,position17_containing,266,MHCflurry,HLA-C*03:04,0.5,2,0,-2
T17P,without_flanks,position17_containing,266,MHCflurry,HLA-C*03:04,1,2,1,-1
T17P,without_flanks,position17_containing,266,MHCflurry,HLA-C*03:04,2,4,4,0
T17P,without_flanks,position17_containing,266,MHCflurry,HLA-C*07:01,0.5,0,0,0
T17P,without_flanks,position17_containing,266,MHCflurry,HLA-C*07:01,1,0,0,0
T17P,without_flanks,position17_containing,266,MHCflurry,HLA-C*07:01,2,0,1,1
T17Q,without_flanks,position17_containing,266,NetMHC,HLA-A*02:01,0.5,0,0,0
T17Q,without_flanks,position17_containing,266,NetMHC,HLA-A*02:01,1,0,0,0
T17Q,without_flanks,position17_containing,266,NetMHC,HLA-A*02:01,2,3,4,1
T17Q,without_flanks,position17_containing,266,NetMHC,HLA-A*24:02,0.5,0,0,0
T17Q,without_flanks,position17_containing,266,NetMHC,HLA-A*24:02,1,0,0,0
T17Q,without_flanks,position17_containing,266,NetMHC,HLA-A*24:02,2,0,1,1
T17Q,without_flanks,position17_containing,266,NetMHC,HLA-A*03:01,0.5,0,0,0
T17Q,without_flanks,position17_containing,266,NetMHC,HLA-A*03:01,1,0,0,0
T17Q,without_flanks,position17_containing,266,NetMHC,HLA-A*03:01,2,0,0,0
T17Q,without_flanks,position17_containing,266,NetMHC,HLA-B*40:01,0.5,0,0,0
T17Q,without_flanks,position17_containing,266,NetMHC,HLA-B*40:01,1,0,1,1
T17Q,without_flanks,position17_containing,266,NetMHC,HLA-B*40:01,2,0,1,1
T17Q,without_flanks,position17_containing,266,NetMHC,HLA-B*49:01,0.5,0,0,0
T17Q,without_flanks,position17_containing,266,NetMHC,HLA-B*49:01,1,0,1,1
T17Q,without_flanks,position17_containing,266,NetMHC,HLA-B*49:01,2,0,1,1
T17Q,without_flanks,position17_containing,266,NetMHC,HLA-C*03:04,0.5,2,0,-2
T17Q,without_flanks,position17_containing,266,NetMHC,HLA-C*03:04,1,2,2,0
T17Q,without_flanks,position17_containing,266,NetMHC,HLA-C*03:04,2,3,3,0
T17Q,without_flanks,position17_containing,266,NetMHC,HLA-C*07:01,0.5,0,0,0
T17Q,without_flanks,position17_containing,266,NetMHC,HLA-C*07:01,1,0,0,0
T17Q,without_flanks,position17_containing,266,NetMHC,HLA-C*07:01,2,1,1,0
T17Q,without_flanks,position17_containing,266,MHCflurry,HLA-A*02:01,0.5,0,1,1
T17Q,without_flanks,position17_containing,266,MHCflurry,HLA-A*02:01,1,1,2,1
T17Q,without_flanks,position17_containing,266,MHCflurry,HLA-A*02:01,2,3,3,0
T17Q,without_flanks,position17_containing,266,MHCflurry,HLA-A*24:02,0.5,0,0,0
T17Q,without_flanks,position17_containing,266,MHCflurry,HLA-A*24:02,1,0,0,0
T17Q,without_flanks,position17_containing,266,MHCflurry,HLA-A*24:02,2,0,0,0
T17Q,without_flanks,position17_containing,266,MHCflurry,HLA-A*03:01,0.5,0,0,0
T17Q,without_flanks,position17_containing,266,MHCflurry,HLA-A*03:01,1,0,0,0
T17Q,without_flanks,position17_containing,266,MHCflurry,HLA-A*03:01,2,0,0,0
T17Q,without_flanks,position17_containing,266,MHCflurry,HLA-B*40:01,0.5,0,0,0
T17Q,without_flanks,position17_containing,266,MHCflurry,HLA-B*40:01,1,0,0,0
T17Q,without_flanks,position17_containing,266,MHCflurry,HLA-B*40:01,2,0,0,0
T17Q,without_flanks,position17_containing,266,MHCflurry,HLA-B*49:01,0.5,0,0,0
T17Q,without_flanks,position17_containing,266,MHCflurry,HLA-B*49:01,1,0,1,1
T17Q,without_flanks,position17_containing,266,MHCflurry,HLA-B*49:01,2,0,1,1
T17Q,without_flanks,position17_containing,266,MHCflurry,HLA-C*03:04,0.5,2,0,-2
T17Q,without_flanks,position17_containing,266,MHCflurry,HLA-C*03:04,1,2,1,-1
T17Q,without_flanks,position17_containing,266,MHCflurry,HLA-C*03:04,2,4,4,0
T17Q,without_flanks,position17_containing,266,MHCflurry,HLA-C*07:01,0.5,0,0,0
T17Q,without_flanks,position17_containing,266,MHCflurry,HLA-C*07:01,1,0,0,0
T17Q,without_flanks,position17_containing,266,MHCflurry,HLA-C*07:01,2,0,1,1
T17R,without_flanks,position17_containing,266,NetMHC,HLA-A*02:01,0.5,0,0,0
T17R,without_flanks,position17_containing,266,NetMHC,HLA-A*02:01,1,0,0,0
T17R,without_flanks,position17_containing,266,NetMHC,HLA-A*02:01,2,3,2,-1
T17R,without_flanks,position17_containing,266,NetMHC,HLA-A*24:02,0.5,0,0,0
T17R,without_flanks,position17_containing,266,NetMHC,HLA-A*24:02,1,0,0,0
T17R,without_flanks,position17_containing,266,NetMHC,HLA-A*24:02,2,0,0,0
T17R,without_flanks,position17_containing,266,NetMHC,HLA-A*03:01,0.5,0,0,0
T17R,without_flanks,position17_containing,266,NetMHC,HLA-A*03:01,1,0,0,0
T17R,without_flanks,position17_containing,266,NetMHC,HLA-A*03:01,2,0,1,1
T17R,without_flanks,position17_containing,266,NetMHC,HLA-B*40:01,0.5,0,0,0
T17R,without_flanks,position17_containing,266,NetMHC,HLA-B*40:01,1,0,0,0
T17R,without_flanks,position17_containing,266,NetMHC,HLA-B*40:01,2,0,0,0
T17R,without_flanks,position17_containing,266,NetMHC,HLA-B*49:01,0.5,0,0,0
T17R,without_flanks,position17_containing,266,NetMHC,HLA-B*49:01,1,0,0,0
T17R,without_flanks,position17_containing,266,NetMHC,HLA-B*49:01,2,0,0,0
T17R,without_flanks,position17_containing,266,NetMHC,HLA-C*03:04,0.5,2,1,-1
T17R,without_flanks,position17_containing,266,NetMHC,HLA-C*03:04,1,2,1,-1
T17R,without_flanks,position17_containing,266,NetMHC,HLA-C*03:04,2,3,2,-1
T17R,without_flanks,position17_containing,266,NetMHC,HLA-C*07:01,0.5,0,1,1
T17R,without_flanks,position17_containing,266,NetMHC,HLA-C*07:01,1,0,1,1
T17R,without_flanks,position17_containing,266,NetMHC,HLA-C*07:01,2,1,2,1
T17R,without_flanks,position17_containing,266,MHCflurry,HLA-A*02:01,0.5,0,0,0
T17R,without_flanks,position17_containing,266,MHCflurry,HLA-A*02:01,1,1,0,-1
T17R,without_flanks,position17_containing,266,MHCflurry,HLA-A*02:01,2,3,1,-2
T17R,without_flanks,position17_containing,266,MHCflurry,HLA-A*24:02,0.5,0,0,0
T17R,without_flanks,position17_containing,266,MHCflurry,HLA-A*24:02,1,0,0,0
T17R,without_flanks,position17_containing,266,MHCflurry,HLA-A*24:02,2,0,0,0
T17R,without_flanks,position17_containing,266,MHCflurry,HLA-A*03:01,0.5,0,0,0
T17R,without_flanks,position17_containing,266,MHCflurry,HLA-A*03:01,1,0,0,0
T17R,without_flanks,position17_containing,266,MHCflurry,HLA-A*03:01,2,0,1,1
T17R,without_flanks,position17_containing,266,MHCflurry,HLA-B*40:01,0.5,0,0,0
T17R,without_flanks,position17_containing,266,MHCflurry,HLA-B*40:01,1,0,0,0
T17R,without_flanks,position17_containing,266,MHCflurry,HLA-B*40:01,2,0,0,0
T17R,without_flanks,position17_containing,266,MHCflurry,HLA-B*49:01,0.5,0,0,0
T17R,without_flanks,position17_containing,266,MHCflurry,HLA-B*49:01,1,0,0,0
T17R,without_flanks,position17_containing,266,MHCflurry,HLA-B*49:01,2,0,0,0
T17R,without_flanks,position17_containing,266,MHCflurry,HLA-C*03:04,0.5,2,1,-1
T17R,without_flanks,position17_containing,266,MHCflurry,HLA-C*03:04,1,2,1,-1
T17R,without_flanks,position17_containing,266,MHCflurry,HLA-C*03:04,2,4,2,-2
T17R,without_flanks,position17_containing,266,MHCflurry,HLA-C*07:01,0.5,0,1,1
T17R,without_flanks,position17_containing,266,MHCflurry,HLA-C*07:01,1,0,1,1
T17R,without_flanks,position17_containing,266,MHCflurry,HLA-C*07:01,2,0,2,2
T17S,without_flanks,position17_containing,266,NetMHC,HLA-A*02:01,0.5,0,0,0
T17S,without_flanks,position17_containing,266,NetMHC,HLA-A*02:01,1,0,0,0
T17S,without_flanks,position17_containing,266,NetMHC,HLA-A*02:01,2,3,2,-1
T17S,without_flanks,position17_containing,266,NetMHC,HLA-A*24:02,0.5,0,0,0
T17S,without_flanks,position17_containing,266,NetMHC,HLA-A*24:02,1,0,0,0
T17S,without_flanks,position17_containing,266,NetMHC,HLA-A*24:02,2,0,0,0
T17S,without_flanks,position17_containing,266,NetMHC,HLA-A*03:01,0.5,0,0,0
T17S,without_flanks,position17_containing,266,NetMHC,HLA-A*03:01,1,0,0,0
T17S,without_flanks,position17_containing,266,NetMHC,HLA-A*03:01,2,0,1,1
T17S,without_flanks,position17_containing,266,NetMHC,HLA-B*40:01,0.5,0,0,0
T17S,without_flanks,position17_containing,266,NetMHC,HLA-B*40:01,1,0,0,0
T17S,without_flanks,position17_containing,266,NetMHC,HLA-B*40:01,2,0,0,0
T17S,without_flanks,position17_containing,266,NetMHC,HLA-B*49:01,0.5,0,0,0
T17S,without_flanks,position17_containing,266,NetMHC,HLA-B*49:01,1,0,0,0
T17S,without_flanks,position17_containing,266,NetMHC,HLA-B*49:01,2,0,0,0
T17S,without_flanks,position17_containing,266,NetMHC,HLA-C*03:04,0.5,2,2,0
T17S,without_flanks,position17_containing,266,NetMHC,HLA-C*03:04,1,2,2,0
T17S,without_flanks,position17_containing,266,NetMHC,HLA-C*03:04,2,3,4,1
T17S,without_flanks,position17_containing,266,NetMHC,HLA-C*07:01,0.5,0,0,0
T17S,without_flanks,position17_containing,266,NetMHC,HLA-C*07:01,1,0,0,0
T17S,without_flanks,position17_containing,266,NetMHC,HLA-C*07:01,2,1,1,0
T17S,without_flanks,position17_containing,266,MHCflurry,HLA-A*02:01,0.5,0,0,0
T17S,without_flanks,position17_containing,266,MHCflurry,HLA-A*02:01,1,1,1,0
T17S,without_flanks,position17_containing,266,MHCflurry,HLA-A*02:01,2,3,2,-1
T17S,without_flanks,position17_containing,266,MHCflurry,HLA-A*24:02,0.5,0,0,0
T17S,without_flanks,position17_containing,266,MHCflurry,HLA-A*24:02,1,0,0,0
T17S,without_flanks,position17_containing,266,MHCflurry,HLA-A*24:02,2,0,0,0
T17S,without_flanks,position17_containing,266,MHCflurry,HLA-A*03:01,0.5,0,0,0
T17S,without_flanks,position17_containing,266,MHCflurry,HLA-A*03:01,1,0,0,0
T17S,without_flanks,position17_containing,266,MHCflurry,HLA-A*03:01,2,0,0,0
T17S,without_flanks,position17_containing,266,MHCflurry,HLA-B*40:01,0.5,0,0,0
T17S,without_flanks,position17_containing,266,MHCflurry,HLA-B*40:01,1,0,0,0
T17S,without_flanks,position17_containing,266,MHCflurry,HLA-B*40:01,2,0,0,0
T17S,without_flanks,position17_containing,266,MHCflurry,HLA-B*49:01,0.5,0,0,0
T17S,without_flanks,position17_containing,266,MHCflurry,HLA-B*49:01,1,0,0,0
T17S,without_flanks,position17_containing,266,MHCflurry,HLA-B*49:01,2,0,0,0
T17S,without_flanks,position17_containing,266,MHCflurry,HLA-C*03:04,0.5,2,2,0
T17S,without_flanks,position17_containing,266,MHCflurry,HLA-C*03:04,1,2,2,0
T17S,without_flanks,position17_containing,266,MHCflurry,HLA-C*03:04,2,4,4,0
T17S,without_flanks,position17_containing,266,MHCflurry,HLA-C*07:01,0.5,0,0,0
T17S,without_flanks,position17_containing,266,MHCflurry,HLA-C*07:01,1,0,0,0
T17S,without_flanks,position17_containing,266,MHCflurry,HLA-C*07:01,2,0,0,0
T17T,without_flanks,position17_containing,266,NetMHC,HLA-A*02:01,0.5,0,0,0
T17T,without_flanks,position17_containing,266,NetMHC,HLA-A*02:01,1,0,0,0
T17T,without_flanks,position17_containing,266,NetMHC,HLA-A*02:01,2,3,3,0
T17T,without_flanks,position17_containing,266,NetMHC,HLA-A*24:02,0.5,0,0,0
T17T,without_flanks,position17_containing,266,NetMHC,HLA-A*24:02,1,0,0,0
T17T,without_flanks,position17_containing,266,NetMHC,HLA-A*24:02,2,0,0,0
T17T,without_flanks,position17_containing,266,NetMHC,HLA-A*03:01,0.5,0,0,0
T17T,without_flanks,position17_containing,266,NetMHC,HLA-A*03:01,1,0,0,0
T17T,without_flanks,position17_containing,266,NetMHC,HLA-A*03:01,2,0,0,0
T17T,without_flanks,position17_containing,266,NetMHC,HLA-B*40:01,0.5,0,0,0
T17T,without_flanks,position17_containing,266,NetMHC,HLA-B*40:01,1,0,0,0
T17T,without_flanks,position17_containing,266,NetMHC,HLA-B*40:01,2,0,0,0
T17T,without_flanks,position17_containing,266,NetMHC,HLA-B*49:01,0.5,0,0,0
T17T,without_flanks,position17_containing,266,NetMHC,HLA-B*49:01,1,0,0,0
T17T,without_flanks,position17_containing,266,NetMHC,HLA-B*49:01,2,0,0,0
T17T,without_flanks,position17_containing,266,NetMHC,HLA-C*03:04,0.5,2,2,0
T17T,without_flanks,position17_containing,266,NetMHC,HLA-C*03:04,1,2,2,0
T17T,without_flanks,position17_containing,266,NetMHC,HLA-C*03:04,2,3,3,0
T17T,without_flanks,position17_containing,266,NetMHC,HLA-C*07:01,0.5,0,0,0
T17T,without_flanks,position17_containing,266,NetMHC,HLA-C*07:01,1,0,0,0
T17T,without_flanks,position17_containing,266,NetMHC,HLA-C*07:01,2,1,1,0
T17T,without_flanks,position17_containing,266,MHCflurry,HLA-A*02:01,0.5,0,0,0
T17T,without_flanks,position17_containing,266,MHCflurry,HLA-A*02:01,1,1,1,0
T17T,without_flanks,position17_containing,266,MHCflurry,HLA-A*02:01,2,3,3,0
T17T,without_flanks,position17_containing,266,MHCflurry,HLA-A*24:02,0.5,0,0,0
T17T,without_flanks,position17_containing,266,MHCflurry,HLA-A*24:02,1,0,0,0
T17T,without_flanks,position17_containing,266,MHCflurry,HLA-A*24:02,2,0,0,0
T17T,without_flanks,position17_containing,266,MHCflurry,HLA-A*03:01,0.5,0,0,0
T17T,without_flanks,position17_containing,266,MHCflurry,HLA-A*03:01,1,0,0,0
T17T,without_flanks,position17_containing,266,MHCflurry,HLA-A*03:01,2,0,0,0
T17T,without_flanks,position17_containing,266,MHCflurry,HLA-B*40:01,0.5,0,0,0
T17T,without_flanks,position17_containing,266,MHCflurry,HLA-B*40:01,1,0,0,0
T17T,without_flanks,position17_containing,266,MHCflurry,HLA-B*40:01,2,0,0,0
T17T,without_flanks,position17_containing,266,MHCflurry,HLA-B*49:01,0.5,0,0,0
T17T,without_flanks,position17_containing,266,MHCflurry,HLA-B*49:01,1,0,0,0
T17T,without_flanks,position17_containing,266,MHCflurry,HLA-B*49:01,2,0,0,0
T17T,without_flanks,position17_containing,266,MHCflurry,HLA-C*03:04,0.5,2,2,0
T17T,without_flanks,position17_containing,266,MHCflurry,HLA-C*03:04,1,2,2,0
T17T,without_flanks,position17_containing,266,MHCflurry,HLA-C*03:04,2,4,4,0
T17T,without_flanks,position17_containing,266,MHCflurry,HLA-C*07:01,0.5,0,0,0
T17T,without_flanks,position17_containing,266,MHCflurry,HLA-C*07:01,1,0,0,0
T17T,without_flanks,position17_containing,266,MHCflurry,HLA-C*07:01,2,0,0,0
T17V,without_flanks,position17_containing,266,NetMHC,HLA-A*02:01,0.5,0,0,0
T17V,without_flanks,position17_containing,266,NetMHC,HLA-A*02:01,1,0,0,0
T17V,without_flanks,position17_containing,266,NetMHC,HLA-A*02:01,2,3,2,-1
T17V,without_flanks,position17_containing,266,NetMHC,HLA-A*24:02,0.5,0,0,0
T17V,without_flanks,position17_containing,266,NetMHC,HLA-A*24:02,1,0,0,0
T17V,without_flanks,position17_containing,266,NetMHC,HLA-A*24:02,2,0,0,0
T17V,without_flanks,position17_containing,266,NetMHC,HLA-A*03:01,0.5,0,0,0
T17V,without_flanks,position17_containing,266,NetMHC,HLA-A*03:01,1,0,0,0
T17V,without_flanks,position17_containing,266,NetMHC,HLA-A*03:01,2,0,0,0
T17V,without_flanks,position17_containing,266,NetMHC,HLA-B*40:01,0.5,0,0,0
T17V,without_flanks,position17_containing,266,NetMHC,HLA-B*40:01,1,0,0,0
T17V,without_flanks,position17_containing,266,NetMHC,HLA-B*40:01,2,0,0,0
T17V,without_flanks,position17_containing,266,NetMHC,HLA-B*49:01,0.5,0,0,0
T17V,without_flanks,position17_containing,266,NetMHC,HLA-B*49:01,1,0,0,0
T17V,without_flanks,position17_containing,266,NetMHC,HLA-B*49:01,2,0,0,0
T17V,without_flanks,position17_containing,266,NetMHC,HLA-C*03:04,0.5,2,2,0
T17V,without_flanks,position17_containing,266,NetMHC,HLA-C*03:04,1,2,2,0
T17V,without_flanks,position17_containing,266,NetMHC,HLA-C*03:04,2,3,4,1
T17V,without_flanks,position17_containing,266,NetMHC,HLA-C*07:01,0.5,0,0,0
T17V,without_flanks,position17_containing,266,NetMHC,HLA-C*07:01,1,0,0,0
T17V,without_flanks,position17_containing,266,NetMHC,HLA-C*07:01,2,1,1,0
T17V,without_flanks,position17_containing,266,MHCflurry,HLA-A*02:01,0.5,0,0,0
T17V,without_flanks,position17_containing,266,MHCflurry,HLA-A*02:01,1,1,2,1
T17V,without_flanks,position17_containing,266,MHCflurry,HLA-A*02:01,2,3,5,2
T17V,without_flanks,position17_containing,266,MHCflurry,HLA-A*24:02,0.5,0,0,0
T17V,without_flanks,position17_containing,266,MHCflurry,HLA-A*24:02,1,0,0,0
T17V,without_flanks,position17_containing,266,MHCflurry,HLA-A*24:02,2,0,0,0
T17V,without_flanks,position17_containing,266,MHCflurry,HLA-A*03:01,0.5,0,0,0
T17V,without_flanks,position17_containing,266,MHCflurry,HLA-A*03:01,1,0,0,0
T17V,without_flanks,position17_containing,266,MHCflurry,HLA-A*03:01,2,0,0,0
T17V,without_flanks,position17_containing,266,MHCflurry,HLA-B*40:01,0.5,0,0,0
T17V,without_flanks,position17_containing,266,MHCflurry,HLA-B*40:01,1,0,0,0
T17V,without_flanks,position17_containing,266,MHCflurry,HLA-B*40:01,2,0,0,0
T17V,without_flanks,position17_containing,266,MHCflurry,HLA-B*49:01,0.5,0,0,0
T17V,without_flanks,position17_containing,266,MHCflurry,HLA-B*49:01,1,0,0,0
T17V,without_flanks,position17_containing,266,MHCflurry,HLA-B*49:01,2,0,0,0
T17V,without_flanks,position17_containing,266,MHCflurry,HLA-C*03:04,0.5,2,2,0
T17V,without_flanks,position17_containing,266,MHCflurry,HLA-C*03:04,1,2,2,0
T17V,without_flanks,position17_containing,266,MHCflurry,HLA-C*03:04,2,4,4,0
T17V,without_flanks,position17_containing,266,MHCflurry,HLA-C*07:01,0.5,0,0,0
T17V,without_flanks,position17_containing,266,MHCflurry,HLA-C*07:01,1,0,0,0
T17V,without_flanks,position17_containing,266,MHCflurry,HLA-C*07:01,2,0,0,0
T17W,without_flanks,position17_containing,266,NetMHC,HLA-A*02:01,0.5,0,0,0
T17W,without_flanks,position17_containing,266,NetMHC,HLA-A*02:01,1,0,0,0
T17W,without_flanks,position17_containing,266,NetMHC,HLA-A*02:01,2,3,0,-3
T17W,without_flanks,position17_containing,266,NetMHC,HLA-A*24:02,0.5,0,1,1
T17W,without_flanks,position17_containing,266,NetMHC,HLA-A*24:02,1,0,1,1
T17W,without_flanks,position17_containing,266,NetMHC,HLA-A*24:02,2,0,2,2
T17W,without_flanks,position17_containing,266,NetMHC,HLA-A*03:01,0.5,0,0,0
T17W,without_flanks,position17_containing,266,NetMHC,HLA-A*03:01,1,0,0,0
T17W,without_flanks,position17_containing,266,NetMHC,HLA-A*03:01,2,0,1,1
T17W,without_flanks,position17_containing,266,NetMHC,HLA-B*40:01,0.5,0,0,0
T17W,without_flanks,position17_containing,266,NetMHC,HLA-B*40:01,1,0,0,0
T17W,without_flanks,position17_containing,266,NetMHC,HLA-B*40:01,2,0,0,0
T17W,without_flanks,position17_containing,266,NetMHC,HLA-B*49:01,0.5,0,0,0
T17W,without_flanks,position17_containing,266,NetMHC,HLA-B*49:01,1,0,0,0
T17W,without_flanks,position17_containing,266,NetMHC,HLA-B*49:01,2,0,0,0
T17W,without_flanks,position17_containing,266,NetMHC,HLA-C*03:04,0.5,2,1,-1
T17W,without_flanks,position17_containing,266,NetMHC,HLA-C*03:04,1,2,1,-1
T17W,without_flanks,position17_containing,266,NetMHC,HLA-C*03:04,2,3,1,-2
T17W,without_flanks,position17_containing,266,NetMHC,HLA-C*07:01,0.5,0,0,0
T17W,without_flanks,position17_containing,266,NetMHC,HLA-C*07:01,1,0,0,0
T17W,without_flanks,position17_containing,266,NetMHC,HLA-C*07:01,2,1,0,-1
T17W,without_flanks,position17_containing,266,MHCflurry,HLA-A*02:01,0.5,0,0,0
T17W,without_flanks,position17_containing,266,MHCflurry,HLA-A*02:01,1,1,1,0
T17W,without_flanks,position17_containing,266,MHCflurry,HLA-A*02:01,2,3,1,-2
T17W,without_flanks,position17_containing,266,MHCflurry,HLA-A*24:02,0.5,0,1,1
T17W,without_flanks,position17_containing,266,MHCflurry,HLA-A*24:02,1,0,1,1
T17W,without_flanks,position17_containing,266,MHCflurry,HLA-A*24:02,2,0,1,1
T17W,without_flanks,position17_containing,266,MHCflurry,HLA-A*03:01,0.5,0,0,0
T17W,without_flanks,position17_containing,266,MHCflurry,HLA-A*03:01,1,0,0,0
T17W,without_flanks,position17_containing,266,MHCflurry,HLA-A*03:01,2,0,1,1
T17W,without_flanks,position17_containing,266,MHCflurry,HLA-B*40:01,0.5,0,0,0
T17W,without_flanks,position17_containing,266,MHCflurry,HLA-B*40:01,1,0,0,0
T17W,without_flanks,position17_containing,266,MHCflurry,HLA-B*40:01,2,0,0,0
T17W,without_flanks,position17_containing,266,MHCflurry,HLA-B*49:01,0.5,0,0,0
T17W,without_flanks,position17_containing,266,MHCflurry,HLA-B*49:01,1,0,0,0
T17W,without_flanks,position17_containing,266,MHCflurry,HLA-B*49:01,2,0,0,0
T17W,without_flanks,position17_containing,266,MHCflurry,HLA-C*03:04,0.5,2,0,-2
T17W,without_flanks,position17_containing,266,MHCflurry,HLA-C*03:04,1,2,1,-1
T17W,without_flanks,position17_containing,266,MHCflurry,HLA-C*03:04,2,4,1,-3
T17W,without_flanks,position17_containing,266,MHCflurry,HLA-C*07:01,0.5,0,0,0
T17W,without_flanks,position17_containing,266,MHCflurry,HLA-C*07:01,1,0,0,0
T17W,without_flanks,position17_containing,266,MHCflurry,HLA-C*07:01,2,0,0,0
T17Y,without_flanks,position17_containing,266,NetMHC,HLA-A*02:01,0.5,0,0,0
T17Y,without_flanks,position17_containing,266,NetMHC,HLA-A*02:01,1,0,0,0
T17Y,without_flanks,position17_containing,266,NetMHC,HLA-A*02:01,2,3,3,0
T17Y,without_flanks,position17_containing,266,NetMHC,HLA-A*24:02,0.5,0,2,2
T17Y,without_flanks,position17_containing,266,NetMHC,HLA-A*24:02,1,0,3,3
T17Y,without_flanks,position17_containing,266,NetMHC,HLA-A*24:02,2,0,5,5
T17Y,without_flanks,position17_containing,266,NetMHC,HLA-A*03:01,0.5,0,0,0
T17Y,without_flanks,position17_containing,266,NetMHC,HLA-A*03:01,1,0,1,1
T17Y,without_flanks,position17_containing,266,NetMHC,HLA-A*03:01,2,0,2,2
T17Y,without_flanks,position17_containing,266,NetMHC,HLA-B*40:01,0.5,0,0,0
T17Y,without_flanks,position17_containing,266,NetMHC,HLA-B*40:01,1,0,0,0
T17Y,without_flanks,position17_containing,266,NetMHC,HLA-B*40:01,2,0,0,0
T17Y,without_flanks,position17_containing,266,NetMHC,HLA-B*49:01,0.5,0,0,0
T17Y,without_flanks,position17_containing,266,NetMHC,HLA-B*49:01,1,0,0,0
T17Y,without_flanks,position17_containing,266,NetMHC,HLA-B*49:01,2,0,0,0
T17Y,without_flanks,position17_containing,266,NetMHC,HLA-C*03:04,0.5,2,1,-1
T17Y,without_flanks,position17_containing,266,NetMHC,HLA-C*03:04,1,2,2,0
T17Y,without_flanks,position17_containing,266,NetMHC,HLA-C*03:04,2,3,3,0
T17Y,without_flanks,position17_containing,266,NetMHC,HLA-C*07:01,0.5,0,1,1
T17Y,without_flanks,position17_containing,266,NetMHC,HLA-C*07:01,1,0,1,1
T17Y,without_flanks,position17_containing,266,NetMHC,HLA-C*07:01,2,1,2,1
T17Y,without_flanks,position17_containing,266,MHCflurry,HLA-A*02:01,0.5,0,0,0
T17Y,without_flanks,position17_containing,266,MHCflurry,HLA-A*02:01,1,1,2,1
T17Y,without_flanks,position17_containing,266,MHCflurry,HLA-A*02:01,2,3,3,0
T17Y,without_flanks,position17_containing,266,MHCflurry,HLA-A*24:02,0.5,0,1,1
T17Y,without_flanks,position17_containing,266,MHCflurry,HLA-A*24:02,1,0,1,1
T17Y,without_flanks,position17_containing,266,MHCflurry,HLA-A*24:02,2,0,1,1
T17Y,without_flanks,position17_containing,266,MHCflurry,HLA-A*03:01,0.5,0,1,1
T17Y,without_flanks,position17_containing,266,MHCflurry,HLA-A*03:01,1,0,1,1
T17Y,without_flanks,position17_containing,266,MHCflurry,HLA-A*03:01,2,0,1,1
T17Y,without_flanks,position17_containing,266,MHCflurry,HLA-B*40:01,0.5,0,0,0
T17Y,without_flanks,position17_containing,266,MHCflurry,HLA-B*40:01,1,0,0,0
T17Y,without_flanks,position17_containing,266,MHCflurry,HLA-B*40:01,2,0,0,0
T17Y,without_flanks,position17_containing,266,MHCflurry,HLA-B*49:01,0.5,0,0,0
T17Y,without_flanks,position17_containing,266,MHCflurry,HLA-B*49:01,1,0,0,0
T17Y,without_flanks,position17_containing,266,MHCflurry,HLA-B*49:01,2,0,0,0
T17Y,without_flanks,position17_containing,266,MHCflurry,HLA-C*03:04,0.5,2,1,-1
T17Y,without_flanks,position17_containing,266,MHCflurry,HLA-C*03:04,1,2,1,-1
T17Y,without_flanks,position17_containing,266,MHCflurry,HLA-C*03:04,2,4,3,-1
T17Y,without_flanks,position17_containing,266,MHCflurry,HLA-C*07:01,0.5,0,1,1
T17Y,without_flanks,position17_containing,266,MHCflurry,HLA-C*07:01,1,0,2,2
T17Y,without_flanks,position17_containing,266,MHCflurry,HLA-C*07:01,2,0,2,2
T17A,without_flanks,position17_core_or_flank,546,NetMHC,HLA-A*02:01,0.5,0,0,0
T17A,without_flanks,position17_core_or_flank,546,NetMHC,HLA-A*02:01,1,0,0,0
T17A,without_flanks,position17_core_or_flank,546,NetMHC,HLA-A*02:01,2,4,1,-3
T17A,without_flanks,position17_core_or_flank,546,NetMHC,HLA-A*24:02,0.5,0,0,0
T17A,without_flanks,position17_core_or_flank,546,NetMHC,HLA-A*24:02,1,0,0,0
T17A,without_flanks,position17_core_or_flank,546,NetMHC,HLA-A*24:02,2,0,0,0
T17A,without_flanks,position17_core_or_flank,546,NetMHC,HLA-A*03:01,0.5,0,0,0
T17A,without_flanks,position17_core_or_flank,546,NetMHC,HLA-A*03:01,1,0,0,0
T17A,without_flanks,position17_core_or_flank,546,NetMHC,HLA-A*03:01,2,0,1,1
T17A,without_flanks,position17_core_or_flank,546,NetMHC,HLA-B*40:01,0.5,0,0,0
T17A,without_flanks,position17_core_or_flank,546,NetMHC,HLA-B*40:01,1,0,0,0
T17A,without_flanks,position17_core_or_flank,546,NetMHC,HLA-B*40:01,2,1,1,0
T17A,without_flanks,position17_core_or_flank,546,NetMHC,HLA-B*49:01,0.5,0,0,0
T17A,without_flanks,position17_core_or_flank,546,NetMHC,HLA-B*49:01,1,0,0,0
T17A,without_flanks,position17_core_or_flank,546,NetMHC,HLA-B*49:01,2,0,0,0
T17A,without_flanks,position17_core_or_flank,546,NetMHC,HLA-C*03:04,0.5,2,2,0
T17A,without_flanks,position17_core_or_flank,546,NetMHC,HLA-C*03:04,1,2,2,0
T17A,without_flanks,position17_core_or_flank,546,NetMHC,HLA-C*03:04,2,4,4,0
T17A,without_flanks,position17_core_or_flank,546,NetMHC,HLA-C*07:01,0.5,0,0,0
T17A,without_flanks,position17_core_or_flank,546,NetMHC,HLA-C*07:01,1,0,0,0
T17A,without_flanks,position17_core_or_flank,546,NetMHC,HLA-C*07:01,2,1,1,0
T17A,without_flanks,position17_core_or_flank,546,MHCflurry,HLA-A*02:01,0.5,0,0,0
T17A,without_flanks,position17_core_or_flank,546,MHCflurry,HLA-A*02:01,1,2,2,0
T17A,without_flanks,position17_core_or_flank,546,MHCflurry,HLA-A*02:01,2,5,6,1
T17A,without_flanks,position17_core_or_flank,546,MHCflurry,HLA-A*24:02,0.5,0,0,0
T17A,without_flanks,position17_core_or_flank,546,MHCflurry,HLA-A*24:02,1,0,0,0
T17A,without_flanks,position17_core_or_flank,546,MHCflurry,HLA-A*24:02,2,0,0,0
T17A,without_flanks,position17_core_or_flank,546,MHCflurry,HLA-A*03:01,0.5,0,0,0
T17A,without_flanks,position17_core_or_flank,546,MHCflurry,HLA-A*03:01,1,0,0,0
T17A,without_flanks,position17_core_or_flank,546,MHCflurry,HLA-A*03:01,2,0,1,1
T17A,without_flanks,position17_core_or_flank,546,MHCflurry,HLA-B*40:01,0.5,0,0,0
T17A,without_flanks,position17_core_or_flank,546,MHCflurry,HLA-B*40:01,1,0,0,0
T17A,without_flanks,position17_core_or_flank,546,MHCflurry,HLA-B*40:01,2,0,0,0
T17A,without_flanks,position17_core_or_flank,546,MHCflurry,HLA-B*49:01,0.5,0,0,0
T17A,without_flanks,position17_core_or_flank,546,MHCflurry,HLA-B*49:01,1,0,0,0
T17A,without_flanks,position17_core_or_flank,546,MHCflurry,HLA-B*49:01,2,0,0,0
T17A,without_flanks,position17_core_or_flank,546,MHCflurry,HLA-C*03:04,0.5,2,2,0
T17A,without_flanks,position17_core_or_flank,546,MHCflurry,HLA-C*03:04,1,2,2,0
T17A,without_flanks,position17_core_or_flank,546,MHCflurry,HLA-C*03:04,2,5,5,0
T17A,without_flanks,position17_core_or_flank,546,MHCflurry,HLA-C*07:01,0.5,0,0,0
T17A,without_flanks,position17_core_or_flank,546,MHCflurry,HLA-C*07:01,1,0,0,0
T17A,without_flanks,position17_core_or_flank,546,MHCflurry,HLA-C*07:01,2,0,1,1
T17C,without_flanks,position17_core_or_flank,546,NetMHC,HLA-A*02:01,0.5,0,0,0
T17C,without_flanks,position17_core_or_flank,546,NetMHC,HLA-A*02:01,1,0,0,0
T17C,without_flanks,position17_core_or_flank,546,NetMHC,HLA-A*02:01,2,4,1,-3
T17C,without_flanks,position17_core_or_flank,546,NetMHC,HLA-A*24:02,0.5,0,0,0
T17C,without_flanks,position17_core_or_flank,546,NetMHC,HLA-A*24:02,1,0,0,0
T17C,without_flanks,position17_core_or_flank,546,NetMHC,HLA-A*24:02,2,0,0,0
T17C,without_flanks,position17_core_or_flank,546,NetMHC,HLA-A*03:01,0.5,0,0,0
T17C,without_flanks,position17_core_or_flank,546,NetMHC,HLA-A*03:01,1,0,0,0
T17C,without_flanks,position17_core_or_flank,546,NetMHC,HLA-A*03:01,2,0,0,0
T17C,without_flanks,position17_core_or_flank,546,NetMHC,HLA-B*40:01,0.5,0,0,0
T17C,without_flanks,position17_core_or_flank,546,NetMHC,HLA-B*40:01,1,0,0,0
T17C,without_flanks,position17_core_or_flank,546,NetMHC,HLA-B*40:01,2,1,1,0
T17C,without_flanks,position17_core_or_flank,546,NetMHC,HLA-B*49:01,0.5,0,0,0
T17C,without_flanks,position17_core_or_flank,546,NetMHC,HLA-B*49:01,1,0,0,0
T17C,without_flanks,position17_core_or_flank,546,NetMHC,HLA-B*49:01,2,0,0,0
T17C,without_flanks,position17_core_or_flank,546,NetMHC,HLA-C*03:04,0.5,2,0,-2
T17C,without_flanks,position17_core_or_flank,546,NetMHC,HLA-C*03:04,1,2,1,-1
T17C,without_flanks,position17_core_or_flank,546,NetMHC,HLA-C*03:04,2,4,3,-1
T17C,without_flanks,position17_core_or_flank,546,NetMHC,HLA-C*07:01,0.5,0,0,0
T17C,without_flanks,position17_core_or_flank,546,NetMHC,HLA-C*07:01,1,0,0,0
T17C,without_flanks,position17_core_or_flank,546,NetMHC,HLA-C*07:01,2,1,0,-1
T17C,without_flanks,position17_core_or_flank,546,MHCflurry,HLA-A*02:01,0.5,0,0,0
T17C,without_flanks,position17_core_or_flank,546,MHCflurry,HLA-A*02:01,1,2,1,-1
T17C,without_flanks,position17_core_or_flank,546,MHCflurry,HLA-A*02:01,2,5,4,-1
T17C,without_flanks,position17_core_or_flank,546,MHCflurry,HLA-A*24:02,0.5,0,0,0
T17C,without_flanks,position17_core_or_flank,546,MHCflurry,HLA-A*24:02,1,0,0,0
T17C,without_flanks,position17_core_or_flank,546,MHCflurry,HLA-A*24:02,2,0,0,0
T17C,without_flanks,position17_core_or_flank,546,MHCflurry,HLA-A*03:01,0.5,0,0,0
T17C,without_flanks,position17_core_or_flank,546,MHCflurry,HLA-A*03:01,1,0,0,0
T17C,without_flanks,position17_core_or_flank,546,MHCflurry,HLA-A*03:01,2,0,0,0
T17C,without_flanks,position17_core_or_flank,546,MHCflurry,HLA-B*40:01,0.5,0,0,0
T17C,without_flanks,position17_core_or_flank,546,MHCflurry,HLA-B*40:01,1,0,0,0
T17C,without_flanks,position17_core_or_flank,546,MHCflurry,HLA-B*40:01,2,0,0,0
T17C,without_flanks,position17_core_or_flank,546,MHCflurry,HLA-B*49:01,0.5,0,0,0
T17C,without_flanks,position17_core_or_flank,546,MHCflurry,HLA-B*49:01,1,0,0,0
T17C,without_flanks,position17_core_or_flank,546,MHCflurry,HLA-B*49:01,2,0,0,0
T17C,without_flanks,position17_core_or_flank,546,MHCflurry,HLA-C*03:04,0.5,2,1,-1
T17C,without_flanks,position17_core_or_flank,546,MHCflurry,HLA-C*03:04,1,2,1,-1
T17C,without_flanks,position17_core_or_flank,546,MHCflurry,HLA-C*03:04,2,5,3,-2
T17C,without_flanks,position17_core_or_flank,546,MHCflurry,HLA-C*07:01,0.5,0,0,0
T17C,without_flanks,position17_core_or_flank,546,MHCflurry,HLA-C*07:01,1,0,0,0
T17C,without_flanks,position17_core_or_flank,546,MHCflurry,HLA-C*07:01,2,0,0,0
T17D,without_flanks,position17_core_or_flank,546,NetMHC,HLA-A*02:01,0.5,0,0,0
T17D,without_flanks,position17_core_or_flank,546,NetMHC,HLA-A*02:01,1,0,0,0
T17D,without_flanks,position17_core_or_flank,546,NetMHC,HLA-A*02:01,2,4,2,-2
T17D,without_flanks,position17_core_or_flank,546,NetMHC,HLA-A*24:02,0.5,0,0,0
T17D,without_flanks,position17_core_or_flank,546,NetMHC,HLA-A*24:02,1,0,0,0
T17D,without_flanks,position17_core_or_flank,546,NetMHC,HLA-A*24:02,2,0,0,0
T17D,without_flanks,position17_core_or_flank,546,NetMHC,HLA-A*03:01,0.5,0,0,0
T17D,without_flanks,position17_core_or_flank,546,NetMHC,HLA-A*03:01,1,0,0,0
T17D,without_flanks,position17_core_or_flank,546,NetMHC,HLA-A*03:01,2,0,0,0
T17D,without_flanks,position17_core_or_flank,546,NetMHC,HLA-B*40:01,0.5,0,0,0
T17D,without_flanks,position17_core_or_flank,546,NetMHC,HLA-B*40:01,1,0,0,0
T17D,without_flanks,position17_core_or_flank,546,NetMHC,HLA-B*40:01,2,1,3,2
T17D,without_flanks,position17_core_or_flank,546,NetMHC,HLA-B*49:01,0.5,0,0,0
T17D,without_flanks,position17_core_or_flank,546,NetMHC,HLA-B*49:01,1,0,0,0
T17D,without_flanks,position17_core_or_flank,546,NetMHC,HLA-B*49:01,2,0,1,1
T17D,without_flanks,position17_core_or_flank,546,NetMHC,HLA-C*03:04,0.5,2,0,-2
T17D,without_flanks,position17_core_or_flank,546,NetMHC,HLA-C*03:04,1,2,0,-2
T17D,without_flanks,position17_core_or_flank,546,NetMHC,HLA-C*03:04,2,4,1,-3
T17D,without_flanks,position17_core_or_flank,546,NetMHC,HLA-C*07:01,0.5,0,0,0
T17D,without_flanks,position17_core_or_flank,546,NetMHC,HLA-C*07:01,1,0,0,0
T17D,without_flanks,position17_core_or_flank,546,NetMHC,HLA-C*07:01,2,1,0,-1
T17D,without_flanks,position17_core_or_flank,546,MHCflurry,HLA-A*02:01,0.5,0,0,0
T17D,without_flanks,position17_core_or_flank,546,MHCflurry,HLA-A*02:01,1,2,2,0
T17D,without_flanks,position17_core_or_flank,546,MHCflurry,HLA-A*02:01,2,5,3,-2
T17D,without_flanks,position17_core_or_flank,546,MHCflurry,HLA-A*24:02,0.5,0,0,0
T17D,without_flanks,position17_core_or_flank,546,MHCflurry,HLA-A*24:02,1,0,0,0
T17D,without_flanks,position17_core_or_flank,546,MHCflurry,HLA-A*24:02,2,0,0,0
T17D,without_flanks,position17_core_or_flank,546,MHCflurry,HLA-A*03:01,0.5,0,0,0
T17D,without_flanks,position17_core_or_flank,546,MHCflurry,HLA-A*03:01,1,0,0,0
T17D,without_flanks,position17_core_or_flank,546,MHCflurry,HLA-A*03:01,2,0,0,0
T17D,without_flanks,position17_core_or_flank,546,MHCflurry,HLA-B*40:01,0.5,0,0,0
T17D,without_flanks,position17_core_or_flank,546,MHCflurry,HLA-B*40:01,1,0,0,0
T17D,without_flanks,position17_core_or_flank,546,MHCflurry,HLA-B*40:01,2,0,0,0
T17D,without_flanks,position17_core_or_flank,546,MHCflurry,HLA-B*49:01,0.5,0,0,0
T17D,without_flanks,position17_core_or_flank,546,MHCflurry,HLA-B*49:01,1,0,0,0
T17D,without_flanks,position17_core_or_flank,546,MHCflurry,HLA-B*49:01,2,0,2,2
T17D,without_flanks,position17_core_or_flank,546,MHCflurry,HLA-C*03:04,0.5,2,1,-1
T17D,without_flanks,position17_core_or_flank,546,MHCflurry,HLA-C*03:04,1,2,1,-1
T17D,without_flanks,position17_core_or_flank,546,MHCflurry,HLA-C*03:04,2,5,3,-2
T17D,without_flanks,position17_core_or_flank,546,MHCflurry,HLA-C*07:01,0.5,0,0,0
T17D,without_flanks,position17_core_or_flank,546,MHCflurry,HLA-C*07:01,1,0,0,0
T17D,without_flanks,position17_core_or_flank,546,MHCflurry,HLA-C*07:01,2,0,1,1
T17E,without_flanks,position17_core_or_flank,546,NetMHC,HLA-A*02:01,0.5,0,0,0
T17E,without_flanks,position17_core_or_flank,546,NetMHC,HLA-A*02:01,1,0,0,0
T17E,without_flanks,position17_core_or_flank,546,NetMHC,HLA-A*02:01,2,4,5,1
T17E,without_flanks,position17_core_or_flank,546,NetMHC,HLA-A*24:02,0.5,0,0,0
T17E,without_flanks,position17_core_or_flank,546,NetMHC,HLA-A*24:02,1,0,0,0
T17E,without_flanks,position17_core_or_flank,546,NetMHC,HLA-A*24:02,2,0,0,0
T17E,without_flanks,position17_core_or_flank,546,NetMHC,HLA-A*03:01,0.5,0,0,0
T17E,without_flanks,position17_core_or_flank,546,NetMHC,HLA-A*03:01,1,0,0,0
T17E,without_flanks,position17_core_or_flank,546,NetMHC,HLA-A*03:01,2,0,0,0
T17E,without_flanks,position17_core_or_flank,546,NetMHC,HLA-B*40:01,0.5,0,3,3
T17E,without_flanks,position17_core_or_flank,546,NetMHC,HLA-B*40:01,1,0,3,3
T17E,without_flanks,position17_core_or_flank,546,NetMHC,HLA-B*40:01,2,1,6,5
T17E,without_flanks,position17_core_or_flank,546,NetMHC,HLA-B*49:01,0.5,0,1,1
T17E,without_flanks,position17_core_or_flank,546,NetMHC,HLA-B*49:01,1,0,1,1
T17E,without_flanks,position17_core_or_flank,546,NetMHC,HLA-B*49:01,2,0,3,3
T17E,without_flanks,position17_core_or_flank,546,NetMHC,HLA-C*03:04,0.5,2,0,-2
T17E,without_flanks,position17_core_or_flank,546,NetMHC,HLA-C*03:04,1,2,0,-2
T17E,without_flanks,position17_core_or_flank,546,NetMHC,HLA-C*03:04,2,4,2,-2
T17E,without_flanks,position17_core_or_flank,546,NetMHC,HLA-C*07:01,0.5,0,0,0
T17E,without_flanks,position17_core_or_flank,546,NetMHC,HLA-C*07:01,1,0,0,0
T17E,without_flanks,position17_core_or_flank,546,NetMHC,HLA-C*07:01,2,1,0,-1
T17E,without_flanks,position17_core_or_flank,546,MHCflurry,HLA-A*02:01,0.5,0,0,0
T17E,without_flanks,position17_core_or_flank,546,MHCflurry,HLA-A*02:01,1,2,2,0
T17E,without_flanks,position17_core_or_flank,546,MHCflurry,HLA-A*02:01,2,5,5,0
T17E,without_flanks,position17_core_or_flank,546,MHCflurry,HLA-A*24:02,0.5,0,0,0
T17E,without_flanks,position17_core_or_flank,546,MHCflurry,HLA-A*24:02,1,0,0,0
T17E,without_flanks,position17_core_or_flank,546,MHCflurry,HLA-A*24:02,2,0,0,0
T17E,without_flanks,position17_core_or_flank,546,MHCflurry,HLA-A*03:01,0.5,0,0,0
T17E,without_flanks,position17_core_or_flank,546,MHCflurry,HLA-A*03:01,1,0,0,0
T17E,without_flanks,position17_core_or_flank,546,MHCflurry,HLA-A*03:01,2,0,0,0
T17E,without_flanks,position17_core_or_flank,546,MHCflurry,HLA-B*40:01,0.5,0,1,1
T17E,without_flanks,position17_core_or_flank,546,MHCflurry,HLA-B*40:01,1,0,1,1
T17E,without_flanks,position17_core_or_flank,546,MHCflurry,HLA-B*40:01,2,0,1,1
T17E,without_flanks,position17_core_or_flank,546,MHCflurry,HLA-B*49:01,0.5,0,1,1
T17E,without_flanks,position17_core_or_flank,546,MHCflurry,HLA-B*49:01,1,0,1,1
T17E,without_flanks,position17_core_or_flank,546,MHCflurry,HLA-B*49:01,2,0,3,3
T17E,without_flanks,position17_core_or_flank,546,MHCflurry,HLA-C*03:04,0.5,2,0,-2
T17E,without_flanks,position17_core_or_flank,546,MHCflurry,HLA-C*03:04,1,2,1,-1
T17E,without_flanks,position17_core_or_flank,546,MHCflurry,HLA-C*03:04,2,5,3,-2
T17E,without_flanks,position17_core_or_flank,546,MHCflurry,HLA-C*07:01,0.5,0,0,0
T17E,without_flanks,position17_core_or_flank,546,MHCflurry,HLA-C*07:01,1,0,0,0
T17E,without_flanks,position17_core_or_flank,546,MHCflurry,HLA-C*07:01,2,0,0,0
T17F,without_flanks,position17_core_or_flank,546,NetMHC,HLA-A*02:01,0.5,0,0,0
T17F,without_flanks,position17_core_or_flank,546,NetMHC,HLA-A*02:01,1,0,0,0
T17F,without_flanks,position17_core_or_flank,546,NetMHC,HLA-A*02:01,2,4,3,-1
T17F,without_flanks,position17_core_or_flank,546,NetMHC,HLA-A*24:02,0.5,0,1,1
T17F,without_flanks,position17_core_or_flank,546,NetMHC,HLA-A*24:02,1,0,1,1
T17F,without_flanks,position17_core_or_flank,546,NetMHC,HLA-A*24:02,2,0,2,2
T17F,without_flanks,position17_core_or_flank,546,NetMHC,HLA-A*03:01,0.5,0,0,0
T17F,without_flanks,position17_core_or_flank,546,NetMHC,HLA-A*03:01,1,0,1,1
T17F,without_flanks,position17_core_or_flank,546,NetMHC,HLA-A*03:01,2,0,1,1
T17F,without_flanks,position17_core_or_flank,546,NetMHC,HLA-B*40:01,0.5,0,0,0
T17F,without_flanks,position17_core_or_flank,546,NetMHC,HLA-B*40:01,1,0,0,0
T17F,without_flanks,position17_core_or_flank,546,NetMHC,HLA-B*40:01,2,1,1,0
T17F,without_flanks,position17_core_or_flank,546,NetMHC,HLA-B*49:01,0.5,0,0,0
T17F,without_flanks,position17_core_or_flank,546,NetMHC,HLA-B*49:01,1,0,0,0
T17F,without_flanks,position17_core_or_flank,546,NetMHC,HLA-B*49:01,2,0,0,0
T17F,without_flanks,position17_core_or_flank,546,NetMHC,HLA-C*03:04,0.5,2,1,-1
T17F,without_flanks,position17_core_or_flank,546,NetMHC,HLA-C*03:04,1,2,2,0
T17F,without_flanks,position17_core_or_flank,546,NetMHC,HLA-C*03:04,2,4,4,0
T17F,without_flanks,position17_core_or_flank,546,NetMHC,HLA-C*07:01,0.5,0,0,0
T17F,without_flanks,position17_core_or_flank,546,NetMHC,HLA-C*07:01,1,0,0,0
T17F,without_flanks,position17_core_or_flank,546,NetMHC,HLA-C*07:01,2,1,2,1
T17F,without_flanks,position17_core_or_flank,546,MHCflurry,HLA-A*02:01,0.5,0,0,0
T17F,without_flanks,position17_core_or_flank,546,MHCflurry,HLA-A*02:01,1,2,2,0
T17F,without_flanks,position17_core_or_flank,546,MHCflurry,HLA-A*02:01,2,5,4,-1
T17F,without_flanks,position17_core_or_flank,546,MHCflurry,HLA-A*24:02,0.5,0,1,1
T17F,without_flanks,position17_core_or_flank,546,MHCflurry,HLA-A*24:02,1,0,1,1
T17F,without_flanks,position17_core_or_flank,546,MHCflurry,HLA-A*24:02,2,0,1,1
T17F,without_flanks,position17_core_or_flank,546,MHCflurry,HLA-A*03:01,0.5,0,0,0
T17F,without_flanks,position17_core_or_flank,546,MHCflurry,HLA-A*03:01,1,0,1,1
T17F,without_flanks,position17_core_or_flank,546,MHCflurry,HLA-A*03:01,2,0,1,1
T17F,without_flanks,position17_core_or_flank,546,MHCflurry,HLA-B*40:01,0.5,0,0,0
T17F,without_flanks,position17_core_or_flank,546,MHCflurry,HLA-B*40:01,1,0,0,0
T17F,without_flanks,position17_core_or_flank,546,MHCflurry,HLA-B*40:01,2,0,0,0
T17F,without_flanks,position17_core_or_flank,546,MHCflurry,HLA-B*49:01,0.5,0,0,0
T17F,without_flanks,position17_core_or_flank,546,MHCflurry,HLA-B*49:01,1,0,0,0
T17F,without_flanks,position17_core_or_flank,546,MHCflurry,HLA-B*49:01,2,0,0,0
T17F,without_flanks,position17_core_or_flank,546,MHCflurry,HLA-C*03:04,0.5,2,1,-1
T17F,without_flanks,position17_core_or_flank,546,MHCflurry,HLA-C*03:04,1,2,1,-1
T17F,without_flanks,position17_core_or_flank,546,MHCflurry,HLA-C*03:04,2,5,4,-1
T17F,without_flanks,position17_core_or_flank,546,MHCflurry,HLA-C*07:01,0.5,0,0,0
T17F,without_flanks,position17_core_or_flank,546,MHCflurry,HLA-C*07:01,1,0,1,1
T17F,without_flanks,position17_core_or_flank,546,MHCflurry,HLA-C*07:01,2,0,2,2
T17G,without_flanks,position17_core_or_flank,546,NetMHC,HLA-A*02:01,0.5,0,0,0
T17G,without_flanks,position17_core_or_flank,546,NetMHC,HLA-A*02:01,1,0,0,0
T17G,without_flanks,position17_core_or_flank,546,NetMHC,HLA-A*02:01,2,4,1,-3
T17G,without_flanks,position17_core_or_flank,546,NetMHC,HLA-A*24:02,0.5,0,0,0
T17G,without_flanks,position17_core_or_flank,546,NetMHC,HLA-A*24:02,1,0,0,0
T17G,without_flanks,position17_core_or_flank,546,NetMHC,HLA-A*24:02,2,0,0,0
T17G,without_flanks,position17_core_or_flank,546,NetMHC,HLA-A*03:01,0.5,0,0,0
T17G,without_flanks,position17_core_or_flank,546,NetMHC,HLA-A*03:01,1,0,0,0
T17G,without_flanks,position17_core_or_flank,546,NetMHC,HLA-A*03:01,2,0,0,0
T17G,without_flanks,position17_core_or_flank,546,NetMHC,HLA-B*40:01,0.5,0,0,0
T17G,without_flanks,position17_core_or_flank,546,NetMHC,HLA-B*40:01,1,0,0,0
T17G,without_flanks,position17_core_or_flank,546,NetMHC,HLA-B*40:01,2,1,1,0
T17G,without_flanks,position17_core_or_flank,546,NetMHC,HLA-B*49:01,0.5,0,0,0
T17G,without_flanks,position17_core_or_flank,546,NetMHC,HLA-B*49:01,1,0,0,0
T17G,without_flanks,position17_core_or_flank,546,NetMHC,HLA-B*49:01,2,0,0,0
T17G,without_flanks,position17_core_or_flank,546,NetMHC,HLA-C*03:04,0.5,2,0,-2
T17G,without_flanks,position17_core_or_flank,546,NetMHC,HLA-C*03:04,1,2,2,0
T17G,without_flanks,position17_core_or_flank,546,NetMHC,HLA-C*03:04,2,4,3,-1
T17G,without_flanks,position17_core_or_flank,546,NetMHC,HLA-C*07:01,0.5,0,0,0
T17G,without_flanks,position17_core_or_flank,546,NetMHC,HLA-C*07:01,1,0,0,0
T17G,without_flanks,position17_core_or_flank,546,NetMHC,HLA-C*07:01,2,1,0,-1
T17G,without_flanks,position17_core_or_flank,546,MHCflurry,HLA-A*02:01,0.5,0,0,0
T17G,without_flanks,position17_core_or_flank,546,MHCflurry,HLA-A*02:01,1,2,2,0
T17G,without_flanks,position17_core_or_flank,546,MHCflurry,HLA-A*02:01,2,5,5,0
T17G,without_flanks,position17_core_or_flank,546,MHCflurry,HLA-A*24:02,0.5,0,0,0
T17G,without_flanks,position17_core_or_flank,546,MHCflurry,HLA-A*24:02,1,0,0,0
T17G,without_flanks,position17_core_or_flank,546,MHCflurry,HLA-A*24:02,2,0,0,0
T17G,without_flanks,position17_core_or_flank,546,MHCflurry,HLA-A*03:01,0.5,0,0,0
T17G,without_flanks,position17_core_or_flank,546,MHCflurry,HLA-A*03:01,1,0,0,0
T17G,without_flanks,position17_core_or_flank,546,MHCflurry,HLA-A*03:01,2,0,0,0
T17G,without_flanks,position17_core_or_flank,546,MHCflurry,HLA-B*40:01,0.5,0,0,0
T17G,without_flanks,position17_core_or_flank,546,MHCflurry,HLA-B*40:01,1,0,0,0
T17G,without_flanks,position17_core_or_flank,546,MHCflurry,HLA-B*40:01,2,0,0,0
T17G,without_flanks,position17_core_or_flank,546,MHCflurry,HLA-B*49:01,0.5,0,0,0
T17G,without_flanks,position17_core_or_flank,546,MHCflurry,HLA-B*49:01,1,0,0,0
T17G,without_flanks,position17_core_or_flank,546,MHCflurry,HLA-B*49:01,2,0,1,1
T17G,without_flanks,position17_core_or_flank,546,MHCflurry,HLA-C*03:04,0.5,2,0,-2
T17G,without_flanks,position17_core_or_flank,546,MHCflurry,HLA-C*03:04,1,2,2,0
T17G,without_flanks,position17_core_or_flank,546,MHCflurry,HLA-C*03:04,2,5,3,-2
T17G,without_flanks,position17_core_or_flank,546,MHCflurry,HLA-C*07:01,0.5,0,0,0
T17G,without_flanks,position17_core_or_flank,546,MHCflurry,HLA-C*07:01,1,0,0,0
T17G,without_flanks,position17_core_or_flank,546,MHCflurry,HLA-C*07:01,2,0,1,1
T17H,without_flanks,position17_core_or_flank,546,NetMHC,HLA-A*02:01,0.5,0,0,0
T17H,without_flanks,position17_core_or_flank,546,NetMHC,HLA-A*02:01,1,0,0,0
T17H,without_flanks,position17_core_or_flank,546,NetMHC,HLA-A*02:01,2,4,3,-1
T17H,without_flanks,position17_core_or_flank,546,NetMHC,HLA-A*24:02,0.5,0,0,0
T17H,without_flanks,position17_core_or_flank,546,NetMHC,HLA-A*24:02,1,0,0,0
T17H,without_flanks,position17_core_or_flank,546,NetMHC,HLA-A*24:02,2,0,1,1
T17H,without_flanks,position17_core_or_flank,546,NetMHC,HLA-A*03:01,0.5,0,0,0
T17H,without_flanks,position17_core_or_flank,546,NetMHC,HLA-A*03:01,1,0,0,0
T17H,without_flanks,position17_core_or_flank,546,NetMHC,HLA-A*03:01,2,0,1,1
T17H,without_flanks,position17_core_or_flank,546,NetMHC,HLA-B*40:01,0.5,0,0,0
T17H,without_flanks,position17_core_or_flank,546,NetMHC,HLA-B*40:01,1,0,0,0
T17H,without_flanks,position17_core_or_flank,546,NetMHC,HLA-B*40:01,2,1,1,0
T17H,without_flanks,position17_core_or_flank,546,NetMHC,HLA-B*49:01,0.5,0,0,0
T17H,without_flanks,position17_core_or_flank,546,NetMHC,HLA-B*49:01,1,0,0,0
T17H,without_flanks,position17_core_or_flank,546,NetMHC,HLA-B*49:01,2,0,1,1
T17H,without_flanks,position17_core_or_flank,546,NetMHC,HLA-C*03:04,0.5,2,1,-1
T17H,without_flanks,position17_core_or_flank,546,NetMHC,HLA-C*03:04,1,2,2,0
T17H,without_flanks,position17_core_or_flank,546,NetMHC,HLA-C*03:04,2,4,4,0
T17H,without_flanks,position17_core_or_flank,546,NetMHC,HLA-C*07:01,0.5,0,1,1
T17H,without_flanks,position17_core_or_flank,546,NetMHC,HLA-C*07:01,1,0,1,1
T17H,without_flanks,position17_core_or_flank,546,NetMHC,HLA-C*07:01,2,1,1,0
T17H,without_flanks,position17_core_or_flank,546,MHCflurry,HLA-A*02:01,0.5,0,0,0
T17H,without_flanks,position17_core_or_flank,546,MHCflurry,HLA-A*02:01,1,2,2,0
T17H,without_flanks,position17_core_or_flank,546,MHCflurry,HLA-A*02:01,2,5,4,-1
T17H,without_flanks,position17_core_or_flank,546,MHCflurry,HLA-A*24:02,0.5,0,0,0
T17H,without_flanks,position17_core_or_flank,546,MHCflurry,HLA-A*24:02,1,0,1,1
T17H,without_flanks,position17_core_or_flank,546,MHCflurry,HLA-A*24:02,2,0,1,1
T17H,without_flanks,position17_core_or_flank,546,MHCflurry,HLA-A*03:01,0.5,0,0,0
T17H,without_flanks,position17_core_or_flank,546,MHCflurry,HLA-A*03:01,1,0,0,0
T17H,without_flanks,position17_core_or_flank,546,MHCflurry,HLA-A*03:01,2,0,1,1
T17H,without_flanks,position17_core_or_flank,546,MHCflurry,HLA-B*40:01,0.5,0,0,0
T17H,without_flanks,position17_core_or_flank,546,MHCflurry,HLA-B*40:01,1,0,0,0
T17H,without_flanks,position17_core_or_flank,546,MHCflurry,HLA-B*40:01,2,0,0,0
T17H,without_flanks,position17_core_or_flank,546,MHCflurry,HLA-B*49:01,0.5,0,0,0
T17H,without_flanks,position17_core_or_flank,546,MHCflurry,HLA-B*49:01,1,0,0,0
T17H,without_flanks,position17_core_or_flank,546,MHCflurry,HLA-B*49:01,2,0,0,0
T17H,without_flanks,position17_core_or_flank,546,MHCflurry,HLA-C*03:04,0.5,2,1,-1
T17H,without_flanks,position17_core_or_flank,546,MHCflurry,HLA-C*03:04,1,2,1,-1
T17H,without_flanks,position17_core_or_flank,546,MHCflurry,HLA-C*03:04,2,5,4,-1
T17H,without_flanks,position17_core_or_flank,546,MHCflurry,HLA-C*07:01,0.5,0,0,0
T17H,without_flanks,position17_core_or_flank,546,MHCflurry,HLA-C*07:01,1,0,1,1
T17H,without_flanks,position17_core_or_flank,546,MHCflurry,HLA-C*07:01,2,0,2,2
T17I,without_flanks,position17_core_or_flank,546,NetMHC,HLA-A*02:01,0.5,0,0,0
T17I,without_flanks,position17_core_or_flank,546,NetMHC,HLA-A*02:01,1,0,1,1
T17I,without_flanks,position17_core_or_flank,546,NetMHC,HLA-A*02:01,2,4,2,-2
T17I,without_flanks,position17_core_or_flank,546,NetMHC,HLA-A*24:02,0.5,0,0,0
T17I,without_flanks,position17_core_or_flank,546,NetMHC,HLA-A*24:02,1,0,0,0
T17I,without_flanks,position17_core_or_flank,546,NetMHC,HLA-A*24:02,2,0,0,0
T17I,without_flanks,position17_core_or_flank,546,NetMHC,HLA-A*03:01,0.5,0,0,0
T17I,without_flanks,position17_core_or_flank,546,NetMHC,HLA-A*03:01,1,0,0,0
T17I,without_flanks,position17_core_or_flank,546,NetMHC,HLA-A*03:01,2,0,1,1
T17I,without_flanks,position17_core_or_flank,546,NetMHC,HLA-B*40:01,0.5,0,0,0
T17I,without_flanks,position17_core_or_flank,546,NetMHC,HLA-B*40:01,1,0,0,0
T17I,without_flanks,position17_core_or_flank,546,NetMHC,HLA-B*40:01,2,1,1,0
T17I,without_flanks,position17_core_or_flank,546,NetMHC,HLA-B*49:01,0.5,0,0,0
T17I,without_flanks,position17_core_or_flank,546,NetMHC,HLA-B*49:01,1,0,0,0
T17I,without_flanks,position17_core_or_flank,546,NetMHC,HLA-B*49:01,2,0,0,0
T17I,without_flanks,position17_core_or_flank,546,NetMHC,HLA-C*03:04,0.5,2,2,0
T17I,without_flanks,position17_core_or_flank,546,NetMHC,HLA-C*03:04,1,2,2,0
T17I,without_flanks,position17_core_or_flank,546,NetMHC,HLA-C*03:04,2,4,5,1
T17I,without_flanks,position17_core_or_flank,546,NetMHC,HLA-C*07:01,0.5,0,0,0
T17I,without_flanks,position17_core_or_flank,546,NetMHC,HLA-C*07:01,1,0,0,0
T17I,without_flanks,position17_core_or_flank,546,NetMHC,HLA-C*07:01,2,1,0,-1
T17I,without_flanks,position17_core_or_flank,546,MHCflurry,HLA-A*02:01,0.5,0,1,1
T17I,without_flanks,position17_core_or_flank,546,MHCflurry,HLA-A*02:01,1,2,2,0
T17I,without_flanks,position17_core_or_flank,546,MHCflurry,HLA-A*02:01,2,5,6,1
T17I,without_flanks,position17_core_or_flank,546,MHCflurry,HLA-A*24:02,0.5,0,0,0
T17I,without_flanks,position17_core_or_flank,546,MHCflurry,HLA-A*24:02,1,0,0,0
T17I,without_flanks,position17_core_or_flank,546,MHCflurry,HLA-A*24:02,2,0,0,0
T17I,without_flanks,position17_core_or_flank,546,MHCflurry,HLA-A*03:01,0.5,0,0,0
T17I,without_flanks,position17_core_or_flank,546,MHCflurry,HLA-A*03:01,1,0,0,0
T17I,without_flanks,position17_core_or_flank,546,MHCflurry,HLA-A*03:01,2,0,1,1
T17I,without_flanks,position17_core_or_flank,546,MHCflurry,HLA-B*40:01,0.5,0,0,0
T17I,without_flanks,position17_core_or_flank,546,MHCflurry,HLA-B*40:01,1,0,0,0
T17I,without_flanks,position17_core_or_flank,546,MHCflurry,HLA-B*40:01,2,0,0,0
T17I,without_flanks,position17_core_or_flank,546,MHCflurry,HLA-B*49:01,0.5,0,0,0
T17I,without_flanks,position17_core_or_flank,546,MHCflurry,HLA-B*49:01,1,0,0,0
T17I,without_flanks,position17_core_or_flank,546,MHCflurry,HLA-B*49:01,2,0,0,0
T17I,without_flanks,position17_core_or_flank,546,MHCflurry,HLA-C*03:04,0.5,2,2,0
T17I,without_flanks,position17_core_or_flank,546,MHCflurry,HLA-C*03:04,1,2,2,0
T17I,without_flanks,position17_core_or_flank,546,MHCflurry,HLA-C*03:04,2,5,5,0
T17I,without_flanks,position17_core_or_flank,546,MHCflurry,HLA-C*07:01,0.5,0,0,0
T17I,without_flanks,position17_core_or_flank,546,MHCflurry,HLA-C*07:01,1,0,0,0
T17I,without_flanks,position17_core_or_flank,546,MHCflurry,HLA-C*07:01,2,0,1,1
T17K,without_flanks,position17_core_or_flank,546,NetMHC,HLA-A*02:01,0.5,0,0,0
T17K,without_flanks,position17_core_or_flank,546,NetMHC,HLA-A*02:01,1,0,0,0
T17K,without_flanks,position17_core_or_flank,546,NetMHC,HLA-A*02:01,2,4,4,0
T17K,without_flanks,position17_core_or_flank,546,NetMHC,HLA-A*24:02,0.5,0,0,0
T17K,without_flanks,position17_core_or_flank,546,NetMHC,HLA-A*24:02,1,0,0,0
T17K,without_flanks,position17_core_or_flank,546,NetMHC,HLA-A*24:02,2,0,0,0
T17K,without_flanks,position17_core_or_flank,546,NetMHC,HLA-A*03:01,0.5,0,0,0
T17K,without_flanks,position17_core_or_flank,546,NetMHC,HLA-A*03:01,1,0,1,1
T17K,without_flanks,position17_core_or_flank,546,NetMHC,HLA-A*03:01,2,0,2,2
T17K,without_flanks,position17_core_or_flank,546,NetMHC,HLA-B*40:01,0.5,0,0,0
T17K,without_flanks,position17_core_or_flank,546,NetMHC,HLA-B*40:01,1,0,0,0
T17K,without_flanks,position17_core_or_flank,546,NetMHC,HLA-B*40:01,2,1,1,0
T17K,without_flanks,position17_core_or_flank,546,NetMHC,HLA-B*49:01,0.5,0,0,0
T17K,without_flanks,position17_core_or_flank,546,NetMHC,HLA-B*49:01,1,0,0,0
T17K,without_flanks,position17_core_or_flank,546,NetMHC,HLA-B*49:01,2,0,0,0
T17K,without_flanks,position17_core_or_flank,546,NetMHC,HLA-C*03:04,0.5,2,1,-1
T17K,without_flanks,position17_core_or_flank,546,NetMHC,HLA-C*03:04,1,2,1,-1
T17K,without_flanks,position17_core_or_flank,546,NetMHC,HLA-C*03:04,2,4,3,-1
T17K,without_flanks,position17_core_or_flank,546,NetMHC,HLA-C*07:01,0.5,0,0,0
T17K,without_flanks,position17_core_or_flank,546,NetMHC,HLA-C*07:01,1,0,0,0
T17K,without_flanks,position17_core_or_flank,546,NetMHC,HLA-C*07:01,2,1,1,0
T17K,without_flanks,position17_core_or_flank,546,MHCflurry,HLA-A*02:01,0.5,0,0,0
T17K,without_flanks,position17_core_or_flank,546,MHCflurry,HLA-A*02:01,1,2,1,-1
T17K,without_flanks,position17_core_or_flank,546,MHCflurry,HLA-A*02:01,2,5,3,-2
T17K,without_flanks,position17_core_or_flank,546,MHCflurry,HLA-A*24:02,0.5,0,0,0
T17K,without_flanks,position17_core_or_flank,546,MHCflurry,HLA-A*24:02,1,0,0,0
T17K,without_flanks,position17_core_or_flank,546,MHCflurry,HLA-A*24:02,2,0,0,0
T17K,without_flanks,position17_core_or_flank,546,MHCflurry,HLA-A*03:01,0.5,0,0,0
T17K,without_flanks,position17_core_or_flank,546,MHCflurry,HLA-A*03:01,1,0,1,1
T17K,without_flanks,position17_core_or_flank,546,MHCflurry,HLA-A*03:01,2,0,3,3
T17K,without_flanks,position17_core_or_flank,546,MHCflurry,HLA-B*40:01,0.5,0,0,0
T17K,without_flanks,position17_core_or_flank,546,MHCflurry,HLA-B*40:01,1,0,0,0
T17K,without_flanks,position17_core_or_flank,546,MHCflurry,HLA-B*40:01,2,0,0,0
T17K,without_flanks,position17_core_or_flank,546,MHCflurry,HLA-B*49:01,0.5,0,0,0
T17K,without_flanks,position17_core_or_flank,546,MHCflurry,HLA-B*49:01,1,0,0,0
T17K,without_flanks,position17_core_or_flank,546,MHCflurry,HLA-B*49:01,2,0,0,0
T17K,without_flanks,position17_core_or_flank,546,MHCflurry,HLA-C*03:04,0.5,2,0,-2
T17K,without_flanks,position17_core_or_flank,546,MHCflurry,HLA-C*03:04,1,2,1,-1
T17K,without_flanks,position17_core_or_flank,546,MHCflurry,HLA-C*03:04,2,5,2,-3
T17K,without_flanks,position17_core_or_flank,546,MHCflurry,HLA-C*07:01,0.5,0,0,0
T17K,without_flanks,position17_core_or_flank,546,MHCflurry,HLA-C*07:01,1,0,0,0
T17K,without_flanks,position17_core_or_flank,546,MHCflurry,HLA-C*07:01,2,0,0,0
T17L,without_flanks,position17_core_or_flank,546,NetMHC,HLA-A*02:01,0.5,0,1,1
T17L,without_flanks,position17_core_or_flank,546,NetMHC,HLA-A*02:01,1,0,1,1
T17L,without_flanks,position17_core_or_flank,546,NetMHC,HLA-A*02:01,2,4,6,2
T17L,without_flanks,position17_core_or_flank,546,NetMHC,HLA-A*24:02,0.5,0,0,0
T17L,without_flanks,position17_core_or_flank,546,NetMHC,HLA-A*24:02,1,0,0,0
T17L,without_flanks,position17_core_or_flank,546,NetMHC,HLA-A*24:02,2,0,1,1
T17L,without_flanks,position17_core_or_flank,546,NetMHC,HLA-A*03:01,0.5,0,0,0
T17L,without_flanks,position17_core_or_flank,546,NetMHC,HLA-A*03:01,1,0,0,0
T17L,without_flanks,position17_core_or_flank,546,NetMHC,HLA-A*03:01,2,0,1,1
T17L,without_flanks,position17_core_or_flank,546,NetMHC,HLA-B*40:01,0.5,0,0,0
T17L,without_flanks,position17_core_or_flank,546,NetMHC,HLA-B*40:01,1,0,0,0
T17L,without_flanks,position17_core_or_flank,546,NetMHC,HLA-B*40:01,2,1,1,0
T17L,without_flanks,position17_core_or_flank,546,NetMHC,HLA-B*49:01,0.5,0,0,0
T17L,without_flanks,position17_core_or_flank,546,NetMHC,HLA-B*49:01,1,0,0,0
T17L,without_flanks,position17_core_or_flank,546,NetMHC,HLA-B*49:01,2,0,0,0
T17L,without_flanks,position17_core_or_flank,546,NetMHC,HLA-C*03:04,0.5,2,1,-1
T17L,without_flanks,position17_core_or_flank,546,NetMHC,HLA-C*03:04,1,2,2,0
T17L,without_flanks,position17_core_or_flank,546,NetMHC,HLA-C*03:04,2,4,5,1
T17L,without_flanks,position17_core_or_flank,546,NetMHC,HLA-C*07:01,0.5,0,0,0
T17L,without_flanks,position17_core_or_flank,546,NetMHC,HLA-C*07:01,1,0,0,0
T17L,without_flanks,position17_core_or_flank,546,NetMHC,HLA-C*07:01,2,1,0,-1
T17L,without_flanks,position17_core_or_flank,546,MHCflurry,HLA-A*02:01,0.5,0,1,1
T17L,without_flanks,position17_core_or_flank,546,MHCflurry,HLA-A*02:01,1,2,3,1
T17L,without_flanks,position17_core_or_flank,546,MHCflurry,HLA-A*02:01,2,5,7,2
T17L,without_flanks,position17_core_or_flank,546,MHCflurry,HLA-A*24:02,0.5,0,0,0
T17L,without_flanks,position17_core_or_flank,546,MHCflurry,HLA-A*24:02,1,0,0,0
T17L,without_flanks,position17_core_or_flank,546,MHCflurry,HLA-A*24:02,2,0,1,1
T17L,without_flanks,position17_core_or_flank,546,MHCflurry,HLA-A*03:01,0.5,0,0,0
T17L,without_flanks,position17_core_or_flank,546,MHCflurry,HLA-A*03:01,1,0,0,0
T17L,without_flanks,position17_core_or_flank,546,MHCflurry,HLA-A*03:01,2,0,0,0
T17L,without_flanks,position17_core_or_flank,546,MHCflurry,HLA-B*40:01,0.5,0,0,0
T17L,without_flanks,position17_core_or_flank,546,MHCflurry,HLA-B*40:01,1,0,0,0
T17L,without_flanks,position17_core_or_flank,546,MHCflurry,HLA-B*40:01,2,0,0,0
T17L,without_flanks,position17_core_or_flank,546,MHCflurry,HLA-B*49:01,0.5,0,0,0
T17L,without_flanks,position17_core_or_flank,546,MHCflurry,HLA-B*49:01,1,0,0,0
T17L,without_flanks,position17_core_or_flank,546,MHCflurry,HLA-B*49:01,2,0,0,0
T17L,without_flanks,position17_core_or_flank,546,MHCflurry,HLA-C*03:04,0.5,2,2,0
T17L,without_flanks,position17_core_or_flank,546,MHCflurry,HLA-C*03:04,1,2,2,0
T17L,without_flanks,position17_core_or_flank,546,MHCflurry,HLA-C*03:04,2,5,6,1
T17L,without_flanks,position17_core_or_flank,546,MHCflurry,HLA-C*07:01,0.5,0,0,0
T17L,without_flanks,position17_core_or_flank,546,MHCflurry,HLA-C*07:01,1,0,0,0
T17L,without_flanks,position17_core_or_flank,546,MHCflurry,HLA-C*07:01,2,0,0,0
T17M,without_flanks,position17_core_or_flank,546,NetMHC,HLA-A*02:01,0.5,0,1,1
T17M,without_flanks,position17_core_or_flank,546,NetMHC,HLA-A*02:01,1,0,1,1
T17M,without_flanks,position17_core_or_flank,546,NetMHC,HLA-A*02:01,2,4,4,0
T17M,without_flanks,position17_core_or_flank,546,NetMHC,HLA-A*24:02,0.5,0,0,0
T17M,without_flanks,position17_core_or_flank,546,NetMHC,HLA-A*24:02,1,0,1,1
T17M,without_flanks,position17_core_or_flank,546,NetMHC,HLA-A*24:02,2,0,1,1
T17M,without_flanks,position17_core_or_flank,546,NetMHC,HLA-A*03:01,0.5,0,0,0
T17M,without_flanks,position17_core_or_flank,546,NetMHC,HLA-A*03:01,1,0,0,0
T17M,without_flanks,position17_core_or_flank,546,NetMHC,HLA-A*03:01,2,0,1,1
T17M,without_flanks,position17_core_or_flank,546,NetMHC,HLA-B*40:01,0.5,0,0,0
T17M,without_flanks,position17_core_or_flank,546,NetMHC,HLA-B*40:01,1,0,0,0
T17M,without_flanks,position17_core_or_flank,546,NetMHC,HLA-B*40:01,2,1,1,0
T17M,without_flanks,position17_core_or_flank,546,NetMHC,HLA-B*49:01,0.5,0,0,0
T17M,without_flanks,position17_core_or_flank,546,NetMHC,HLA-B*49:01,1,0,0,0
T17M,without_flanks,position17_core_or_flank,546,NetMHC,HLA-B*49:01,2,0,0,0
T17M,without_flanks,position17_core_or_flank,546,NetMHC,HLA-C*03:04,0.5,2,1,-1
T17M,without_flanks,position17_core_or_flank,546,NetMHC,HLA-C*03:04,1,2,2,0
T17M,without_flanks,position17_core_or_flank,546,NetMHC,HLA-C*03:04,2,4,5,1
T17M,without_flanks,position17_core_or_flank,546,NetMHC,HLA-C*07:01,0.5,0,0,0
T17M,without_flanks,position17_core_or_flank,546,NetMHC,HLA-C*07:01,1,0,0,0
T17M,without_flanks,position17_core_or_flank,546,NetMHC,HLA-C*07:01,2,1,1,0
T17M,without_flanks,position17_core_or_flank,546,MHCflurry,HLA-A*02:01,0.5,0,1,1
T17M,without_flanks,position17_core_or_flank,546,MHCflurry,HLA-A*02:01,1,2,2,0
T17M,without_flanks,position17_core_or_flank,546,MHCflurry,HLA-A*02:01,2,5,5,0
T17M,without_flanks,position17_core_or_flank,546,MHCflurry,HLA-A*24:02,0.5,0,0,0
T17M,without_flanks,position17_core_or_flank,546,MHCflurry,HLA-A*24:02,1,0,0,0
T17M,without_flanks,position17_core_or_flank,546,MHCflurry,HLA-A*24:02,2,0,1,1
T17M,without_flanks,position17_core_or_flank,546,MHCflurry,HLA-A*03:01,0.5,0,0,0
T17M,without_flanks,position17_core_or_flank,546,MHCflurry,HLA-A*03:01,1,0,0,0
T17M,without_flanks,position17_core_or_flank,546,MHCflurry,HLA-A*03:01,2,0,1,1
T17M,without_flanks,position17_core_or_flank,546,MHCflurry,HLA-B*40:01,0.5,0,0,0
T17M,without_flanks,position17_core_or_flank,546,MHCflurry,HLA-B*40:01,1,0,0,0
T17M,without_flanks,position17_core_or_flank,546,MHCflurry,HLA-B*40:01,2,0,0,0
T17M,without_flanks,position17_core_or_flank,546,MHCflurry,HLA-B*49:01,0.5,0,0,0
T17M,without_flanks,position17_core_or_flank,546,MHCflurry,HLA-B*49:01,1,0,0,0
T17M,without_flanks,position17_core_or_flank,546,MHCflurry,HLA-B*49:01,2,0,0,0
T17M,without_flanks,position17_core_or_flank,546,MHCflurry,HLA-C*03:04,0.5,2,1,-1
T17M,without_flanks,position17_core_or_flank,546,MHCflurry,HLA-C*03:04,1,2,2,0
T17M,without_flanks,position17_core_or_flank,546,MHCflurry,HLA-C*03:04,2,5,6,1
T17M,without_flanks,position17_core_or_flank,546,MHCflurry,HLA-C*07:01,0.5,0,0,0
T17M,without_flanks,position17_core_or_flank,546,MHCflurry,HLA-C*07:01,1,0,0,0
T17M,without_flanks,position17_core_or_flank,546,MHCflurry,HLA-C*07:01,2,0,0,0
T17N,without_flanks,position17_core_or_flank,546,NetMHC,HLA-A*02:01,0.5,0,0,0
T17N,without_flanks,position17_core_or_flank,546,NetMHC,HLA-A*02:01,1,0,0,0
T17N,without_flanks,position17_core_or_flank,546,NetMHC,HLA-A*02:01,2,4,3,-1
T17N,without_flanks,position17_core_or_flank,546,NetMHC,HLA-A*24:02,0.5,0,0,0
T17N,without_flanks,position17_core_or_flank,546,NetMHC,HLA-A*24:02,1,0,0,0
T17N,without_flanks,position17_core_or_flank,546,NetMHC,HLA-A*24:02,2,0,0,0
T17N,without_flanks,position17_core_or_flank,546,NetMHC,HLA-A*03:01,0.5,0,0,0
T17N,without_flanks,position17_core_or_flank,546,NetMHC,HLA-A*03:01,1,0,0,0
T17N,without_flanks,position17_core_or_flank,546,NetMHC,HLA-A*03:01,2,0,1,1
T17N,without_flanks,position17_core_or_flank,546,NetMHC,HLA-B*40:01,0.5,0,0,0
T17N,without_flanks,position17_core_or_flank,546,NetMHC,HLA-B*40:01,1,0,0,0
T17N,without_flanks,position17_core_or_flank,546,NetMHC,HLA-B*40:01,2,1,1,0
T17N,without_flanks,position17_core_or_flank,546,NetMHC,HLA-B*49:01,0.5,0,0,0
T17N,without_flanks,position17_core_or_flank,546,NetMHC,HLA-B*49:01,1,0,0,0
T17N,without_flanks,position17_core_or_flank,546,NetMHC,HLA-B*49:01,2,0,0,0
T17N,without_flanks,position17_core_or_flank,546,NetMHC,HLA-C*03:04,0.5,2,1,-1
T17N,without_flanks,position17_core_or_flank,546,NetMHC,HLA-C*03:04,1,2,1,-1
T17N,without_flanks,position17_core_or_flank,546,NetMHC,HLA-C*03:04,2,4,3,-1
T17N,without_flanks,position17_core_or_flank,546,NetMHC,HLA-C*07:01,0.5,0,0,0
T17N,without_flanks,position17_core_or_flank,546,NetMHC,HLA-C*07:01,1,0,0,0
T17N,without_flanks,position17_core_or_flank,546,NetMHC,HLA-C*07:01,2,1,0,-1
T17N,without_flanks,position17_core_or_flank,546,MHCflurry,HLA-A*02:01,0.5,0,0,0
T17N,without_flanks,position17_core_or_flank,546,MHCflurry,HLA-A*02:01,1,2,1,-1
T17N,without_flanks,position17_core_or_flank,546,MHCflurry,HLA-A*02:01,2,5,4,-1
T17N,without_flanks,position17_core_or_flank,546,MHCflurry,HLA-A*24:02,0.5,0,0,0
T17N,without_flanks,position17_core_or_flank,546,MHCflurry,HLA-A*24:02,1,0,0,0
T17N,without_flanks,position17_core_or_flank,546,MHCflurry,HLA-A*24:02,2,0,0,0
T17N,without_flanks,position17_core_or_flank,546,MHCflurry,HLA-A*03:01,0.5,0,0,0
T17N,without_flanks,position17_core_or_flank,546,MHCflurry,HLA-A*03:01,1,0,0,0
T17N,without_flanks,position17_core_or_flank,546,MHCflurry,HLA-A*03:01,2,0,0,0
T17N,without_flanks,position17_core_or_flank,546,MHCflurry,HLA-B*40:01,0.5,0,0,0
T17N,without_flanks,position17_core_or_flank,546,MHCflurry,HLA-B*40:01,1,0,0,0
T17N,without_flanks,position17_core_or_flank,546,MHCflurry,HLA-B*40:01,2,0,0,0
T17N,without_flanks,position17_core_or_flank,546,MHCflurry,HLA-B*49:01,0.5,0,0,0
T17N,without_flanks,position17_core_or_flank,546,MHCflurry,HLA-B*49:01,1,0,0,0
T17N,without_flanks,position17_core_or_flank,546,MHCflurry,HLA-B*49:01,2,0,0,0
T17N,without_flanks,position17_core_or_flank,546,MHCflurry,HLA-C*03:04,0.5,2,1,-1
T17N,without_flanks,position17_core_or_flank,546,MHCflurry,HLA-C*03:04,1,2,1,-1
T17N,without_flanks,position17_core_or_flank,546,MHCflurry,HLA-C*03:04,2,5,4,-1
T17N,without_flanks,position17_core_or_flank,546,MHCflurry,HLA-C*07:01,0.5,0,0,0
T17N,without_flanks,position17_core_or_flank,546,MHCflurry,HLA-C*07:01,1,0,0,0
T17N,without_flanks,position17_core_or_flank,546,MHCflurry,HLA-C*07:01,2,0,0,0
T17P,without_flanks,position17_core_or_flank,546,NetMHC,HLA-A*02:01,0.5,0,0,0
T17P,without_flanks,position17_core_or_flank,546,NetMHC,HLA-A*02:01,1,0,0,0
T17P,without_flanks,position17_core_or_flank,546,NetMHC,HLA-A*02:01,2,4,1,-3
T17P,without_flanks,position17_core_or_flank,546,NetMHC,HLA-A*24:02,0.5,0,0,0
T17P,without_flanks,position17_core_or_flank,546,NetMHC,HLA-A*24:02,1,0,0,0
T17P,without_flanks,position17_core_or_flank,546,NetMHC,HLA-A*24:02,2,0,0,0
T17P,without_flanks,position17_core_or_flank,546,NetMHC,HLA-A*03:01,0.5,0,0,0
T17P,without_flanks,position17_core_or_flank,546,NetMHC,HLA-A*03:01,1,0,0,0
T17P,without_flanks,position17_core_or_flank,546,NetMHC,HLA-A*03:01,2,0,0,0
T17P,without_flanks,position17_core_or_flank,546,NetMHC,HLA-B*40:01,0.5,0,0,0
T17P,without_flanks,position17_core_or_flank,546,NetMHC,HLA-B*40:01,1,0,0,0
T17P,without_flanks,position17_core_or_flank,546,NetMHC,HLA-B*40:01,2,1,2,1
T17P,without_flanks,position17_core_or_flank,546,NetMHC,HLA-B*49:01,0.5,0,0,0
T17P,without_flanks,position17_core_or_flank,546,NetMHC,HLA-B*49:01,1,0,0,0
T17P,without_flanks,position17_core_or_flank,546,NetMHC,HLA-B*49:01,2,0,0,0
T17P,without_flanks,position17_core_or_flank,546,NetMHC,HLA-C*03:04,0.5,2,0,-2
T17P,without_flanks,position17_core_or_flank,546,NetMHC,HLA-C*03:04,1,2,1,-1
T17P,without_flanks,position17_core_or_flank,546,NetMHC,HLA-C*03:04,2,4,3,-1
T17P,without_flanks,position17_core_or_flank,546,NetMHC,HLA-C*07:01,0.5,0,0,0
T17P,without_flanks,position17_core_or_flank,546,NetMHC,HLA-C*07:01,1,0,0,0
T17P,without_flanks,position17_core_or_flank,546,NetMHC,HLA-C*07:01,2,1,0,-1
T17P,without_flanks,position17_core_or_flank,546,MHCflurry,HLA-A*02:01,0.5,0,0,0
T17P,without_flanks,position17_core_or_flank,546,MHCflurry,HLA-A*02:01,1,2,2,0
T17P,without_flanks,position17_core_or_flank,546,MHCflurry,HLA-A*02:01,2,5,5,0
T17P,without_flanks,position17_core_or_flank,546,MHCflurry,HLA-A*24:02,0.5,0,0,0
T17P,without_flanks,position17_core_or_flank,546,MHCflurry,HLA-A*24:02,1,0,0,0
T17P,without_flanks,position17_core_or_flank,546,MHCflurry,HLA-A*24:02,2,0,0,0
T17P,without_flanks,position17_core_or_flank,546,MHCflurry,HLA-A*03:01,0.5,0,0,0
T17P,without_flanks,position17_core_or_flank,546,MHCflurry,HLA-A*03:01,1,0,0,0
T17P,without_flanks,position17_core_or_flank,546,MHCflurry,HLA-A*03:01,2,0,0,0
T17P,without_flanks,position17_core_or_flank,546,MHCflurry,HLA-B*40:01,0.5,0,0,0
T17P,without_flanks,position17_core_or_flank,546,MHCflurry,HLA-B*40:01,1,0,0,0
T17P,without_flanks,position17_core_or_flank,546,MHCflurry,HLA-B*40:01,2,0,0,0
T17P,without_flanks,position17_core_or_flank,546,MHCflurry,HLA-B*49:01,0.5,0,0,0
T17P,without_flanks,position17_core_or_flank,546,MHCflurry,HLA-B*49:01,1,0,0,0
T17P,without_flanks,position17_core_or_flank,546,MHCflurry,HLA-B*49:01,2,0,1,1
T17P,without_flanks,position17_core_or_flank,546,MHCflurry,HLA-C*03:04,0.5,2,0,-2
T17P,without_flanks,position17_core_or_flank,546,MHCflurry,HLA-C*03:04,1,2,1,-1
T17P,without_flanks,position17_core_or_flank,546,MHCflurry,HLA-C*03:04,2,5,5,0
T17P,without_flanks,position17_core_or_flank,546,MHCflurry,HLA-C*07:01,0.5,0,0,0
T17P,without_flanks,position17_core_or_flank,546,MHCflurry,HLA-C*07:01,1,0,0,0
T17P,without_flanks,position17_core_or_flank,546,MHCflurry,HLA-C*07:01,2,0,1,1
T17Q,without_flanks,position17_core_or_flank,546,NetMHC,HLA-A*02:01,0.5,0,0,0
T17Q,without_flanks,position17_core_or_flank,546,NetMHC,HLA-A*02:01,1,0,0,0
T17Q,without_flanks,position17_core_or_flank,546,NetMHC,HLA-A*02:01,2,4,5,1
T17Q,without_flanks,position17_core_or_flank,546,NetMHC,HLA-A*24:02,0.5,0,0,0
T17Q,without_flanks,position17_core_or_flank,546,NetMHC,HLA-A*24:02,1,0,0,0
T17Q,without_flanks,position17_core_or_flank,546,NetMHC,HLA-A*24:02,2,0,1,1
T17Q,without_flanks,position17_core_or_flank,546,NetMHC,HLA-A*03:01,0.5,0,0,0
T17Q,without_flanks,position17_core_or_flank,546,NetMHC,HLA-A*03:01,1,0,0,0
T17Q,without_flanks,position17_core_or_flank,546,NetMHC,HLA-A*03:01,2,0,0,0
T17Q,without_flanks,position17_core_or_flank,546,NetMHC,HLA-B*40:01,0.5,0,0,0
T17Q,without_flanks,position17_core_or_flank,546,NetMHC,HLA-B*40:01,1,0,1,1
T17Q,without_flanks,position17_core_or_flank,546,NetMHC,HLA-B*40:01,2,1,2,1
T17Q,without_flanks,position17_core_or_flank,546,NetMHC,HLA-B*49:01,0.5,0,0,0
T17Q,without_flanks,position17_core_or_flank,546,NetMHC,HLA-B*49:01,1,0,1,1
T17Q,without_flanks,position17_core_or_flank,546,NetMHC,HLA-B*49:01,2,0,1,1
T17Q,without_flanks,position17_core_or_flank,546,NetMHC,HLA-C*03:04,0.5,2,0,-2
T17Q,without_flanks,position17_core_or_flank,546,NetMHC,HLA-C*03:04,1,2,2,0
T17Q,without_flanks,position17_core_or_flank,546,NetMHC,HLA-C*03:04,2,4,4,0
T17Q,without_flanks,position17_core_or_flank,546,NetMHC,HLA-C*07:01,0.5,0,0,0
T17Q,without_flanks,position17_core_or_flank,546,NetMHC,HLA-C*07:01,1,0,0,0
T17Q,without_flanks,position17_core_or_flank,546,NetMHC,HLA-C*07:01,2,1,1,0
T17Q,without_flanks,position17_core_or_flank,546,MHCflurry,HLA-A*02:01,0.5,0,1,1
T17Q,without_flanks,position17_core_or_flank,546,MHCflurry,HLA-A*02:01,1,2,3,1
T17Q,without_flanks,position17_core_or_flank,546,MHCflurry,HLA-A*02:01,2,5,5,0
T17Q,without_flanks,position17_core_or_flank,546,MHCflurry,HLA-A*24:02,0.5,0,0,0
T17Q,without_flanks,position17_core_or_flank,546,MHCflurry,HLA-A*24:02,1,0,0,0
T17Q,without_flanks,position17_core_or_flank,546,MHCflurry,HLA-A*24:02,2,0,0,0
T17Q,without_flanks,position17_core_or_flank,546,MHCflurry,HLA-A*03:01,0.5,0,0,0
T17Q,without_flanks,position17_core_or_flank,546,MHCflurry,HLA-A*03:01,1,0,0,0
T17Q,without_flanks,position17_core_or_flank,546,MHCflurry,HLA-A*03:01,2,0,0,0
T17Q,without_flanks,position17_core_or_flank,546,MHCflurry,HLA-B*40:01,0.5,0,0,0
T17Q,without_flanks,position17_core_or_flank,546,MHCflurry,HLA-B*40:01,1,0,0,0
T17Q,without_flanks,position17_core_or_flank,546,MHCflurry,HLA-B*40:01,2,0,0,0
T17Q,without_flanks,position17_core_or_flank,546,MHCflurry,HLA-B*49:01,0.5,0,0,0
T17Q,without_flanks,position17_core_or_flank,546,MHCflurry,HLA-B*49:01,1,0,1,1
T17Q,without_flanks,position17_core_or_flank,546,MHCflurry,HLA-B*49:01,2,0,1,1
T17Q,without_flanks,position17_core_or_flank,546,MHCflurry,HLA-C*03:04,0.5,2,0,-2
T17Q,without_flanks,position17_core_or_flank,546,MHCflurry,HLA-C*03:04,1,2,1,-1
T17Q,without_flanks,position17_core_or_flank,546,MHCflurry,HLA-C*03:04,2,5,5,0
T17Q,without_flanks,position17_core_or_flank,546,MHCflurry,HLA-C*07:01,0.5,0,0,0
T17Q,without_flanks,position17_core_or_flank,546,MHCflurry,HLA-C*07:01,1,0,0,0
T17Q,without_flanks,position17_core_or_flank,546,MHCflurry,HLA-C*07:01,2,0,1,1
T17R,without_flanks,position17_core_or_flank,546,NetMHC,HLA-A*02:01,0.5,0,0,0
T17R,without_flanks,position17_core_or_flank,546,NetMHC,HLA-A*02:01,1,0,0,0
T17R,without_flanks,position17_core_or_flank,546,NetMHC,HLA-A*02:01,2,4,3,-1
T17R,without_flanks,position17_core_or_flank,546,NetMHC,HLA-A*24:02,0.5,0,0,0
T17R,without_flanks,position17_core_or_flank,546,NetMHC,HLA-A*24:02,1,0,0,0
T17R,without_flanks,position17_core_or_flank,546,NetMHC,HLA-A*24:02,2,0,0,0
T17R,without_flanks,position17_core_or_flank,546,NetMHC,HLA-A*03:01,0.5,0,0,0
T17R,without_flanks,position17_core_or_flank,546,NetMHC,HLA-A*03:01,1,0,0,0
T17R,without_flanks,position17_core_or_flank,546,NetMHC,HLA-A*03:01,2,0,1,1
T17R,without_flanks,position17_core_or_flank,546,NetMHC,HLA-B*40:01,0.5,0,0,0
T17R,without_flanks,position17_core_or_flank,546,NetMHC,HLA-B*40:01,1,0,0,0
T17R,without_flanks,position17_core_or_flank,546,NetMHC,HLA-B*40:01,2,1,1,0
T17R,without_flanks,position17_core_or_flank,546,NetMHC,HLA-B*49:01,0.5,0,0,0
T17R,without_flanks,position17_core_or_flank,546,NetMHC,HLA-B*49:01,1,0,0,0
T17R,without_flanks,position17_core_or_flank,546,NetMHC,HLA-B*49:01,2,0,0,0
T17R,without_flanks,position17_core_or_flank,546,NetMHC,HLA-C*03:04,0.5,2,1,-1
T17R,without_flanks,position17_core_or_flank,546,NetMHC,HLA-C*03:04,1,2,1,-1
T17R,without_flanks,position17_core_or_flank,546,NetMHC,HLA-C*03:04,2,4,3,-1
T17R,without_flanks,position17_core_or_flank,546,NetMHC,HLA-C*07:01,0.5,0,1,1
T17R,without_flanks,position17_core_or_flank,546,NetMHC,HLA-C*07:01,1,0,1,1
T17R,without_flanks,position17_core_or_flank,546,NetMHC,HLA-C*07:01,2,1,2,1
T17R,without_flanks,position17_core_or_flank,546,MHCflurry,HLA-A*02:01,0.5,0,0,0
T17R,without_flanks,position17_core_or_flank,546,MHCflurry,HLA-A*02:01,1,2,1,-1
T17R,without_flanks,position17_core_or_flank,546,MHCflurry,HLA-A*02:01,2,5,3,-2
T17R,without_flanks,position17_core_or_flank,546,MHCflurry,HLA-A*24:02,0.5,0,0,0
T17R,without_flanks,position17_core_or_flank,546,MHCflurry,HLA-A*24:02,1,0,0,0
T17R,without_flanks,position17_core_or_flank,546,MHCflurry,HLA-A*24:02,2,0,0,0
T17R,without_flanks,position17_core_or_flank,546,MHCflurry,HLA-A*03:01,0.5,0,0,0
T17R,without_flanks,position17_core_or_flank,546,MHCflurry,HLA-A*03:01,1,0,0,0
T17R,without_flanks,position17_core_or_flank,546,MHCflurry,HLA-A*03:01,2,0,1,1
T17R,without_flanks,position17_core_or_flank,546,MHCflurry,HLA-B*40:01,0.5,0,0,0
T17R,without_flanks,position17_core_or_flank,546,MHCflurry,HLA-B*40:01,1,0,0,0
T17R,without_flanks,position17_core_or_flank,546,MHCflurry,HLA-B*40:01,2,0,0,0
T17R,without_flanks,position17_core_or_flank,546,MHCflurry,HLA-B*49:01,0.5,0,0,0
T17R,without_flanks,position17_core_or_flank,546,MHCflurry,HLA-B*49:01,1,0,0,0
T17R,without_flanks,position17_core_or_flank,546,MHCflurry,HLA-B*49:01,2,0,0,0
T17R,without_flanks,position17_core_or_flank,546,MHCflurry,HLA-C*03:04,0.5,2,1,-1
T17R,without_flanks,position17_core_or_flank,546,MHCflurry,HLA-C*03:04,1,2,1,-1
T17R,without_flanks,position17_core_or_flank,546,MHCflurry,HLA-C*03:04,2,5,3,-2
T17R,without_flanks,position17_core_or_flank,546,MHCflurry,HLA-C*07:01,0.5,0,1,1
T17R,without_flanks,position17_core_or_flank,546,MHCflurry,HLA-C*07:01,1,0,1,1
T17R,without_flanks,position17_core_or_flank,546,MHCflurry,HLA-C*07:01,2,0,2,2
T17S,without_flanks,position17_core_or_flank,546,NetMHC,HLA-A*02:01,0.5,0,0,0
T17S,without_flanks,position17_core_or_flank,546,NetMHC,HLA-A*02:01,1,0,0,0
T17S,without_flanks,position17_core_or_flank,546,NetMHC,HLA-A*02:01,2,4,3,-1
T17S,without_flanks,position17_core_or_flank,546,NetMHC,HLA-A*24:02,0.5,0,0,0
T17S,without_flanks,position17_core_or_flank,546,NetMHC,HLA-A*24:02,1,0,0,0
T17S,without_flanks,position17_core_or_flank,546,NetMHC,HLA-A*24:02,2,0,0,0
T17S,without_flanks,position17_core_or_flank,546,NetMHC,HLA-A*03:01,0.5,0,0,0
T17S,without_flanks,position17_core_or_flank,546,NetMHC,HLA-A*03:01,1,0,0,0
T17S,without_flanks,position17_core_or_flank,546,NetMHC,HLA-A*03:01,2,0,1,1
T17S,without_flanks,position17_core_or_flank,546,NetMHC,HLA-B*40:01,0.5,0,0,0
T17S,without_flanks,position17_core_or_flank,546,NetMHC,HLA-B*40:01,1,0,0,0
T17S,without_flanks,position17_core_or_flank,546,NetMHC,HLA-B*40:01,2,1,1,0
T17S,without_flanks,position17_core_or_flank,546,NetMHC,HLA-B*49:01,0.5,0,0,0
T17S,without_flanks,position17_core_or_flank,546,NetMHC,HLA-B*49:01,1,0,0,0
T17S,without_flanks,position17_core_or_flank,546,NetMHC,HLA-B*49:01,2,0,0,0
T17S,without_flanks,position17_core_or_flank,546,NetMHC,HLA-C*03:04,0.5,2,2,0
T17S,without_flanks,position17_core_or_flank,546,NetMHC,HLA-C*03:04,1,2,2,0
T17S,without_flanks,position17_core_or_flank,546,NetMHC,HLA-C*03:04,2,4,5,1
T17S,without_flanks,position17_core_or_flank,546,NetMHC,HLA-C*07:01,0.5,0,0,0
T17S,without_flanks,position17_core_or_flank,546,NetMHC,HLA-C*07:01,1,0,0,0
T17S,without_flanks,position17_core_or_flank,546,NetMHC,HLA-C*07:01,2,1,1,0
T17S,without_flanks,position17_core_or_flank,546,MHCflurry,HLA-A*02:01,0.5,0,0,0
T17S,without_flanks,position17_core_or_flank,546,MHCflurry,HLA-A*02:01,1,2,2,0
T17S,without_flanks,position17_core_or_flank,546,MHCflurry,HLA-A*02:01,2,5,4,-1
T17S,without_flanks,position17_core_or_flank,546,MHCflurry,HLA-A*24:02,0.5,0,0,0
T17S,without_flanks,position17_core_or_flank,546,MHCflurry,HLA-A*24:02,1,0,0,0
T17S,without_flanks,position17_core_or_flank,546,MHCflurry,HLA-A*24:02,2,0,0,0
T17S,without_flanks,position17_core_or_flank,546,MHCflurry,HLA-A*03:01,0.5,0,0,0
T17S,without_flanks,position17_core_or_flank,546,MHCflurry,HLA-A*03:01,1,0,0,0
T17S,without_flanks,position17_core_or_flank,546,MHCflurry,HLA-A*03:01,2,0,0,0
T17S,without_flanks,position17_core_or_flank,546,MHCflurry,HLA-B*40:01,0.5,0,0,0
T17S,without_flanks,position17_core_or_flank,546,MHCflurry,HLA-B*40:01,1,0,0,0
T17S,without_flanks,position17_core_or_flank,546,MHCflurry,HLA-B*40:01,2,0,0,0
T17S,without_flanks,position17_core_or_flank,546,MHCflurry,HLA-B*49:01,0.5,0,0,0
T17S,without_flanks,position17_core_or_flank,546,MHCflurry,HLA-B*49:01,1,0,0,0
T17S,without_flanks,position17_core_or_flank,546,MHCflurry,HLA-B*49:01,2,0,0,0
T17S,without_flanks,position17_core_or_flank,546,MHCflurry,HLA-C*03:04,0.5,2,2,0
T17S,without_flanks,position17_core_or_flank,546,MHCflurry,HLA-C*03:04,1,2,2,0
T17S,without_flanks,position17_core_or_flank,546,MHCflurry,HLA-C*03:04,2,5,5,0
T17S,without_flanks,position17_core_or_flank,546,MHCflurry,HLA-C*07:01,0.5,0,0,0
T17S,without_flanks,position17_core_or_flank,546,MHCflurry,HLA-C*07:01,1,0,0,0
T17S,without_flanks,position17_core_or_flank,546,MHCflurry,HLA-C*07:01,2,0,0,0
T17T,without_flanks,position17_core_or_flank,546,NetMHC,HLA-A*02:01,0.5,0,0,0
T17T,without_flanks,position17_core_or_flank,546,NetMHC,HLA-A*02:01,1,0,0,0
T17T,without_flanks,position17_core_or_flank,546,NetMHC,HLA-A*02:01,2,4,4,0
T17T,without_flanks,position17_core_or_flank,546,NetMHC,HLA-A*24:02,0.5,0,0,0
T17T,without_flanks,position17_core_or_flank,546,NetMHC,HLA-A*24:02,1,0,0,0
T17T,without_flanks,position17_core_or_flank,546,NetMHC,HLA-A*24:02,2,0,0,0
T17T,without_flanks,position17_core_or_flank,546,NetMHC,HLA-A*03:01,0.5,0,0,0
T17T,without_flanks,position17_core_or_flank,546,NetMHC,HLA-A*03:01,1,0,0,0
T17T,without_flanks,position17_core_or_flank,546,NetMHC,HLA-A*03:01,2,0,0,0
T17T,without_flanks,position17_core_or_flank,546,NetMHC,HLA-B*40:01,0.5,0,0,0
T17T,without_flanks,position17_core_or_flank,546,NetMHC,HLA-B*40:01,1,0,0,0
T17T,without_flanks,position17_core_or_flank,546,NetMHC,HLA-B*40:01,2,1,1,0
T17T,without_flanks,position17_core_or_flank,546,NetMHC,HLA-B*49:01,0.5,0,0,0
T17T,without_flanks,position17_core_or_flank,546,NetMHC,HLA-B*49:01,1,0,0,0
T17T,without_flanks,position17_core_or_flank,546,NetMHC,HLA-B*49:01,2,0,0,0
T17T,without_flanks,position17_core_or_flank,546,NetMHC,HLA-C*03:04,0.5,2,2,0
T17T,without_flanks,position17_core_or_flank,546,NetMHC,HLA-C*03:04,1,2,2,0
T17T,without_flanks,position17_core_or_flank,546,NetMHC,HLA-C*03:04,2,4,4,0
T17T,without_flanks,position17_core_or_flank,546,NetMHC,HLA-C*07:01,0.5,0,0,0
T17T,without_flanks,position17_core_or_flank,546,NetMHC,HLA-C*07:01,1,0,0,0
T17T,without_flanks,position17_core_or_flank,546,NetMHC,HLA-C*07:01,2,1,1,0
T17T,without_flanks,position17_core_or_flank,546,MHCflurry,HLA-A*02:01,0.5,0,0,0
T17T,without_flanks,position17_core_or_flank,546,MHCflurry,HLA-A*02:01,1,2,2,0
T17T,without_flanks,position17_core_or_flank,546,MHCflurry,HLA-A*02:01,2,5,5,0
T17T,without_flanks,position17_core_or_flank,546,MHCflurry,HLA-A*24:02,0.5,0,0,0
T17T,without_flanks,position17_core_or_flank,546,MHCflurry,HLA-A*24:02,1,0,0,0
T17T,without_flanks,position17_core_or_flank,546,MHCflurry,HLA-A*24:02,2,0,0,0
T17T,without_flanks,position17_core_or_flank,546,MHCflurry,HLA-A*03:01,0.5,0,0,0
T17T,without_flanks,position17_core_or_flank,546,MHCflurry,HLA-A*03:01,1,0,0,0
T17T,without_flanks,position17_core_or_flank,546,MHCflurry,HLA-A*03:01,2,0,0,0
T17T,without_flanks,position17_core_or_flank,546,MHCflurry,HLA-B*40:01,0.5,0,0,0
T17T,without_flanks,position17_core_or_flank,546,MHCflurry,HLA-B*40:01,1,0,0,0
T17T,without_flanks,position17_core_or_flank,546,MHCflurry,HLA-B*40:01,2,0,0,0
T17T,without_flanks,position17_core_or_flank,546,MHCflurry,HLA-B*49:01,0.5,0,0,0
T17T,without_flanks,position17_core_or_flank,546,MHCflurry,HLA-B*49:01,1,0,0,0
T17T,without_flanks,position17_core_or_flank,546,MHCflurry,HLA-B*49:01,2,0,0,0
T17T,without_flanks,position17_core_or_flank,546,MHCflurry,HLA-C*03:04,0.5,2,2,0
T17T,without_flanks,position17_core_or_flank,546,MHCflurry,HLA-C*03:04,1,2,2,0
T17T,without_flanks,position17_core_or_flank,546,MHCflurry,HLA-C*03:04,2,5,5,0
T17T,without_flanks,position17_core_or_flank,546,MHCflurry,HLA-C*07:01,0.5,0,0,0
T17T,without_flanks,position17_core_or_flank,546,MHCflurry,HLA-C*07:01,1,0,0,0
T17T,without_flanks,position17_core_or_flank,546,MHCflurry,HLA-C*07:01,2,0,0,0
T17V,without_flanks,position17_core_or_flank,546,NetMHC,HLA-A*02:01,0.5,0,0,0
T17V,without_flanks,position17_core_or_flank,546,NetMHC,HLA-A*02:01,1,0,0,0
T17V,without_flanks,position17_core_or_flank,546,NetMHC,HLA-A*02:01,2,4,3,-1
T17V,without_flanks,position17_core_or_flank,546,NetMHC,HLA-A*24:02,0.5,0,0,0
T17V,without_flanks,position17_core_or_flank,546,NetMHC,HLA-A*24:02,1,0,0,0
T17V,without_flanks,position17_core_or_flank,546,NetMHC,HLA-A*24:02,2,0,0,0
T17V,without_flanks,position17_core_or_flank,546,NetMHC,HLA-A*03:01,0.5,0,0,0
T17V,without_flanks,position17_core_or_flank,546,NetMHC,HLA-A*03:01,1,0,0,0
T17V,without_flanks,position17_core_or_flank,546,NetMHC,HLA-A*03:01,2,0,0,0
T17V,without_flanks,position17_core_or_flank,546,NetMHC,HLA-B*40:01,0.5,0,0,0
T17V,without_flanks,position17_core_or_flank,546,NetMHC,HLA-B*40:01,1,0,0,0
T17V,without_flanks,position17_core_or_flank,546,NetMHC,HLA-B*40:01,2,1,1,0
T17V,without_flanks,position17_core_or_flank,546,NetMHC,HLA-B*49:01,0.5,0,0,0
T17V,without_flanks,position17_core_or_flank,546,NetMHC,HLA-B*49:01,1,0,0,0
T17V,without_flanks,position17_core_or_flank,546,NetMHC,HLA-B*49:01,2,0,0,0
T17V,without_flanks,position17_core_or_flank,546,NetMHC,HLA-C*03:04,0.5,2,2,0
T17V,without_flanks,position17_core_or_flank,546,NetMHC,HLA-C*03:04,1,2,2,0
T17V,without_flanks,position17_core_or_flank,546,NetMHC,HLA-C*03:04,2,4,5,1
T17V,without_flanks,position17_core_or_flank,546,NetMHC,HLA-C*07:01,0.5,0,0,0
T17V,without_flanks,position17_core_or_flank,546,NetMHC,HLA-C*07:01,1,0,0,0
T17V,without_flanks,position17_core_or_flank,546,NetMHC,HLA-C*07:01,2,1,1,0
T17V,without_flanks,position17_core_or_flank,546,MHCflurry,HLA-A*02:01,0.5,0,0,0
T17V,without_flanks,position17_core_or_flank,546,MHCflurry,HLA-A*02:01,1,2,3,1
T17V,without_flanks,position17_core_or_flank,546,MHCflurry,HLA-A*02:01,2,5,7,2
T17V,without_flanks,position17_core_or_flank,546,MHCflurry,HLA-A*24:02,0.5,0,0,0
T17V,without_flanks,position17_core_or_flank,546,MHCflurry,HLA-A*24:02,1,0,0,0
T17V,without_flanks,position17_core_or_flank,546,MHCflurry,HLA-A*24:02,2,0,0,0
T17V,without_flanks,position17_core_or_flank,546,MHCflurry,HLA-A*03:01,0.5,0,0,0
T17V,without_flanks,position17_core_or_flank,546,MHCflurry,HLA-A*03:01,1,0,0,0
T17V,without_flanks,position17_core_or_flank,546,MHCflurry,HLA-A*03:01,2,0,0,0
T17V,without_flanks,position17_core_or_flank,546,MHCflurry,HLA-B*40:01,0.5,0,0,0
T17V,without_flanks,position17_core_or_flank,546,MHCflurry,HLA-B*40:01,1,0,0,0
T17V,without_flanks,position17_core_or_flank,546,MHCflurry,HLA-B*40:01,2,0,0,0
T17V,without_flanks,position17_core_or_flank,546,MHCflurry,HLA-B*49:01,0.5,0,0,0
T17V,without_flanks,position17_core_or_flank,546,MHCflurry,HLA-B*49:01,1,0,0,0
T17V,without_flanks,position17_core_or_flank,546,MHCflurry,HLA-B*49:01,2,0,0,0
T17V,without_flanks,position17_core_or_flank,546,MHCflurry,HLA-C*03:04,0.5,2,2,0
T17V,without_flanks,position17_core_or_flank,546,MHCflurry,HLA-C*03:04,1,2,2,0
T17V,without_flanks,position17_core_or_flank,546,MHCflurry,HLA-C*03:04,2,5,5,0
T17V,without_flanks,position17_core_or_flank,546,MHCflurry,HLA-C*07:01,0.5,0,0,0
T17V,without_flanks,position17_core_or_flank,546,MHCflurry,HLA-C*07:01,1,0,0,0
T17V,without_flanks,position17_core_or_flank,546,MHCflurry,HLA-C*07:01,2,0,0,0
T17W,without_flanks,position17_core_or_flank,546,NetMHC,HLA-A*02:01,0.5,0,0,0
T17W,without_flanks,position17_core_or_flank,546,NetMHC,HLA-A*02:01,1,0,0,0
T17W,without_flanks,position17_core_or_flank,546,NetMHC,HLA-A*02:01,2,4,1,-3
T17W,without_flanks,position17_core_or_flank,546,NetMHC,HLA-A*24:02,0.5,0,1,1
T17W,without_flanks,position17_core_or_flank,546,NetMHC,HLA-A*24:02,1,0,1,1
T17W,without_flanks,position17_core_or_flank,546,NetMHC,HLA-A*24:02,2,0,2,2
T17W,without_flanks,position17_core_or_flank,546,NetMHC,HLA-A*03:01,0.5,0,0,0
T17W,without_flanks,position17_core_or_flank,546,NetMHC,HLA-A*03:01,1,0,0,0
T17W,without_flanks,position17_core_or_flank,546,NetMHC,HLA-A*03:01,2,0,1,1
T17W,without_flanks,position17_core_or_flank,546,NetMHC,HLA-B*40:01,0.5,0,0,0
T17W,without_flanks,position17_core_or_flank,546,NetMHC,HLA-B*40:01,1,0,0,0
T17W,without_flanks,position17_core_or_flank,546,NetMHC,HLA-B*40:01,2,1,1,0
T17W,without_flanks,position17_core_or_flank,546,NetMHC,HLA-B*49:01,0.5,0,0,0
T17W,without_flanks,position17_core_or_flank,546,NetMHC,HLA-B*49:01,1,0,0,0
T17W,without_flanks,position17_core_or_flank,546,NetMHC,HLA-B*49:01,2,0,0,0
T17W,without_flanks,position17_core_or_flank,546,NetMHC,HLA-C*03:04,0.5,2,1,-1
T17W,without_flanks,position17_core_or_flank,546,NetMHC,HLA-C*03:04,1,2,1,-1
T17W,without_flanks,position17_core_or_flank,546,NetMHC,HLA-C*03:04,2,4,2,-2
T17W,without_flanks,position17_core_or_flank,546,NetMHC,HLA-C*07:01,0.5,0,0,0
T17W,without_flanks,position17_core_or_flank,546,NetMHC,HLA-C*07:01,1,0,0,0
T17W,without_flanks,position17_core_or_flank,546,NetMHC,HLA-C*07:01,2,1,0,-1
T17W,without_flanks,position17_core_or_flank,546,MHCflurry,HLA-A*02:01,0.5,0,0,0
T17W,without_flanks,position17_core_or_flank,546,MHCflurry,HLA-A*02:01,1,2,2,0
T17W,without_flanks,position17_core_or_flank,546,MHCflurry,HLA-A*02:01,2,5,3,-2
T17W,without_flanks,position17_core_or_flank,546,MHCflurry,HLA-A*24:02,0.5,0,1,1
T17W,without_flanks,position17_core_or_flank,546,MHCflurry,HLA-A*24:02,1,0,1,1
T17W,without_flanks,position17_core_or_flank,546,MHCflurry,HLA-A*24:02,2,0,1,1
T17W,without_flanks,position17_core_or_flank,546,MHCflurry,HLA-A*03:01,0.5,0,0,0
T17W,without_flanks,position17_core_or_flank,546,MHCflurry,HLA-A*03:01,1,0,0,0
T17W,without_flanks,position17_core_or_flank,546,MHCflurry,HLA-A*03:01,2,0,1,1
T17W,without_flanks,position17_core_or_flank,546,MHCflurry,HLA-B*40:01,0.5,0,0,0
T17W,without_flanks,position17_core_or_flank,546,MHCflurry,HLA-B*40:01,1,0,0,0
T17W,without_flanks,position17_core_or_flank,546,MHCflurry,HLA-B*40:01,2,0,0,0
T17W,without_flanks,position17_core_or_flank,546,MHCflurry,HLA-B*49:01,0.5,0,0,0
T17W,without_flanks,position17_core_or_flank,546,MHCflurry,HLA-B*49:01,1,0,0,0
T17W,without_flanks,position17_core_or_flank,546,MHCflurry,HLA-B*49:01,2,0,0,0
T17W,without_flanks,position17_core_or_flank,546,MHCflurry,HLA-C*03:04,0.5,2,0,-2
T17W,without_flanks,position17_core_or_flank,546,MHCflurry,HLA-C*03:04,1,2,1,-1
T17W,without_flanks,position17_core_or_flank,546,MHCflurry,HLA-C*03:04,2,5,2,-3
T17W,without_flanks,position17_core_or_flank,546,MHCflurry,HLA-C*07:01,0.5,0,0,0
T17W,without_flanks,position17_core_or_flank,546,MHCflurry,HLA-C*07:01,1,0,0,0
T17W,without_flanks,position17_core_or_flank,546,MHCflurry,HLA-C*07:01,2,0,0,0
T17Y,without_flanks,position17_core_or_flank,546,NetMHC,HLA-A*02:01,0.5,0,0,0
T17Y,without_flanks,position17_core_or_flank,546,NetMHC,HLA-A*02:01,1,0,0,0
T17Y,without_flanks,position17_core_or_flank,546,NetMHC,HLA-A*02:01,2,4,4,0
T17Y,without_flanks,position17_core_or_flank,546,NetMHC,HLA-A*24:02,0.5,0,2,2
T17Y,without_flanks,position17_core_or_flank,546,NetMHC,HLA-A*24:02,1,0,3,3
T17Y,without_flanks,position17_core_or_flank,546,NetMHC,HLA-A*24:02,2,0,5,5
T17Y,without_flanks,position17_core_or_flank,546,NetMHC,HLA-A*03:01,0.5,0,0,0
T17Y,without_flanks,position17_core_or_flank,546,NetMHC,HLA-A*03:01,1,0,1,1
T17Y,without_flanks,position17_core_or_flank,546,NetMHC,HLA-A*03:01,2,0,2,2
T17Y,without_flanks,position17_core_or_flank,546,NetMHC,HLA-B*40:01,0.5,0,0,0
T17Y,without_flanks,position17_core_or_flank,546,NetMHC,HLA-B*40:01,1,0,0,0
T17Y,without_flanks,position17_core_or_flank,546,NetMHC,HLA-B*40:01,2,1,1,0
T17Y,without_flanks,position17_core_or_flank,546,NetMHC,HLA-B*49:01,0.5,0,0,0
T17Y,without_flanks,position17_core_or_flank,546,NetMHC,HLA-B*49:01,1,0,0,0
T17Y,without_flanks,position17_core_or_flank,546,NetMHC,HLA-B*49:01,2,0,0,0
T17Y,without_flanks,position17_core_or_flank,546,NetMHC,HLA-C*03:04,0.5,2,1,-1
T17Y,without_flanks,position17_core_or_flank,546,NetMHC,HLA-C*03:04,1,2,2,0
T17Y,without_flanks,position17_core_or_flank,546,NetMHC,HLA-C*03:04,2,4,4,0
T17Y,without_flanks,position17_core_or_flank,546,NetMHC,HLA-C*07:01,0.5,0,1,1
T17Y,without_flanks,position17_core_or_flank,546,NetMHC,HLA-C*07:01,1,0,1,1
T17Y,without_flanks,position17_core_or_flank,546,NetMHC,HLA-C*07:01,2,1,2,1
T17Y,without_flanks,position17_core_or_flank,546,MHCflurry,HLA-A*02:01,0.5,0,0,0
T17Y,without_flanks,position17_core_or_flank,546,MHCflurry,HLA-A*02:01,1,2,3,1
T17Y,without_flanks,position17_core_or_flank,546,MHCflurry,HLA-A*02:01,2,5,5,0
T17Y,without_flanks,position17_core_or_flank,546,MHCflurry,HLA-A*24:02,0.5,0,1,1
T17Y,without_flanks,position17_core_or_flank,546,MHCflurry,HLA-A*24:02,1,0,1,1
T17Y,without_flanks,position17_core_or_flank,546,MHCflurry,HLA-A*24:02,2,0,1,1
T17Y,without_flanks,position17_core_or_flank,546,MHCflurry,HLA-A*03:01,0.5,0,1,1
T17Y,without_flanks,position17_core_or_flank,546,MHCflurry,HLA-A*03:01,1,0,1,1
T17Y,without_flanks,position17_core_or_flank,546,MHCflurry,HLA-A*03:01,2,0,1,1
T17Y,without_flanks,position17_core_or_flank,546,MHCflurry,HLA-B*40:01,0.5,0,0,0
T17Y,without_flanks,position17_core_or_flank,546,MHCflurry,HLA-B*40:01,1,0,0,0
T17Y,without_flanks,position17_core_or_flank,546,MHCflurry,HLA-B*40:01,2,0,0,0
T17Y,without_flanks,position17_core_or_flank,546,MHCflurry,HLA-B*49:01,0.5,0,0,0
T17Y,without_flanks,position17_core_or_flank,546,MHCflurry,HLA-B*49:01,1,0,0,0
T17Y,without_flanks,position17_core_or_flank,546,MHCflurry,HLA-B*49:01,2,0,0,0
T17Y,without_flanks,position17_core_or_flank,546,MHCflurry,HLA-C*03:04,0.5,2,1,-1
T17Y,without_flanks,position17_core_or_flank,546,MHCflurry,HLA-C*03:04,1,2,1,-1
T17Y,without_flanks,position17_core_or_flank,546,MHCflurry,HLA-C*03:04,2,5,4,-1
T17Y,without_flanks,position17_core_or_flank,546,MHCflurry,HLA-C*07:01,0.5,0,1,1
T17Y,without_flanks,position17_core_or_flank,546,MHCflurry,HLA-C*07:01,1,0,2,2
T17Y,without_flanks,position17_core_or_flank,546,MHCflurry,HLA-C*07:01,2,0,2,2
