construct,model,context,scope,HLA,cutoff_percentile,baseline_count,variant_count,delta
CHGA_baseline,NetMHC,with_flanks,signal_or_junction,HLA-A*02:01,0.5,0,0,0
CHGA_baseline,NetMHC,with_flanks,signal_or_junction,HLA-A*02:01,1,0,0,0
CHGA_baseline,NetMHC,with_flanks,signal_or_junction,HLA-A*02:01,2,4,4,0
CHGA_baseline,NetMHC,with_flanks,signal_or_junction,HLA-A*24:02,0.5,0,0,0
CHGA_baseline,NetMHC,with_flanks,signal_or_junction,HLA-A*24:02,1,0,0,0
CHGA_baseline,NetMHC,with_flanks,signal_or_junction,HLA-A*24:02,2,0,0,0
CHGA_baseline,NetMHC,with_flanks,signal_or_junction,HLA-A*03:01,0.5,0,0,0
CHGA_baseline,NetMHC,with_flanks,signal_or_junction,HLA-A*03:01,1,0,0,0
CHGA_baseline,NetMHC,with_flanks,signal_or_junction,HLA-A*03:01,2,0,0,0
CHGA_baseline,NetMHC,with_flanks,signal_or_junction,HLA-B*40:01,0.5,0,0,0
CHGA_baseline,NetMHC,with_flanks,signal_or_junction,HLA-B*40:01,1,0,0,0
CHGA_baseline,NetMHC,with_flanks,signal_or_junction,HLA-B*40:01,2,0,0,0
CHGA_baseline,NetMHC,with_flanks,signal_or_junction,HLA-B*49:01,0.5,0,0,0
CHGA_baseline,NetMHC,with_flanks,signal_or_junction,HLA-B*49:01,1,0,0,0
CHGA_baseline,NetMHC,with_flanks,signal_or_junction,HLA-B*49:01,2,0,0,0
CHGA_baseline,NetMHC,with_flanks,signal_or_junction,HLA-C*03:04,0.5,3,3,0
CHGA_baseline,NetMHC,with_flanks,signal_or_junction,HLA-C*03:04,1,6,6,0
CHGA_baseline,NetMHC,with_flanks,signal_or_junction,HLA-C*03:04,2,8,8,0
CHGA_baseline,NetMHC,with_flanks,signal_or_junction,HLA-C*07:01,0.5,1,1,0
CHGA_baseline,NetMHC,with_flanks,signal_or_junction,HLA-C*07:01,1,2,2,0
CHGA_baseline,NetMHC,with_flanks,signal_or_junction,HLA-C*07:01,2,5,5,0
CHGA_baseline,MHCflurry,with_flanks,signal_or_junction,HLA-A*02:01,0.5,0,0,0
CHGA_baseline,MHCflurry,with_flanks,signal_or_junction,HLA-A*02:01,1,4,4,0
CHGA_baseline,MHCflurry,with_flanks,signal_or_junction,HLA-A*02:01,2,6,6,0
CHGA_baseline,MHCflurry,with_flanks,signal_or_junction,HLA-A*24:02,0.5,0,0,0
CHGA_baseline,MHCflurry,with_flanks,signal_or_junction,HLA-A*24:02,1,0,0,0
CHGA_baseline,MHCflurry,with_flanks,signal_or_junction,HLA-A*24:02,2,2,2,0
CHGA_baseline,MHCflurry,with_flanks,signal_or_junction,HLA-A*03:01,0.5,0,0,0
CHGA_baseline,MHCflurry,with_flanks,signal_or_junction,HLA-A*03:01,1,0,0,0
CHGA_baseline,MHCflurry,with_flanks,signal_or_junction,HLA-A*03:01,2,0,0,0
CHGA_baseline,MHCflurry,with_flanks,signal_or_junction,HLA-B*40:01,0.5,0,0,0
CHGA_baseline,MHCflurry,with_flanks,signal_or_junction,HLA-B*40:01,1,0,0,0
CHGA_baseline,MHCflurry,with_flanks,signal_or_junction,HLA-B*40:01,2,0,0,0
CHGA_baseline,MHCflurry,with_flanks,signal_or_junction,HLA-B*49:01,0.5,0,0,0
CHGA_baseline,MHCflurry,with_flanks,signal_or_junction,HLA-B*49:01,1,0,0,0
CHGA_baseline,MHCflurry,with_flanks,signal_or_junction,HLA-B*49:01,2,0,0,0
CHGA_baseline,MHCflurry,with_flanks,signal_or_junction,HLA-C*03:04,0.5,5,5,0
CHGA_baseline,MHCflurry,with_flanks,signal_or_junction,HLA-C*03:04,1,9,9,0
CHGA_baseline,MHCflurry,with_flanks,signal_or_junction,HLA-C*03:04,2,11,11,0
CHGA_baseline,MHCflurry,with_flanks,signal_or_junction,HLA-C*07:01,0.5,4,4,0
CHGA_baseline,MHCflurry,with_flanks,signal_or_junction,HLA-C*07:01,1,6,6,0
CHGA_baseline,MHCflurry,with_flanks,signal_or_junction,HLA-C*07:01,2,8,8,0
CHGA_L9C,NetMHC,with_flanks,signal_or_junction,HLA-A*02:01,0.5,0,0,0
CHGA_L9C,NetMHC,with_flanks,signal_or_junction,HLA-A*02:01,1,0,0,0
CHGA_L9C,NetMHC,with_flanks,signal_or_junction,HLA-A*02:01,2,4,1,-3
CHGA_L9C,NetMHC,with_flanks,signal_or_junction,HLA-A*24:02,0.5,0,0,0
CHGA_L9C,NetMHC,with_flanks,signal_or_junction,HLA-A*24:02,1,0,0,0
CHGA_L9C,NetMHC,with_flanks,signal_or_junction,HLA-A*24:02,2,0,0,0
CHGA_L9C,NetMHC,with_flanks,signal_or_junction,HLA-A*03:01,0.5,0,0,0
CHGA_L9C,NetMHC,with_flanks,signal_or_junction,HLA-A*03:01,1,0,0,0
CHGA_L9C,NetMHC,with_flanks,signal_or_junction,HLA-A*03:01,2,0,0,0
CHGA_L9C,NetMHC,with_flanks,signal_or_junction,HLA-B*40:01,0.5,0,0,0
CHGA_L9C,NetMHC,with_flanks,signal_or_junction,HLA-B*40:01,1,0,0,0
CHGA_L9C,NetMHC,with_flanks,signal_or_junction,HLA-B*40:01,2,0,0,0
CHGA_L9C,NetMHC,with_flanks,signal_or_junction,HLA-B*49:01,0.5,0,0,0
CHGA_L9C,NetMHC,with_flanks,signal_or_junction,HLA-B*49:01,1,0,0,0
CHGA_L9C,NetMHC,with_flanks,signal_or_junction,HLA-B*49:01,2,0,0,0
CHGA_L9C,NetMHC,with_flanks,signal_or_junction,HLA-C*03:04,0.5,3,2,-1
CHGA_L9C,NetMHC,with_flanks,signal_or_junction,HLA-C*03:04,1,6,3,-3
CHGA_L9C,NetMHC,with_flanks,signal_or_junction,HLA-C*03:04,2,8,6,-2
CHGA_L9C,NetMHC,with_flanks,signal_or_junction,HLA-C*07:01,0.5,1,0,-1
CHGA_L9C,NetMHC,with_flanks,signal_or_junction,HLA-C*07:01,1,2,0,-2
CHGA_L9C,NetMHC,with_flanks,signal_or_junction,HLA-C*07:01,2,5,4,-1
CHGA_L9C,MHCflurry,with_flanks,signal_or_junction,HLA-A*02:01,0.5,0,0,0
CHGA_L9C,MHCflurry,with_flanks,signal_or_junction,HLA-A*02:01,1,4,2,-2
CHGA_L9C,MHCflurry,with_flanks,signal_or_junction,HLA-A*02:01,2,6,4,-2
CHGA_L9C,MHCflurry,with_flanks,signal_or_junction,HLA-A*24:02,0.5,0,0,0
CHGA_L9C,MHCflurry,with_flanks,signal_or_junction,HLA-A*24:02,1,0,0,0
CHGA_L9C,MHCflurry,with_flanks,signal_or_junction,HLA-A*24:02,2,2,1,-1
CHGA_L9C,MHCflurry,with_flanks,signal_or_junction,HLA-A*03:01,0.5,0,0,0
CHGA_L9C,MHCflurry,with_flanks,signal_or_junction,HLA-A*03:01,1,0,0,0
CHGA_L9C,MHCflurry,with_flanks,signal_or_junction,HLA-A*03:01,2,0,0,0
CHGA_L9C,MHCflurry,with_flanks,signal_or_junction,HLA-B*40:01,0.5,0,0,0
CHGA_L9C,MHCflurry,with_flanks,signal_or_junction,HLA-B*40:01,1,0,0,0
CHGA_L9C,MHCflurry,with_flanks,signal_or_junction,HLA-B*40:01,2,0,0,0
CHGA_L9C,MHCflurry,with_flanks,signal_or_junction,HLA-B*49:01,0.5,0,0,0
CHGA_L9C,MHCflurry,with_flanks,signal_or_junction,HLA-B*49:01,1,0,0,0
CHGA_L9C,MHCflurry,with_flanks,signal_or_junction,HLA-B*49:01,2,0,0,0
CHGA_L9C,MHCflurry,with_flanks,signal_or_junction,HLA-C*03:04,0.5,5,4,-1
CHGA_L9C,MHCflurry,with_flanks,signal_or_junction,HLA-C*03:04,1,9,5,-4
CHGA_L9C,MHCflurry,with_flanks,signal_or_junction,HLA-C*03:04,2,11,10,-1
CHGA_L9C,MHCflurry,with_flanks,signal_or_junction,HLA-C*07:01,0.5,4,0,-4
CHGA_L9C,MHCflurry,with_flanks,signal_or_junction,HLA-C*07:01,1,6,2,-4
CHGA_L9C,MHCflurry,with_flanks,signal_or_junction,HLA-C*07:01,2,8,5,-3
CHGA_L9G,NetMHC,with_flanks,signal_or_junction,HLA-A*02:01,0.5,0,0,0
CHGA_L9G,NetMHC,with_flanks,signal_or_junction,HLA-A*02:01,1,0,0,0
CHGA_L9G,NetMHC,with_flanks,signal_or_junction,HLA-A*02:01,2,4,4,0
CHGA_L9G,NetMHC,with_flanks,signal_or_junction,HLA-A*24:02,0.5,0,0,0
CHGA_L9G,NetMHC,with_flanks,signal_or_junction,HLA-A*24:02,1,0,0,0
CHGA_L9G,NetMHC,with_flanks,signal_or_junction,HLA-A*24:02,2,0,0,0
CHGA_L9G,NetMHC,with_flanks,signal_or_junction,HLA-A*03:01,0.5,0,0,0
CHGA_L9G,NetMHC,with_flanks,signal_or_junction,HLA-A*03:01,1,0,0,0
CHGA_L9G,NetMHC,with_flanks,signal_or_junction,HLA-A*03:01,2,0,0,0
CHGA_L9G,NetMHC,with_flanks,signal_or_junction,HLA-B*40:01,0.5,0,0,0
CHGA_L9G,NetMHC,with_flanks,signal_or_junction,HLA-B*40:01,1,0,0,0
CHGA_L9G,NetMHC,with_flanks,signal_or_junction,HLA-B*40:01,2,0,0,0
CHGA_L9G,NetMHC,with_flanks,signal_or_junction,HLA-B*49:01,0.5,0,0,0
CHGA_L9G,NetMHC,with_flanks,signal_or_junction,HLA-B*49:01,1,0,0,0
CHGA_L9G,NetMHC,with_flanks,signal_or_junction,HLA-B*49:01,2,0,0,0
CHGA_L9G,NetMHC,with_flanks,signal_or_junction,HLA-C*03:04,0.5,3,2,-1
CHGA_L9G,NetMHC,with_flanks,signal_or_junction,HLA-C*03:04,1,6,4,-2
CHGA_L9G,NetMHC,with_flanks,signal_or_junction,HLA-C*03:04,2,8,7,-1
CHGA_L9G,NetMHC,with_flanks,signal_or_junction,HLA-C*07:01,0.5,1,0,-1
CHGA_L9G,NetMHC,with_flanks,signal_or_junction,HLA-C*07:01,1,2,0,-2
CHGA_L9G,NetMHC,with_flanks,signal_or_junction,HLA-C*07:01,2,5,3,-2
CHGA_L9G,MHCflurry,with_flanks,signal_or_junction,HLA-A*02:01,0.5,0,1,1
CHGA_L9G,MHCflurry,with_flanks,signal_or_junction,HLA-A*02:01,1,4,4,0
CHGA_L9G,MHCflurry,with_flanks,signal_or_junction,HLA-A*02:01,2,6,5,-1
CHGA_L9G,MHCflurry,with_flanks,signal_or_junction,HLA-A*24:02,0.5,0,0,0
CHGA_L9G,MHCflurry,with_flanks,signal_or_junction,HLA-A*24:02,1,0,0,0
CHGA_L9G,MHCflurry,with_flanks,signal_or_junction,HLA-A*24:02,2,2,1,-1
CHGA_L9G,MHCflurry,with_flanks,signal_or_junction,HLA-A*03:01,0.5,0,0,0
CHGA_L9G,MHCflurry,with_flanks,signal_or_junction,HLA-A*03:01,1,0,0,0
CHGA_L9G,MHCflurry,with_flanks,signal_or_junction,HLA-A*03:01,2,0,0,0
CHGA_L9G,MHCflurry,with_flanks,signal_or_junction,HLA-B*40:01,0.5,0,0,0
CHGA_L9G,MHCflurry,with_flanks,signal_or_junction,HLA-B*40:01,1,0,0,0
CHGA_L9G,MHCflurry,with_flanks,signal_or_junction,HLA-B*40:01,2,0,0,0
CHGA_L9G,MHCflurry,with_flanks,signal_or_junction,HLA-B*49:01,0.5,0,0,0
CHGA_L9G,MHCflurry,with_flanks,signal_or_junction,HLA-B*49:01,1,0,0,0
CHGA_L9G,MHCflurry,with_flanks,signal_or_junction,HLA-B*49:01,2,0,0,0
CHGA_L9G,MHCflurry,with_flanks,signal_or_junction,HLA-C*03:04,0.5,5,3,-2
CHGA_L9G,MHCflurry,with_flanks,signal_or_junction,HLA-C*03:04,1,9,4,-5
CHGA_L9G,MHCflurry,with_flanks,signal_or_junction,HLA-C*03:04,2,11,10,-1
CHGA_L9G,MHCflurry,with_flanks,signal_or_junction,HLA-C*07:01,0.5,4,0,-4
CHGA_L9G,MHCflurry,with_flanks,signal_or_junction,HLA-C*07:01,1,6,2,-4
CHGA_L9G,MHCflurry,with_flanks,signal_or_junction,HLA-C*07:01,2,8,4,-4
CHGA_T17C,NetMHC,with_flanks,signal_or_junction,HLA-A*02:01,0.5,0,0,0
CHGA_T17C,NetMHC,with_flanks,signal_or_junction,HLA-A*02:01,1,0,0,0
CHGA_T17C,NetMHC,with_flanks,signal_or_junction,HLA-A*02:01,2,4,1,-3
CHGA_T17C,NetMHC,with_flanks,signal_or_junction,HLA-A*24:02,0.5,0,0,0
CHGA_T17C,NetMHC,with_flanks,signal_or_junction,HLA-A*24:02,1,0,0,0
CHGA_T17C,NetMHC,with_flanks,signal_or_junction,HLA-A*24:02,2,0,0,0
CHGA_T17C,NetMHC,with_flanks,signal_or_junction,HLA-A*03:01,0.5,0,0,0
CHGA_T17C,NetMHC,with_flanks,signal_or_junction,HLA-A*03:01,1,0,0,0
CHGA_T17C,NetMHC,with_flanks,signal_or_junction,HLA-A*03:01,2,0,0,0
CHGA_T17C,NetMHC,with_flanks,signal_or_junction,HLA-B*40:01,0.5,0,0,0
CHGA_T17C,NetMHC,with_flanks,signal_or_junction,HLA-B*40:01,1,0,0,0
CHGA_T17C,NetMHC,with_flanks,signal_or_junction,HLA-B*40:01,2,0,0,0
CHGA_T17C,NetMHC,with_flanks,signal_or_junction,HLA-B*49:01,0.5,0,0,0
CHGA_T17C,NetMHC,with_flanks,signal_or_junction,HLA-B*49:01,1,0,0,0
CHGA_T17C,NetMHC,with_flanks,signal_or_junction,HLA-B*49:01,2,0,0,0
CHGA_T17C,NetMHC,with_flanks,signal_or_junction,HLA-C*03:04,0.5,3,1,-2
CHGA_T17C,NetMHC,with_flanks,signal_or_junction,HLA-C*03:04,1,6,5,-1
CHGA_T17C,NetMHC,with_flanks,signal_or_junction,HLA-C*03:04,2,8,7,-1
CHGA_T17C,NetMHC,with_flanks,signal_or_junction,HLA-C*07:01,0.5,1,1,0
CHGA_T17C,NetMHC,with_flanks,signal_or_junction,HLA-C*07:01,1,2,2,0
CHGA_T17C,NetMHC,with_flanks,signal_or_junction,HLA-C*07:01,2,5,4,-1
CHGA_T17C,MHCflurry,with_flanks,signal_or_junction,HLA-A*02:01,0.5,0,0,0
CHGA_T17C,MHCflurry,with_flanks,signal_or_junction,HLA-A*02:01,1,4,2,-2
CHGA_T17C,MHCflurry,with_flanks,signal_or_junction,HLA-A*02:01,2,6,4,-2
CHGA_T17C,MHCflurry,with_flanks,signal_or_junction,HLA-A*24:02,0.5,0,0,0
CHGA_T17C,MHCflurry,with_flanks,signal_or_junction,HLA-A*24:02,1,0,0,0
CHGA_T17C,MHCflurry,with_flanks,signal_or_junction,HLA-A*24:02,2,2,1,-1
CHGA_T17C,MHCflurry,with_flanks,signal_or_junction,HLA-A*03:01,0.5,0,0,0
CHGA_T17C,MHCflurry,with_flanks,signal_or_junction,HLA-A*03:01,1,0,0,0
CHGA_T17C,MHCflurry,with_flanks,signal_or_junction,HLA-A*03:01,2,0,0,0
CHGA_T17C,MHCflurry,with_flanks,signal_or_junction,HLA-B*40:01,0.5,0,0,0
CHGA_T17C,MHCflurry,with_flanks,signal_or_junction,HLA-B*40:01,1,0,0,0
CHGA_T17C,MHCflurry,with_flanks,signal_or_junction,HLA-B*40:01,2,0,0,0
CHGA_T17C,MHCflurry,with_flanks,signal_or_junction,HLA-B*49:01,0.5,0,0,0
CHGA_T17C,MHCflurry,with_flanks,signal_or_junction,HLA-B*49:01,1,0,0,0
CHGA_T17C,MHCflurry,with_flanks,signal_or_junction,HLA-B*49:01,2,0,0,0
CHGA_T17C,MHCflurry,with_flanks,signal_or_junction,HLA-C*03:04,0.5,5,4,-1
CHGA_T17C,MHCflurry,with_flanks,signal_or_junction,HLA-C*03:04,1,9,8,-1
CHGA_T17C,MHCflurry,with_flanks,signal_or_junction,HLA-C*03:04,2,11,9,-2
CHGA_T17C,MHCflurry,with_flanks,signal_or_junction,HLA-C*07:01,0.5,4,4,0
CHGA_T17C,MHCflurry,with_flanks,signal_or_junction,HLA-C*07:01,1,6,6,0
CHGA_T17C,MHCflurry,with_flanks,signal_or_junction,HLA-C*07:01,2,8,7,-1
CHGA_T17G,NetMHC,with_flanks,signal_or_junction,HLA-A*02:01,0.5,0,0,0
CHGA_T17G,NetMHC,with_flanks,signal_or_junction,HLA-A*02:01,1,0,0,0
CHGA_T17G,NetMHC,with_flanks,signal_or_junction,HLA-A*02:01,2,4,1,-3
CHGA_T17G,NetMHC,with_flanks,signal_or_junction,HLA-A*24:02,0.5,0,0,0
CHGA_T17G,NetMHC,with_flanks,signal_or_junction,HLA-A*24:02,1,0,0,0
CHGA_T17G,NetMHC,with_flanks,signal_or_junction,HLA-A*24:02,2,0,0,0
CHGA_T17G,NetMHC,with_flanks,signal_or_junction,HLA-A*03:01,0.5,0,0,0
CHGA_T17G,NetMHC,with_flanks,signal_or_junction,HLA-A*03:01,1,0,0,0
CHGA_T17G,NetMHC,with_flanks,signal_or_junction,HLA-A*03:01,2,0,0,0
CHGA_T17G,NetMHC,with_flanks,signal_or_junction,HLA-B*40:01,0.5,0,0,0
CHGA_T17G,NetMHC,with_flanks,signal_or_junction,HLA-B*40:01,1,0,0,0
CHGA_T17G,NetMHC,with_flanks,signal_or_junction,HLA-B*40:01,2,0,0,0
CHGA_T17G,NetMHC,with_flanks,signal_or_junction,HLA-B*49:01,0.5,0,0,0
CHGA_T17G,NetMHC,with_flanks,signal_or_junction,HLA-B*49:01,1,0,0,0
CHGA_T17G,NetMHC,with_flanks,signal_or_junction,HLA-B*49:01,2,0,0,0
CHGA_T17G,NetMHC,with_flanks,signal_or_junction,HLA-C*03:04,0.5,3,1,-2
CHGA_T17G,NetMHC,with_flanks,signal_or_junction,HLA-C*03:04,1,6,6,0
CHGA_T17G,NetMHC,with_flanks,signal_or_junction,HLA-C*03:04,2,8,7,-1
CHGA_T17G,NetMHC,with_flanks,signal_or_junction,HLA-C*07:01,0.5,1,1,0
CHGA_T17G,NetMHC,with_flanks,signal_or_junction,HLA-C*07:01,1,2,2,0
CHGA_T17G,NetMHC,with_flanks,signal_or_junction,HLA-C*07:01,2,5,4,-1
CHGA_T17G,MHCflurry,with_flanks,signal_or_junction,HLA-A*02:01,0.5,0,0,0
CHGA_T17G,MHCflurry,with_flanks,signal_or_junction,HLA-A*02:01,1,4,2,-2
CHGA_T17G,MHCflurry,with_flanks,signal_or_junction,HLA-A*02:01,2,6,6,0
CHGA_T17G,MHCflurry,with_flanks,signal_or_junction,HLA-A*24:02,0.5,0,0,0
CHGA_T17G,MHCflurry,with_flanks,signal_or_junction,HLA-A*24:02,1,0,0,0
CHGA_T17G,MHCflurry,with_flanks,signal_or_junction,HLA-A*24:02,2,2,1,-1
CHGA_T17G,MHCflurry,with_flanks,signal_or_junction,HLA-A*03:01,0.5,0,0,0
CHGA_T17G,MHCflurry,with_flanks,signal_or_junction,HLA-A*03:01,1,0,0,0
CHGA_T17G,MHCflurry,with_flanks,signal_or_junction,HLA-A*03:01,2,0,0,0
CHGA_T17G,MHCflurry,with_flanks,signal_or_junction,HLA-B*40:01,0.5,0,0,0
CHGA_T17G,MHCflurry,with_flanks,signal_or_junction,HLA-B*40:01,1,0,0,0
CHGA_T17G,MHCflurry,with_flanks,signal_or_junction,HLA-B*40:01,2,0,0,0
CHGA_T17G,MHCflurry,with_flanks,signal_or_junction,HLA-B*49:01,0.5,0,0,0
CHGA_T17G,MHCflurry,with_flanks,signal_or_junction,HLA-B*49:01,1,0,0,0
CHGA_T17G,MHCflurry,with_flanks,signal_or_junction,HLA-B*49:01,2,0,2,2
CHGA_T17G,MHCflurry,with_flanks,signal_or_junction,HLA-C*03:04,0.5,5,3,-2
CHGA_T17G,MHCflurry,with_flanks,signal_or_junction,HLA-C*03:04,1,9,9,0
CHGA_T17G,MHCflurry,with_flanks,signal_or_junction,HLA-C*03:04,2,11,9,-2
CHGA_T17G,MHCflurry,with_flanks,signal_or_junction,HLA-C*07:01,0.5,4,4,0
CHGA_T17G,MHCflurry,with_flanks,signal_or_junction,HLA-C*07:01,1,6,6,0
CHGA_T17G,MHCflurry,with_flanks,signal_or_junction,HLA-C*07:01,2,8,8,0
CHGA_L9C_T17C,NetMHC,with_flanks,signal_or_junction,HLA-A*02:01,0.5,0,0,0
CHGA_L9C_T17C,NetMHC,with_flanks,signal_or_junction,HLA-A*02:01,1,0,0,0
CHGA_L9C_T17C,NetMHC,with_flanks,signal_or_junction,HLA-A*02:01,2,4,0,-4
CHGA_L9C_T17C,NetMHC,with_flanks,signal_or_junction,HLA-A*24:02,0.5,0,0,0
CHGA_L9C_T17C,NetMHC,with_flanks,signal_or_junction,HLA-A*24:02,1,0,0,0
CHGA_L9C_T17C,NetMHC,with_flanks,signal_or_junction,HLA-A*24:02,2,0,0,0
CHGA_L9C_T17C,NetMHC,with_flanks,signal_or_junction,HLA-A*03:01,0.5,0,0,0
CHGA_L9C_T17C,NetMHC,with_flanks,signal_or_junction,HLA-A*03:01,1,0,0,0
CHGA_L9C_T17C,NetMHC,with_flanks,signal_or_junction,HLA-A*03:01,2,0,0,0
CHGA_L9C_T17C,NetMHC,with_flanks,signal_or_junction,HLA-B*40:01,0.5,0,0,0
CHGA_L9C_T17C,NetMHC,with_flanks,signal_or_junction,HLA-B*40:01,1,0,0,0
CHGA_L9C_T17C,NetMHC,with_flanks,signal_or_junction,HLA-B*40:01,2,0,0,0
CHGA_L9C_T17C,NetMHC,with_flanks,signal_or_junction,HLA-B*49:01,0.5,0,0,0
CHGA_L9C_T17C,NetMHC,with_flanks,signal_or_junction,HLA-B*49:01,1,0,0,0
CHGA_L9C_T17C,NetMHC,with_flanks,signal_or_junction,HLA-B*49:01,2,0,0,0
CHGA_L9C_T17C,NetMHC,with_flanks,signal_or_junction,HLA-C*03:04,0.5,3,0,-3
CHGA_L9C_T17C,NetMHC,with_flanks,signal_or_junction,HLA-C*03:04,1,6,2,-4
CHGA_L9C_T17C,NetMHC,with_flanks,signal_or_junction,HLA-C*03:04,2,8,5,-3
CHGA_L9C_T17C,NetMHC,with_flanks,signal_or_junction,HLA-C*07:01,0.5,1,0,-1
CHGA_L9C_T17C,NetMHC,with_flanks,signal_or_junction,HLA-C*07:01,1,2,0,-2
CHGA_L9C_T17C,NetMHC,with_flanks,signal_or_junction,HLA-C*07:01,2,5,3,-2
CHGA_L9C_T17C,MHCflurry,with_flanks,signal_or_junction,HLA-A*02:01,0.5,0,0,0
CHGA_L9C_T17C,MHCflurry,with_flanks,signal_or_junction,HLA-A*02:01,1,4,0,-4
CHGA_L9C_T17C,MHCflurry,with_flanks,signal_or_junction,HLA-A*02:01,2,6,3,-3
CHGA_L9C_T17C,MHCflurry,with_flanks,signal_or_junction,HLA-A*24:02,0.5,0,0,0
CHGA_L9C_T17C,MHCflurry,with_flanks,signal_or_junction,HLA-A*24:02,1,0,0,0
CHGA_L9C_T17C,MHCflurry,with_flanks,signal_or_junction,HLA-A*24:02,2,2,0,-2
CHGA_L9C_T17C,MHCflurry,with_flanks,signal_or_junction,HLA-A*03:01,0.5,0,0,0
CHGA_L9C_T17C,MHCflurry,with_flanks,signal_or_junction,HLA-A*03:01,1,0,0,0
CHGA_L9C_T17C,MHCflurry,with_flanks,signal_or_junction,HLA-A*03:01,2,0,0,0
CHGA_L9C_T17C,MHCflurry,with_flanks,signal_or_junction,HLA-B*40:01,0.5,0,0,0
CHGA_L9C_T17C,MHCflurry,with_flanks,signal_or_junction,HLA-B*40:01,1,0,0,0
CHGA_L9C_T17C,MHCflurry,with_flanks,signal_or_junction,HLA-B*40:01,2,0,0,0
CHGA_L9C_T17C,MHCflurry,with_flanks,signal_or_junction,HLA-B*49:01,0.5,0,0,0
CHGA_L9C_T17C,MHCflurry,with_flanks,signal_or_junction,HLA-B*49:01,1,0,0,0
CHGA_L9C_T17C,MHCflurry,with_flanks,signal_or_junction,HLA-B*49:01,2,0,0,0
CHGA_L9C_T17C,MHCflurry,with_flanks,signal_or_junction,HLA-C*03:04,0.5,5,3,-2
CHGA_L9C_T17C,MHCflurry,with_flanks,signal_or_junction,HLA-C*03:04,1,9,4,-5
CHGA_L9C_T17C,MHCflurry,with_flanks,signal_or_junction,HLA-C*03:04,2,11,7,-4
CHGA_L9C_T17C,MHCflurry,with_flanks,signal_or_junction,HLA-C*07:01,0.5,4,0,-4
CHGA_L9C_T17C,MHCflurry,with_flanks,signal_or_junction,HLA-C*07:01,1,6,2,-4
CHGA_L9C_T17C,MHCflurry,with_flanks,signal_or_junction,HLA-C*07:01,2,8,4,-4
CHGA_L9C_T17G,NetMHC,with_flanks,signal_or_junction,HLA-A*02:01,0.5,0,0,0
CHGA_L9C_T17G,NetMHC,with_flanks,signal_or_junction,HLA-A*02:01,1,0,0,0
CHGA_L9C_T17G,NetMHC,with_flanks,signal_or_junction,HLA-A*02:01,2,4,0,-4
CHGA_L9C_T17G,NetMHC,with_flanks,signal_or_junction,HLA-A*24:02,0.5,0,0,0
CHGA_L9C_T17G,NetMHC,with_flanks,signal_or_junction,HLA-A*24:02,1,0,0,0
CHGA_L9C_T17G,NetMHC,with_flanks,signal_or_junction,HLA-A*24:02,2,0,0,0
CHGA_L9C_T17G,NetMHC,with_flanks,signal_or_junction,HLA-A*03:01,0.5,0,0,0
CHGA_L9C_T17G,NetMHC,with_flanks,signal_or_junction,HLA-A*03:01,1,0,0,0
CHGA_L9C_T17G,NetMHC,with_flanks,signal_or_junction,HLA-A*03:01,2,0,0,0
CHGA_L9C_T17G,NetMHC,with_flanks,signal_or_junction,HLA-B*40:01,0.5,0,0,0
CHGA_L9C_T17G,NetMHC,with_flanks,signal_or_junction,HLA-B*40:01,1,0,0,0
CHGA_L9C_T17G,NetMHC,with_flanks,signal_or_junction,HLA-B*40:01,2,0,0,0
CHGA_L9C_T17G,NetMHC,with_flanks,signal_or_junction,HLA-B*49:01,0.5,0,0,0
CHGA_L9C_T17G,NetMHC,with_flanks,signal_or_junction,HLA-B*49:01,1,0,0,0
CHGA_L9C_T17G,NetMHC,with_flanks,signal_or_junction,HLA-B*49:01,2,0,0,0
CHGA_L9C_T17G,NetMHC,with_flanks,signal_or_junction,HLA-C*03:04,0.5,3,0,-3
CHGA_L9C_T17G,NetMHC,with_flanks,signal_or_junction,HLA-C*03:04,1,6,3,-3
CHGA_L9C_T17G,NetMHC,with_flanks,signal_or_junction,HLA-C*03:04,2,8,5,-3
CHGA_L9C_T17G,NetMHC,with_flanks,signal_or_junction,HLA-C*07:01,0.5,1,0,-1
CHGA_L9C_T17G,NetMHC,with_flanks,signal_or_junction,HLA-C*07:01,1,2,0,-2
CHGA_L9C_T17G,NetMHC,with_flanks,signal_or_junction,HLA-C*07:01,2,5,3,-2
CHGA_L9C_T17G,MHCflurry,with_flanks,signal_or_junction,HLA-A*02:01,0.5,0,0,0
CHGA_L9C_T17G,MHCflurry,with_flanks,signal_or_junction,HLA-A*02:01,1,4,1,-3
CHGA_L9C_T17G,MHCflurry,with_flanks,signal_or_junction,HLA-A*02:01,2,6,4,-2
CHGA_L9C_T17G,MHCflurry,with_flanks,signal_or_junction,HLA-A*24:02,0.5,0,0,0
CHGA_L9C_T17G,MHCflurry,with_flanks,signal_or_junction,HLA-A*24:02,1,0,0,0
CHGA_L9C_T17G,MHCflurry,with_flanks,signal_or_junction,HLA-A*24:02,2,2,0,-2
CHGA_L9C_T17G,MHCflurry,with_flanks,signal_or_junction,HLA-A*03:01,0.5,0,0,0
CHGA_L9C_T17G,MHCflurry,with_flanks,signal_or_junction,HLA-A*03:01,1,0,0,0
CHGA_L9C_T17G,MHCflurry,with_flanks,signal_or_junction,HLA-A*03:01,2,0,0,0
CHGA_L9C_T17G,MHCflurry,with_flanks,signal_or_junction,HLA-B*40:01,0.5,0,0,0
CHGA_L9C_T17G,MHCflurry,with_flanks,signal_or_junction,HLA-B*40:01,1,0,0,0
CHGA_L9C_T17G,MHCflurry,with_flanks,signal_or_junction,HLA-B*40:01,2,0,0,0
CHGA_L9C_T17G,MHCflurry,with_flanks,signal_or_junction,HLA-B*49:01,0.5,0,0,0
CHGA_L9C_T17G,MHCflurry,with_flanks,signal_or_junction,HLA-B*49:01,1,0,0,0
CHGA_L9C_T17G,MHCflurry,with_flanks,signal_or_junction,HLA-B*49:01,2,0,0,0
CHGA_L9C_T17G,MHCflurry,with_flanks,signal_or_junction,HLA-C*03:04,0.5,5,2,-3
CHGA_L9C_T17G,MHCflurry,with_flanks,signal_or_junction,HLA-C*03:04,1,9,5,-4
CHGA_L9C_T17G,MHCflurry,with_flanks,signal_or_junction,HLA-C*03:04,2,11,7,-4
CHGA_L9C_T17G,MHCflurry,with_flanks,signal_or_junction,HLA-C*07:01,0.5,4,0,-4
CHGA_L9C_T17G,MHCflurry,with_flanks,signal_or_junction,HLA-C*07:01,1,6,2,-4
CHGA_L9C_T17G,MHCflurry,with_flanks,signal_or_junction,HLA-C*07:01,2,8,5,-3
CHGA_L9C_T17D,NetMHC,with_flanks,signal_or_junction,HLA-A*02:01,0.5,0,0,0
CHGA_L9C_T17D,NetMHC,with_flanks,signal_or_junction,HLA-A*02:01,1,0,0,0
CHGA_L9C_T17D,NetMHC,with_flanks,signal_or_junction,HLA-A*02:01,2,4,1,-3
CHGA_L9C_T17D,NetMHC,with_flanks,signal_or_junction,HLA-A*24:02,0.5,0,0,0
CHGA_L9C_T17D,NetMHC,with_flanks,signal_or_junction,HLA-A*24:02,1,0,0,0
CHGA_L9C_T17D,NetMHC,with_flanks,signal_or_junction,HLA-A*24:02,2,0,0,0
CHGA_L9C_T17D,NetMHC,with_flanks,signal_or_junction,HLA-A*03:01,0.5,0,0,0
CHGA_L9C_T17D,NetMHC,with_flanks,signal_or_junction,HLA-A*03:01,1,0,0,0
CHGA_L9C_T17D,NetMHC,with_flanks,signal_or_junction,HLA-A*03:01,2,0,0,0
CHGA_L9C_T17D,NetMHC,with_flanks,signal_or_junction,HLA-B*40:01,0.5,0,0,0
CHGA_L9C_T17D,NetMHC,with_flanks,signal_or_junction,HLA-B*40:01,1,0,0,0
CHGA_L9C_T17D,NetMHC,with_flanks,signal_or_junction,HLA-B*40:01,2,0,2,2
CHGA_L9C_T17D,NetMHC,with_flanks,signal_or_junction,HLA-B*49:01,0.5,0,0,0
CHGA_L9C_T17D,NetMHC,with_flanks,signal_or_junction,HLA-B*49:01,1,0,0,0
CHGA_L9C_T17D,NetMHC,with_flanks,signal_or_junction,HLA-B*49:01,2,0,1,1
CHGA_L9C_T17D,NetMHC,with_flanks,signal_or_junction,HLA-C*03:04,0.5,3,0,-3
CHGA_L9C_T17D,NetMHC,with_flanks,signal_or_junction,HLA-C*03:04,1,6,1,-5
CHGA_L9C_T17D,NetMHC,with_flanks,signal_or_junction,HLA-C*03:04,2,8,3,-5
CHGA_L9C_T17D,NetMHC,with_flanks,signal_or_junction,HLA-C*07:01,0.5,1,0,-1
CHGA_L9C_T17D,NetMHC,with_flanks,signal_or_junction,HLA-C*07:01,1,2,0,-2
CHGA_L9C_T17D,NetMHC,with_flanks,signal_or_junction,HLA-C*07:01,2,5,3,-2
CHGA_L9C_T17D,MHCflurry,with_flanks,signal_or_junction,HLA-A*02:01,0.5,0,0,0
CHGA_L9C_T17D,MHCflurry,with_flanks,signal_or_junction,HLA-A*02:01,1,4,1,-3
CHGA_L9C_T17D,MHCflurry,with_flanks,signal_or_junction,HLA-A*02:01,2,6,3,-3
CHGA_L9C_T17D,MHCflurry,with_flanks,signal_or_junction,HLA-A*24:02,0.5,0,0,0
CHGA_L9C_T17D,MHCflurry,with_flanks,signal_or_junction,HLA-A*24:02,1,0,0,0
CHGA_L9C_T17D,MHCflurry,with_flanks,signal_or_junction,HLA-A*24:02,2,2,0,-2
CHGA_L9C_T17D,MHCflurry,with_flanks,signal_or_junction,HLA-A*03:01,0.5,0,0,0
CHGA_L9C_T17D,MHCflurry,with_flanks,signal_or_junction,HLA-A*03:01,1,0,0,0
CHGA_L9C_T17D,MHCflurry,with_flanks,signal_or_junction,HLA-A*03:01,2,0,0,0
CHGA_L9C_T17D,MHCflurry,with_flanks,signal_or_junction,HLA-B*40:01,0.5,0,0,0
CHGA_L9C_T17D,MHCflurry,with_flanks,signal_or_junction,HLA-B*40:01,1,0,0,0
CHGA_L9C_T17D,MHCflurry,with_flanks,signal_or_junction,HLA-B*40:01,2,0,0,0
CHGA_L9C_T17D,MHCflurry,with_flanks,signal_or_junction,HLA-B*49:01,0.5,0,0,0
CHGA_L9C_T17D,MHCflurry,with_flanks,signal_or_junction,HLA-B*49:01,1,0,0,0
CHGA_L9C_T17D,MHCflurry,with_flanks,signal_or_junction,HLA-B*49:01,2,0,2,2
CHGA_L9C_T17D,MHCflurry,with_flanks,signal_or_junction,HLA-C*03:04,0.5,5,3,-2
CHGA_L9C_T17D,MHCflurry,with_flanks,signal_or_junction,HLA-C*03:04,1,9,4,-5
CHGA_L9C_T17D,MHCflurry,with_flanks,signal_or_junction,HLA-C*03:04,2,11,7,-4
CHGA_L9C_T17D,MHCflurry,with_flanks,signal_or_junction,HLA-C*07:01,0.5,4,0,-4
CHGA_L9C_T17D,MHCflurry,with_flanks,signal_or_junction,HLA-C*07:01,1,6,2,-4
CHGA_L9C_T17D,MHCflurry,with_flanks,signal_or_junction,HLA-C*07:01,2,8,5,-3
CHGA_L9C_T17P,NetMHC,with_flanks,signal_or_junction,HLA-A*02:01,0.5,0,0,0
CHGA_L9C_T17P,NetMHC,with_flanks,signal_or_junction,HLA-A*02:01,1,0,0,0
CHGA_L9C_T17P,NetMHC,with_flanks,signal_or_junction,HLA-A*02:01,2,4,0,-4
CHGA_L9C_T17P,NetMHC,with_flanks,signal_or_junction,HLA-A*24:02,0.5,0,0,0
CHGA_L9C_T17P,NetMHC,with_flanks,signal_or_junction,HLA-A*24:02,1,0,0,0
CHGA_L9C_T17P,NetMHC,with_flanks,signal_or_junction,HLA-A*24:02,2,0,0,0
CHGA_L9C_T17P,NetMHC,with_flanks,signal_or_junction,HLA-A*03:01,0.5,0,0,0
CHGA_L9C_T17P,NetMHC,with_flanks,signal_or_junction,HLA-A*03:01,1,0,0,0
CHGA_L9C_T17P,NetMHC,with_flanks,signal_or_junction,HLA-A*03:01,2,0,0,0
CHGA_L9C_T17P,NetMHC,with_flanks,signal_or_junction,HLA-B*40:01,0.5,0,0,0
CHGA_L9C_T17P,NetMHC,with_flanks,signal_or_junction,HLA-B*40:01,1,0,0,0
CHGA_L9C_T17P,NetMHC,with_flanks,signal_or_junction,HLA-B*40:01,2,0,1,1
CHGA_L9C_T17P,NetMHC,with_flanks,signal_or_junction,HLA-B*49:01,0.5,0,0,0
CHGA_L9C_T17P,NetMHC,with_flanks,signal_or_junction,HLA-B*49:01,1,0,0,0
CHGA_L9C_T17P,NetMHC,with_flanks,signal_or_junction,HLA-B*49:01,2,0,0,0
CHGA_L9C_T17P,NetMHC,with_flanks,signal_or_junction,HLA-C*03:04,0.5,3,0,-3
CHGA_L9C_T17P,NetMHC,with_flanks,signal_or_junction,HLA-C*03:04,1,6,2,-4
CHGA_L9C_T17P,NetMHC,with_flanks,signal_or_junction,HLA-C*03:04,2,8,5,-3
CHGA_L9C_T17P,NetMHC,with_flanks,signal_or_junction,HLA-C*07:01,0.5,1,0,-1
CHGA_L9C_T17P,NetMHC,with_flanks,signal_or_junction,HLA-C*07:01,1,2,0,-2
CHGA_L9C_T17P,NetMHC,with_flanks,signal_or_junction,HLA-C*07:01,2,5,3,-2
CHGA_L9C_T17P,MHCflurry,with_flanks,signal_or_junction,HLA-A*02:01,0.5,0,0,0
CHGA_L9C_T17P,MHCflurry,with_flanks,signal_or_junction,HLA-A*02:01,1,4,1,-3
CHGA_L9C_T17P,MHCflurry,with_flanks,signal_or_junction,HLA-A*02:01,2,6,4,-2
CHGA_L9C_T17P,MHCflurry,with_flanks,signal_or_junction,HLA-A*24:02,0.5,0,0,0
CHGA_L9C_T17P,MHCflurry,with_flanks,signal_or_junction,HLA-A*24:02,1,0,0,0
CHGA_L9C_T17P,MHCflurry,with_flanks,signal_or_junction,HLA-A*24:02,2,2,0,-2
CHGA_L9C_T17P,MHCflurry,with_flanks,signal_or_junction,HLA-A*03:01,0.5,0,0,0
CHGA_L9C_T17P,MHCflurry,with_flanks,signal_or_junction,HLA-A*03:01,1,0,0,0
CHGA_L9C_T17P,MHCflurry,with_flanks,signal_or_junction,HLA-A*03:01,2,0,1,1
CHGA_L9C_T17P,MHCflurry,with_flanks,signal_or_junction,HLA-B*40:01,0.5,0,0,0
CHGA_L9C_T17P,MHCflurry,with_flanks,signal_or_junction,HLA-B*40:01,1,0,0,0
CHGA_L9C_T17P,MHCflurry,with_flanks,signal_or_junction,HLA-B*40:01,2,0,0,0
CHGA_L9C_T17P,MHCflurry,with_flanks,signal_or_junction,HLA-B*49:01,0.5,0,0,0
CHGA_L9C_T17P,MHCflurry,with_flanks,signal_or_junction,HLA-B*49:01,1,0,0,0
CHGA_L9C_T17P,MHCflurry,with_flanks,signal_or_junction,HLA-B*49:01,2,0,1,1
CHGA_L9C_T17P,MHCflurry,with_flanks,signal_or_junction,HLA-C*03:04,0.5,5,2,-3
CHGA_L9C_T17P,MHCflurry,with_flanks,signal_or_junction,HLA-C*03:04,1,9,5,-4
CHGA_L9C_T17P,MHCflurry,with_flanks,signal_or_junction,HLA-C*03:04,2,11,10,-1
CHGA_L9C_T17P,MHCflurry,with_flanks,signal_or_junction,HLA-C*07:01,0.5,4,0,-4
CHGA_L9C_T17P,MHCflurry,with_flanks,signal_or_junction,HLA-C*07:01,1,6,2,-4
CHGA_L9C_T17P,MHCflurry,with_flanks,signal_or_junction,HLA-C*07:01,2,8,5,-3
CHGA_L9G_T17C,NetMHC,with_flanks,signal_or_junction,HLA-A*02:01,0.5,0,0,0
CHGA_L9G_T17C,NetMHC,with_flanks,signal_or_junction,HLA-A*02:01,1,0,0,0
CHGA_L9G_T17C,NetMHC,with_flanks,signal_or_junction,HLA-A*02:01,2,4,2,-2
CHGA_L9G_T17C,NetMHC,with_flanks,signal_or_junction,HLA-A*24:02,0.5,0,0,0
CHGA_L9G_T17C,NetMHC,with_flanks,signal_or_junction,HLA-A*24:02,1,0,0,0
CHGA_L9G_T17C,NetMHC,with_flanks,signal_or_junction,HLA-A*24:02,2,0,0,0
CHGA_L9G_T17C,NetMHC,with_flanks,signal_or_junction,HLA-A*03:01,0.5,0,0,0
CHGA_L9G_T17C,NetMHC,with_flanks,signal_or_junction,HLA-A*03:01,1,0,0,0
CHGA_L9G_T17C,NetMHC,with_flanks,signal_or_junction,HLA-A*03:01,2,0,0,0
CHGA_L9G_T17C,NetMHC,with_flanks,signal_or_junction,HLA-B*40:01,0.5,0,0,0
CHGA_L9G_T17C,NetMHC,with_flanks,signal_or_junction,HLA-B*40:01,1,0,0,0
CHGA_L9G_T17C,NetMHC,with_flanks,signal_or_junction,HLA-B*40:01,2,0,0,0
CHGA_L9G_T17C,NetMHC,with_flanks,signal_or_junction,HLA-B*49:01,0.5,0,0,0
CHGA_L9G_T17C,NetMHC,with_flanks,signal_or_junction,HLA-B*49:01,1,0,0,0
CHGA_L9G_T17C,NetMHC,with_flanks,signal_or_junction,HLA-B*49:01,2,0,0,0
CHGA_L9G_T17C,NetMHC,with_flanks,signal_or_junction,HLA-C*03:04,0.5,3,0,-3
CHGA_L9G_T17C,NetMHC,with_flanks,signal_or_junction,HLA-C*03:04,1,6,3,-3
CHGA_L9G_T17C,NetMHC,with_flanks,signal_or_junction,HLA-C*03:04,2,8,6,-2
CHGA_L9G_T17C,NetMHC,with_flanks,signal_or_junction,HLA-C*07:01,0.5,1,0,-1
CHGA_L9G_T17C,NetMHC,with_flanks,signal_or_junction,HLA-C*07:01,1,2,0,-2
CHGA_L9G_T17C,NetMHC,with_flanks,signal_or_junction,HLA-C*07:01,2,5,2,-3
CHGA_L9G_T17C,MHCflurry,with_flanks,signal_or_junction,HLA-A*02:01,0.5,0,1,1
CHGA_L9G_T17C,MHCflurry,with_flanks,signal_or_junction,HLA-A*02:01,1,4,2,-2
CHGA_L9G_T17C,MHCflurry,with_flanks,signal_or_junction,HLA-A*02:01,2,6,4,-2
CHGA_L9G_T17C,MHCflurry,with_flanks,signal_or_junction,HLA-A*24:02,0.5,0,0,0
CHGA_L9G_T17C,MHCflurry,with_flanks,signal_or_junction,HLA-A*24:02,1,0,0,0
CHGA_L9G_T17C,MHCflurry,with_flanks,signal_or_junction,HLA-A*24:02,2,2,0,-2
CHGA_L9G_T17C,MHCflurry,with_flanks,signal_or_junction,HLA-A*03:01,0.5,0,0,0
CHGA_L9G_T17C,MHCflurry,with_flanks,signal_or_junction,HLA-A*03:01,1,0,0,0
CHGA_L9G_T17C,MHCflurry,with_flanks,signal_or_junction,HLA-A*03:01,2,0,0,0
CHGA_L9G_T17C,MHCflurry,with_flanks,signal_or_junction,HLA-B*40:01,0.5,0,0,0
CHGA_L9G_T17C,MHCflurry,with_flanks,signal_or_junction,HLA-B*40:01,1,0,0,0
CHGA_L9G_T17C,MHCflurry,with_flanks,signal_or_junction,HLA-B*40:01,2,0,0,0
CHGA_L9G_T17C,MHCflurry,with_flanks,signal_or_junction,HLA-B*49:01,0.5,0,0,0
CHGA_L9G_T17C,MHCflurry,with_flanks,signal_or_junction,HLA-B*49:01,1,0,0,0
CHGA_L9G_T17C,MHCflurry,with_flanks,signal_or_junction,HLA-B*49:01,2,0,0,0
CHGA_L9G_T17C,MHCflurry,with_flanks,signal_or_junction,HLA-C*03:04,0.5,5,2,-3
CHGA_L9G_T17C,MHCflurry,with_flanks,signal_or_junction,HLA-C*03:04,1,9,3,-6
CHGA_L9G_T17C,MHCflurry,with_flanks,signal_or_junction,HLA-C*03:04,2,11,8,-3
CHGA_L9G_T17C,MHCflurry,with_flanks,signal_or_junction,HLA-C*07:01,0.5,4,0,-4
CHGA_L9G_T17C,MHCflurry,with_flanks,signal_or_junction,HLA-C*07:01,1,6,2,-4
CHGA_L9G_T17C,MHCflurry,with_flanks,signal_or_junction,HLA-C*07:01,2,8,3,-5
CHGA_L9G_T17G,NetMHC,with_flanks,signal_or_junction,HLA-A*02:01,0.5,0,0,0
CHGA_L9G_T17G,NetMHC,with_flanks,signal_or_junction,HLA-A*02:01,1,0,0,0
CHGA_L9G_T17G,NetMHC,with_flanks,signal_or_junction,HLA-A*02:01,2,4,2,-2
CHGA_L9G_T17G,NetMHC,with_flanks,signal_or_junction,HLA-A*24:02,0.5,0,0,0
CHGA_L9G_T17G,NetMHC,with_flanks,signal_or_junction,HLA-A*24:02,1,0,0,0
CHGA_L9G_T17G,NetMHC,with_flanks,signal_or_junction,HLA-A*24:02,2,0,0,0
CHGA_L9G_T17G,NetMHC,with_flanks,signal_or_junction,HLA-A*03:01,0.5,0,0,0
CHGA_L9G_T17G,NetMHC,with_flanks,signal_or_junction,HLA-A*03:01,1,0,0,0
CHGA_L9G_T17G,NetMHC,with_flanks,signal_or_junction,HLA-A*03:01,2,0,0,0
CHGA_L9G_T17G,NetMHC,with_flanks,signal_or_junction,HLA-B*40:01,0.5,0,0,0
CHGA_L9G_T17G,NetMHC,with_flanks,signal_or_junction,HLA-B*40:01,1,0,0,0
CHGA_L9G_T17G,NetMHC,with_flanks,signal_or_junction,HLA-B*40:01,2,0,0,0
CHGA_L9G_T17G,NetMHC,with_flanks,signal_or_junction,HLA-B*49:01,0.5,0,0,0
CHGA_L9G_T17G,NetMHC,with_flanks,signal_or_junction,HLA-B*49:01,1,0,0,0
CHGA_L9G_T17G,NetMHC,with_flanks,signal_or_junction,HLA-B*49:01,2,0,0,0
CHGA_L9G_T17G,NetMHC,with_flanks,signal_or_junction,HLA-C*03:04,0.5,3,0,-3
CHGA_L9G_T17G,NetMHC,with_flanks,signal_or_junction,HLA-C*03:04,1,6,4,-2
CHGA_L9G_T17G,NetMHC,with_flanks,signal_or_junction,HLA-C*03:04,2,8,6,-2
CHGA_L9G_T17G,NetMHC,with_flanks,signal_or_junction,HLA-C*07:01,0.5,1,0,-1
CHGA_L9G_T17G,NetMHC,with_flanks,signal_or_junction,HLA-C*07:01,1,2,0,-2
CHGA_L9G_T17G,NetMHC,with_flanks,signal_or_junction,HLA-C*07:01,2,5,2,-3
CHGA_L9G_T17G,MHCflurry,with_flanks,signal_or_junction,HLA-A*02:01,0.5,0,1,1
CHGA_L9G_T17G,MHCflurry,with_flanks,signal_or_junction,HLA-A*02:01,1,4,2,-2
CHGA_L9G_T17G,MHCflurry,with_flanks,signal_or_junction,HLA-A*02:01,2,6,5,-1
CHGA_L9G_T17G,MHCflurry,with_flanks,signal_or_junction,HLA-A*24:02,0.5,0,0,0
CHGA_L9G_T17G,MHCflurry,with_flanks,signal_or_junction,HLA-A*24:02,1,0,0,0
CHGA_L9G_T17G,MHCflurry,with_flanks,signal_or_junction,HLA-A*24:02,2,2,0,-2
CHGA_L9G_T17G,MHCflurry,with_flanks,signal_or_junction,HLA-A*03:01,0.5,0,0,0
CHGA_L9G_T17G,MHCflurry,with_flanks,signal_or_junction,HLA-A*03:01,1,0,0,0
CHGA_L9G_T17G,MHCflurry,with_flanks,signal_or_junction,HLA-A*03:01,2,0,0,0
CHGA_L9G_T17G,MHCflurry,with_flanks,signal_or_junction,HLA-B*40:01,0.5,0,0,0
CHGA_L9G_T17G,MHCflurry,with_flanks,signal_or_junction,HLA-B*40:01,1,0,0,0
CHGA_L9G_T17G,MHCflurry,with_flanks,signal_or_junction,HLA-B*40:01,2,0,0,0
CHGA_L9G_T17G,MHCflurry,with_flanks,signal_or_junction,HLA-B*49:01,0.5,0,0,0
CHGA_L9G_T17G,MHCflurry,with_flanks,signal_or_junction,HLA-B*49:01,1,0,0,0
CHGA_L9G_T17G,MHCflurry,with_flanks,signal_or_junction,HLA-B*49:01,2,0,0,0
CHGA_L9G_T17G,MHCflurry,with_flanks,signal_or_junction,HLA-C*03:04,0.5,5,1,-4
CHGA_L9G_T17G,MHCflurry,with_flanks,signal_or_junction,HLA-C*03:04,1,9,4,-5
CHGA_L9G_T17G,MHCflurry,with_flanks,signal_or_junction,HLA-C*03:04,2,11,8,-3
CHGA_L9G_T17G,MHCflurry,with_flanks,signal_or_junction,HLA-C*07:01,0.5,4,0,-4
CHGA_L9G_T17G,MHCflurry,with_flanks,signal_or_junction,HLA-C*07:01,1,6,2,-4
CHGA_L9G_T17G,MHCflurry,with_flanks,signal_or_junction,HLA-C*07:01,2,8,4,-4
CHGA_L9G_T17D,NetMHC,with_flanks,signal_or_junction,HLA-A*02:01,0.5,0,0,0
CHGA_L9G_T17D,NetMHC,with_flanks,signal_or_junction,HLA-A*02:01,1,0,0,0
CHGA_L9G_T17D,NetMHC,with_flanks,signal_or_junction,HLA-A*02:01,2,4,3,-1
CHGA_L9G_T17D,NetMHC,with_flanks,signal_or_junction,HLA-A*24:02,0.5,0,0,0
CHGA_L9G_T17D,NetMHC,with_flanks,signal_or_junction,HLA-A*24:02,1,0,0,0
CHGA_L9G_T17D,NetMHC,with_flanks,signal_or_junction,HLA-A*24:02,2,0,0,0
CHGA_L9G_T17D,NetMHC,with_flanks,signal_or_junction,HLA-A*03:01,0.5,0,0,0
CHGA_L9G_T17D,NetMHC,with_flanks,signal_or_junction,HLA-A*03:01,1,0,0,0
CHGA_L9G_T17D,NetMHC,with_flanks,signal_or_junction,HLA-A*03:01,2,0,0,0
CHGA_L9G_T17D,NetMHC,with_flanks,signal_or_junction,HLA-B*40:01,0.5,0,0,0
CHGA_L9G_T17D,NetMHC,with_flanks,signal_or_junction,HLA-B*40:01,1,0,0,0
CHGA_L9G_T17D,NetMHC,with_flanks,signal_or_junction,HLA-B*40:01,2,0,2,2
CHGA_L9G_T17D,NetMHC,with_flanks,signal_or_junction,HLA-B*49:01,0.5,0,0,0
CHGA_L9G_T17D,NetMHC,with_flanks,signal_or_junction,HLA-B*49:01,1,0,0,0
CHGA_L9G_T17D,NetMHC,with_flanks,signal_or_junction,HLA-B*49:01,2,0,1,1
CHGA_L9G_T17D,NetMHC,with_flanks,signal_or_junction,HLA-C*03:04,0.5,3,0,-3
CHGA_L9G_T17D,NetMHC,with_flanks,signal_or_junction,HLA-C*03:04,1,6,2,-4
CHGA_L9G_T17D,NetMHC,with_flanks,signal_or_junction,HLA-C*03:04,2,8,4,-4
CHGA_L9G_T17D,NetMHC,with_flanks,signal_or_junction,HLA-C*07:01,0.5,1,0,-1
CHGA_L9G_T17D,NetMHC,with_flanks,signal_or_junction,HLA-C*07:01,1,2,0,-2
CHGA_L9G_T17D,NetMHC,with_flanks,signal_or_junction,HLA-C*07:01,2,5,2,-3
CHGA_L9G_T17D,MHCflurry,with_flanks,signal_or_junction,HLA-A*02:01,0.5,0,1,1
CHGA_L9G_T17D,MHCflurry,with_flanks,signal_or_junction,HLA-A*02:01,1,4,3,-1
CHGA_L9G_T17D,MHCflurry,with_flanks,signal_or_junction,HLA-A*02:01,2,6,3,-3
CHGA_L9G_T17D,MHCflurry,with_flanks,signal_or_junction,HLA-A*24:02,0.5,0,0,0
CHGA_L9G_T17D,MHCflurry,with_flanks,signal_or_junction,HLA-A*24:02,1,0,0,0
CHGA_L9G_T17D,MHCflurry,with_flanks,signal_or_junction,HLA-A*24:02,2,2,0,-2
CHGA_L9G_T17D,MHCflurry,with_flanks,signal_or_junction,HLA-A*03:01,0.5,0,0,0
CHGA_L9G_T17D,MHCflurry,with_flanks,signal_or_junction,HLA-A*03:01,1,0,0,0
CHGA_L9G_T17D,MHCflurry,with_flanks,signal_or_junction,HLA-A*03:01,2,0,0,0
CHGA_L9G_T17D,MHCflurry,with_flanks,signal_or_junction,HLA-B*40:01,0.5,0,0,0
CHGA_L9G_T17D,MHCflurry,with_flanks,signal_or_junction,HLA-B*40:01,1,0,0,0
CHGA_L9G_T17D,MHCflurry,with_flanks,signal_or_junction,HLA-B*40:01,2,0,0,0
CHGA_L9G_T17D,MHCflurry,with_flanks,signal_or_junction,HLA-B*49:01,0.5,0,0,0
CHGA_L9G_T17D,MHCflurry,with_flanks,signal_or_junction,HLA-B*49:01,1,0,1,1
CHGA_L9G_T17D,MHCflurry,with_flanks,signal_or_junction,HLA-B*49:01,2,0,2,2
CHGA_L9G_T17D,MHCflurry,with_flanks,signal_or_junction,HLA-C*03:04,0.5,5,2,-3
CHGA_L9G_T17D,MHCflurry,with_flanks,signal_or_junction,HLA-C*03:04,1,9,3,-6
CHGA_L9G_T17D,MHCflurry,with_flanks,signal_or_junction,HLA-C*03:04,2,11,8,-3
CHGA_L9G_T17D,MHCflurry,with_flanks,signal_or_junction,HLA-C*07:01,0.5,4,0,-4
CHGA_L9G_T17D,MHCflurry,with_flanks,signal_or_junction,HLA-C*07:01,1,6,2,-4
CHGA_L9G_T17D,MHCflurry,with_flanks,signal_or_junction,HLA-C*07:01,2,8,4,-4
CHGA_L9G_T17P,NetMHC,with_flanks,signal_or_junction,HLA-A*02:01,0.5,0,0,0
CHGA_L9G_T17P,NetMHC,with_flanks,signal_or_junction,HLA-A*02:01,1,0,0,0
CHGA_L9G_T17P,NetMHC,with_flanks,signal_or_junction,HLA-A*02:01,2,4,2,-2
CHGA_L9G_T17P,NetMHC,with_flanks,signal_or_junction,HLA-A*24:02,0.5,0,0,0
CHGA_L9G_T17P,NetMHC,with_flanks,signal_or_junction,HLA-A*24:02,1,0,0,0
CHGA_L9G_T17P,NetMHC,with_flanks,signal_or_junction,HLA-A*24:02,2,0,0,0
CHGA_L9G_T17P,NetMHC,with_flanks,signal_or_junction,HLA-A*03:01,0.5,0,0,0
CHGA_L9G_T17P,NetMHC,with_flanks,signal_or_junction,HLA-A*03:01,1,0,0,0
CHGA_L9G_T17P,NetMHC,with_flanks,signal_or_junction,HLA-A*03:01,2,0,0,0
CHGA_L9G_T17P,NetMHC,with_flanks,signal_or_junction,HLA-B*40:01,0.5,0,0,0
CHGA_L9G_T17P,NetMHC,with_flanks,signal_or_junction,HLA-B*40:01,1,0,0,0
CHGA_L9G_T17P,NetMHC,with_flanks,signal_or_junction,HLA-B*40:01,2,0,1,1
CHGA_L9G_T17P,NetMHC,with_flanks,signal_or_junction,HLA-B*49:01,0.5,0,0,0
CHGA_L9G_T17P,NetMHC,with_flanks,signal_or_junction,HLA-B*49:01,1,0,0,0
CHGA_L9G_T17P,NetMHC,with_flanks,signal_or_junction,HLA-B*49:01,2,0,0,0
CHGA_L9G_T17P,NetMHC,with_flanks,signal_or_junction,HLA-C*03:04,0.5,3,0,-3
CHGA_L9G_T17P,NetMHC,with_flanks,signal_or_junction,HLA-C*03:04,1,6,3,-3
CHGA_L9G_T17P,NetMHC,with_flanks,signal_or_junction,HLA-C*03:04,2,8,6,-2
CHGA_L9G_T17P,NetMHC,with_flanks,signal_or_junction,HLA-C*07:01,0.5,1,0,-1
CHGA_L9G_T17P,NetMHC,with_flanks,signal_or_junction,HLA-C*07:01,1,2,0,-2
CHGA_L9G_T17P,NetMHC,with_flanks,signal_or_junction,HLA-C*07:01,2,5,2,-3
CHGA_L9G_T17P,MHCflurry,with_flanks,signal_or_junction,HLA-A*02:01,0.5,0,1,1
CHGA_L9G_T17P,MHCflurry,with_flanks,signal_or_junction,HLA-A*02:01,1,4,3,-1
CHGA_L9G_T17P,MHCflurry,with_flanks,signal_or_junction,HLA-A*02:01,2,6,5,-1
CHGA_L9G_T17P,MHCflurry,with_flanks,signal_or_junction,HLA-A*24:02,0.5,0,0,0
CHGA_L9G_T17P,MHCflurry,with_flanks,signal_or_junction,HLA-A*24:02,1,0,0,0
CHGA_L9G_T17P,MHCflurry,with_flanks,signal_or_junction,HLA-A*24:02,2,2,0,-2
CHGA_L9G_T17P,MHCflurry,with_flanks,signal_or_junction,HLA-A*03:01,0.5,0,0,0
CHGA_L9G_T17P,MHCflurry,with_flanks,signal_or_junction,HLA-A*03:01,1,0,0,0
CHGA_L9G_T17P,MHCflurry,with_flanks,signal_or_junction,HLA-A*03:01,2,0,1,1
CHGA_L9G_T17P,MHCflurry,with_flanks,signal_or_junction,HLA-B*40:01,0.5,0,0,0
CHGA_L9G_T17P,MHCflurry,with_flanks,signal_or_junction,HLA-B*40:01,1,0,0,0
CHGA_L9G_T17P,MHCflurry,with_flanks,signal_or_junction,HLA-B*40:01,2,0,0,0
CHGA_L9G_T17P,MHCflurry,with_flanks,signal_or_junction,HLA-B*49:01,0.5,0,0,0
CHGA_L9G_T17P,MHCflurry,with_flanks,signal_or_junction,HLA-B*49:01,1,0,0,0
CHGA_L9G_T17P,MHCflurry,with_flanks,signal_or_junction,HLA-B*49:01,2,0,1,1
CHGA_L9G_T17P,MHCflurry,with_flanks,signal_or_junction,HLA-C*03:04,0.5,5,1,-4
CHGA_L9G_T17P,MHCflurry,with_flanks,signal_or_junction,HLA-C*03:04,1,9,4,-5
CHGA_L9G_T17P,MHCflurry,with_flanks,signal_or_junction,HLA-C*03:04,2,11,11,0
CHGA_L9G_T17P,MHCflurry,with_flanks,signal_or_junction,HLA-C*07:01,0.5,4,0,-4
CHGA_L9G_T17P,MHCflurry,with_flanks,signal_or_junction,HLA-C*07:01,1,6,2,-4
CHGA_L9G_T17P,MHCflurry,with_flanks,signal_or_junction,HLA-C*07:01,2,8,4,-4
CHGA_baseline,NetMHC,with_flanks,full_precursor,HLA-A*02:01,0.5,2,2,0
CHGA_baseline,NetMHC,with_flanks,full_precursor,HLA-A*02:01,1,5,5,0
CHGA_baseline,NetMHC,with_flanks,full_precursor,HLA-A*02:01,2,12,12,0
CHGA_baseline,NetMHC,with_flanks,full_precursor,HLA-A*24:02,0.5,1,1,0
CHGA_baseline,NetMHC,with_flanks,full_precursor,HLA-A*24:02,1,2,2,0
CHGA_baseline,NetMHC,with_flanks,full_precursor,HLA-A*24:02,2,2,2,0
CHGA_baseline,NetMHC,with_flanks,full_precursor,HLA-A*03:01,0.5,0,0,0
CHGA_baseline,NetMHC,with_flanks,full_precursor,HLA-A*03:01,1,1,1,0
CHGA_baseline,NetMHC,with_flanks,full_precursor,HLA-A*03:01,2,6,6,0
CHGA_baseline,NetMHC,with_flanks,full_precursor,HLA-B*40:01,0.5,3,3,0
CHGA_baseline,NetMHC,with_flanks,full_precursor,HLA-B*40:01,1,6,6,0
CHGA_baseline,NetMHC,with_flanks,full_precursor,HLA-B*40:01,2,9,9,0
CHGA_baseline,NetMHC,with_flanks,full_precursor,HLA-B*49:01,0.5,5,5,0
CHGA_baseline,NetMHC,with_flanks,full_precursor,HLA-B*49:01,1,6,6,0
CHGA_baseline,NetMHC,with_flanks,full_precursor,HLA-B*49:01,2,9,9,0
CHGA_baseline,NetMHC,with_flanks,full_precursor,HLA-C*03:04,0.5,3,3,0
CHGA_baseline,NetMHC,with_flanks,full_precursor,HLA-C*03:04,1,8,8,0
CHGA_baseline,NetMHC,with_flanks,full_precursor,HLA-C*03:04,2,13,13,0
CHGA_baseline,NetMHC,with_flanks,full_precursor,HLA-C*07:01,0.5,1,1,0
CHGA_baseline,NetMHC,with_flanks,full_precursor,HLA-C*07:01,1,2,2,0
CHGA_baseline,NetMHC,with_flanks,full_precursor,HLA-C*07:01,2,8,8,0
CHGA_baseline,MHCflurry,with_flanks,full_precursor,HLA-A*02:01,0.5,1,1,0
CHGA_baseline,MHCflurry,with_flanks,full_precursor,HLA-A*02:01,1,5,5,0
CHGA_baseline,MHCflurry,with_flanks,full_precursor,HLA-A*02:01,2,11,11,0
CHGA_baseline,MHCflurry,with_flanks,full_precursor,HLA-A*24:02,0.5,0,0,0
CHGA_baseline,MHCflurry,with_flanks,full_precursor,HLA-A*24:02,1,2,2,0
CHGA_baseline,MHCflurry,with_flanks,full_precursor,HLA-A*24:02,2,5,5,0
CHGA_baseline,MHCflurry,with_flanks,full_precursor,HLA-A*03:01,0.5,0,0,0
CHGA_baseline,MHCflurry,with_flanks,full_precursor,HLA-A*03:01,1,1,1,0
CHGA_baseline,MHCflurry,with_flanks,full_precursor,HLA-A*03:01,2,5,5,0
CHGA_baseline,MHCflurry,with_flanks,full_precursor,HLA-B*40:01,0.5,4,4,0
CHGA_baseline,MHCflurry,with_flanks,full_precursor,HLA-B*40:01,1,5,5,0
CHGA_baseline,MHCflurry,with_flanks,full_precursor,HLA-B*40:01,2,7,7,0
CHGA_baseline,MHCflurry,with_flanks,full_precursor,HLA-B*49:01,0.5,5,5,0
CHGA_baseline,MHCflurry,with_flanks,full_precursor,HLA-B*49:01,1,7,7,0
CHGA_baseline,MHCflurry,with_flanks,full_precursor,HLA-B*49:01,2,11,11,0
CHGA_baseline,MHCflurry,with_flanks,full_precursor,HLA-C*03:04,0.5,5,5,0
CHGA_baseline,MHCflurry,with_flanks,full_precursor,HLA-C*03:04,1,11,11,0
CHGA_baseline,MHCflurry,with_flanks,full_precursor,HLA-C*03:04,2,21,21,0
CHGA_baseline,MHCflurry,with_flanks,full_precursor,HLA-C*07:01,0.5,5,5,0
CHGA_baseline,MHCflurry,with_flanks,full_precursor,HLA-C*07:01,1,7,7,0
CHGA_baseline,MHCflurry,with_flanks,full_precursor,HLA-C*07:01,2,12,12,0
CHGA_L9C,NetMHC,with_flanks,full_precursor,HLA-A*02:01,0.5,2,2,0
CHGA_L9C,NetMHC,with_flanks,full_precursor,HLA-A*02:01,1,5,5,0
CHGA_L9C,NetMHC,with_flanks,full_precursor,HLA-A*02:01,2,12,9,-3
CHGA_L9C,NetMHC,with_flanks,full_precursor,HLA-A*24:02,0.5,1,1,0
CHGA_L9C,NetMHC,with_flanks,full_precursor,HLA-A*24:02,1,2,2,0
CHGA_L9C,NetMHC,with_flanks,full_precursor,HLA-A*24:02,2,2,2,0
CHGA_L9C,NetMHC,with_flanks,full_precursor,HLA-A*03:01,0.5,0,0,0
CHGA_L9C,NetMHC,with_flanks,full_precursor,HLA-A*03:01,1,1,1,0
CHGA_L9C,NetMHC,with_flanks,full_precursor,HLA-A*03:01,2,6,6,0
CHGA_L9C,NetMHC,with_flanks,full_precursor,HLA-B*40:01,0.5,3,3,0
CHGA_L9C,NetMHC,with_flanks,full_precursor,HLA-B*40:01,1,6,6,0
CHGA_L9C,NetMHC,with_flanks,full_precursor,HLA-B*40:01,2,9,9,0
CHGA_L9C,NetMHC,with_flanks,full_precursor,HLA-B*49:01,0.5,5,5,0
CHGA_L9C,NetMHC,with_flanks,full_precursor,HLA-B*49:01,1,6,6,0
CHGA_L9C,NetMHC,with_flanks,full_precursor,HLA-B*49:01,2,9,9,0
CHGA_L9C,NetMHC,with_flanks,full_precursor,HLA-C*03:04,0.5,3,2,-1
CHGA_L9C,NetMHC,with_flanks,full_precursor,HLA-C*03:04,1,8,5,-3
CHGA_L9C,NetMHC,with_flanks,full_precursor,HLA-C*03:04,2,13,11,-2
CHGA_L9C,NetMHC,with_flanks,full_precursor,HLA-C*07:01,0.5,1,0,-1
CHGA_L9C,NetMHC,with_flanks,full_precursor,HLA-C*07:01,1,2,0,-2
CHGA_L9C,NetMHC,with_flanks,full_precursor,HLA-C*07:01,2,8,7,-1
CHGA_L9C,MHCflurry,with_flanks,full_precursor,HLA-A*02:01,0.5,1,1,0
CHGA_L9C,MHCflurry,with_flanks,full_precursor,HLA-A*02:01,1,5,3,-2
CHGA_L9C,MHCflurry,with_flanks,full_precursor,HLA-A*02:01,2,11,9,-2
CHGA_L9C,MHCflurry,with_flanks,full_precursor,HLA-A*24:02,0.5,0,0,0
CHGA_L9C,MHCflurry,with_flanks,full_precursor,HLA-A*24:02,1,2,2,0
CHGA_L9C,MHCflurry,with_flanks,full_precursor,HLA-A*24:02,2,5,4,-1
CHGA_L9C,MHCflurry,with_flanks,full_precursor,HLA-A*03:01,0.5,0,0,0
CHGA_L9C,MHCflurry,with_flanks,full_precursor,HLA-A*03:01,1,1,1,0
CHGA_L9C,MHCflurry,with_flanks,full_precursor,HLA-A*03:01,2,5,5,0
CHGA_L9C,MHCflurry,with_flanks,full_precursor,HLA-B*40:01,0.5,4,4,0
CHGA_L9C,MHCflurry,with_flanks,full_precursor,HLA-B*40:01,1,5,5,0
CHGA_L9C,MHCflurry,with_flanks,full_precursor,HLA-B*40:01,2,7,7,0
CHGA_L9C,MHCflurry,with_flanks,full_precursor,HLA-B*49:01,0.5,5,5,0
CHGA_L9C,MHCflurry,with_flanks,full_precursor,HLA-B*49:01,1,7,7,0
CHGA_L9C,MHCflurry,with_flanks,full_precursor,HLA-B*49:01,2,11,11,0
CHGA_L9C,MHCflurry,with_flanks,full_precursor,HLA-C*03:04,0.5,5,4,-1
CHGA_L9C,MHCflurry,with_flanks,full_precursor,HLA-C*03:04,1,11,7,-4
CHGA_L9C,MHCflurry,with_flanks,full_precursor,HLA-C*03:04,2,21,20,-1
CHGA_L9C,MHCflurry,with_flanks,full_precursor,HLA-C*07:01,0.5,5,1,-4
CHGA_L9C,MHCflurry,with_flanks,full_precursor,HLA-C*07:01,1,7,3,-4
CHGA_L9C,MHCflurry,with_flanks,full_precursor,HLA-C*07:01,2,12,9,-3
CHGA_L9G,NetMHC,with_flanks,full_precursor,HLA-A*02:01,0.5,2,2,0
CHGA_L9G,NetMHC,with_flanks,full_precursor,HLA-A*02:01,1,5,5,0
CHGA_L9G,NetMHC,with_flanks,full_precursor,HLA-A*02:01,2,12,12,0
CHGA_L9G,NetMHC,with_flanks,full_precursor,HLA-A*24:02,0.5,1,1,0
CHGA_L9G,NetMHC,with_flanks,full_precursor,HLA-A*24:02,1,2,2,0
CHGA_L9G,NetMHC,with_flanks,full_precursor,HLA-A*24:02,2,2,2,0
CHGA_L9G,NetMHC,with_flanks,full_precursor,HLA-A*03:01,0.5,0,0,0
CHGA_L9G,NetMHC,with_flanks,full_precursor,HLA-A*03:01,1,1,1,0
CHGA_L9G,NetMHC,with_flanks,full_precursor,HLA-A*03:01,2,6,6,0
CHGA_L9G,NetMHC,with_flanks,full_precursor,HLA-B*40:01,0.5,3,3,0
CHGA_L9G,NetMHC,with_flanks,full_precursor,HLA-B*40:01,1,6,6,0
CHGA_L9G,NetMHC,with_flanks,full_precursor,HLA-B*40:01,2,9,9,0
CHGA_L9G,NetMHC,with_flanks,full_precursor,HLA-B*49:01,0.5,5,5,0
CHGA_L9G,NetMHC,with_flanks,full_precursor,HLA-B*49:01,1,6,6,0
CHGA_L9G,NetMHC,with_flanks,full_precursor,HLA-B*49:01,2,9,9,0
CHGA_L9G,NetMHC,with_flanks,full_precursor,HLA-C*03:04,0.5,3,2,-1
CHGA_L9G,NetMHC,with_flanks,full_precursor,HLA-C*03:04,1,8,6,-2
CHGA_L9G,NetMHC,with_flanks,full_precursor,HLA-C*03:04,2,13,12,-1
CHGA_L9G,NetMHC,with_flanks,full_precursor,HLA-C*07:01,0.5,1,0,-1
CHGA_L9G,NetMHC,with_flanks,full_precursor,HLA-C*07:01,1,2,0,-2
CHGA_L9G,NetMHC,with_flanks,full_precursor,HLA-C*07:01,2,8,6,-2
CHGA_L9G,MHCflurry,with_flanks,full_precursor,HLA-A*02:01,0.5,1,2,1
CHGA_L9G,MHCflurry,with_flanks,full_precursor,HLA-A*02:01,1,5,5,0
CHGA_L9G,MHCflurry,with_flanks,full_precursor,HLA-A*02:01,2,11,10,-1
CHGA_L9G,MHCflurry,with_flanks,full_precursor,HLA-A*24:02,0.5,0,0,0
CHGA_L9G,MHCflurry,with_flanks,full_precursor,HLA-A*24:02,1,2,2,0
CHGA_L9G,MHCflurry,with_flanks,full_precursor,HLA-A*24:02,2,5,4,-1
CHGA_L9G,MHCflurry,with_flanks,full_precursor,HLA-A*03:01,0.5,0,0,0
CHGA_L9G,MHCflurry,with_flanks,full_precursor,HLA-A*03:01,1,1,1,0
CHGA_L9G,MHCflurry,with_flanks,full_precursor,HLA-A*03:01,2,5,5,0
CHGA_L9G,MHCflurry,with_flanks,full_precursor,HLA-B*40:01,0.5,4,4,0
CHGA_L9G,MHCflurry,with_flanks,full_precursor,HLA-B*40:01,1,5,5,0
CHGA_L9G,MHCflurry,with_flanks,full_precursor,HLA-B*40:01,2,7,7,0
CHGA_L9G,MHCflurry,with_flanks,full_precursor,HLA-B*49:01,0.5,5,5,0
CHGA_L9G,MHCflurry,with_flanks,full_precursor,HLA-B*49:01,1,7,7,0
CHGA_L9G,MHCflurry,with_flanks,full_precursor,HLA-B*49:01,2,11,11,0
CHGA_L9G,MHCflurry,with_flanks,full_precursor,HLA-C*03:04,0.5,5,3,-2
CHGA_L9G,MHCflurry,with_flanks,full_precursor,HLA-C*03:04,1,11,6,-5
CHGA_L9G,MHCflurry,with_flanks,full_precursor,HLA-C*03:04,2,21,20,-1
CHGA_L9G,MHCflurry,with_flanks,full_precursor,HLA-C*07:01,0.5,5,1,-4
CHGA_L9G,MHCflurry,with_flanks,full_precursor,HLA-C*07:01,1,7,3,-4
CHGA_L9G,MHCflurry,with_flanks,full_precursor,HLA-C*07:01,2,12,8,-4
CHGA_T17C,NetMHC,with_flanks,full_precursor,HLA-A*02:01,0.5,2,2,0
CHGA_T17C,NetMHC,with_flanks,full_precursor,HLA-A*02:01,1,5,5,0
CHGA_T17C,NetMHC,with_flanks,full_precursor,HLA-A*02:01,2,12,9,-3
CHGA_T17C,NetMHC,with_flanks,full_precursor,HLA-A*24:02,0.5,1,1,0
CHGA_T17C,NetMHC,with_flanks,full_precursor,HLA-A*24:02,1,2,2,0
CHGA_T17C,NetMHC,with_flanks,full_precursor,HLA-A*24:02,2,2,2,0
CHGA_T17C,NetMHC,with_flanks,full_precursor,HLA-A*03:01,0.5,0,0,0
CHGA_T17C,NetMHC,with_flanks,full_precursor,HLA-A*03:01,1,1,1,0
CHGA_T17C,NetMHC,with_flanks,full_precursor,HLA-A*03:01,2,6,6,0
CHGA_T17C,NetMHC,with_flanks,full_precursor,HLA-B*40:01,0.5,3,3,0
CHGA_T17C,NetMHC,with_flanks,full_precursor,HLA-B*40:01,1,6,6,0
CHGA_T17C,NetMHC,with_flanks,full_precursor,HLA-B*40:01,2,9,9,0
CHGA_T17C,NetMHC,with_flanks,full_precursor,HLA-B*49:01,0.5,5,5,0
CHGA_T17C,NetMHC,with_flanks,full_precursor,HLA-B*49:01,1,6,6,0
CHGA_T17C,NetMHC,with_flanks,full_precursor,HLA-B*49:01,2,9,9,0
CHGA_T17C,NetMHC,with_flanks,full_precursor,HLA-C*03:04,0.5,3,1,-2
CHGA_T17C,NetMHC,with_flanks,full_precursor,HLA-C*03:04,1,8,7,-1
CHGA_T17C,NetMHC,with_flanks,full_precursor,HLA-C*03:04,2,13,12,-1
CHGA_T17C,NetMHC,with_flanks,full_precursor,HLA-C*07:01,0.5,1,1,0
CHGA_T17C,NetMHC,with_flanks,full_precursor,HLA-C*07:01,1,2,2,0
CHGA_T17C,NetMHC,with_flanks,full_precursor,HLA-C*07:01,2,8,7,-1
CHGA_T17C,MHCflurry,with_flanks,full_precursor,HLA-A*02:01,0.5,1,1,0
CHGA_T17C,MHCflurry,with_flanks,full_precursor,HLA-A*02:01,1,5,3,-2
CHGA_T17C,MHCflurry,with_flanks,full_precursor,HLA-A*02:01,2,11,9,-2
CHGA_T17C,MHCflurry,with_flanks,full_precursor,HLA-A*24:02,0.5,0,0,0
CHGA_T17C,MHCflurry,with_flanks,full_precursor,HLA-A*24:02,1,2,2,0
CHGA_T17C,MHCflurry,with_flanks,full_precursor,HLA-A*24:02,2,5,4,-1
CHGA_T17C,MHCflurry,with_flanks,full_precursor,HLA-A*03:01,0.5,0,0,0
CHGA_T17C,MHCflurry,with_flanks,full_precursor,HLA-A*03:01,1,1,1,0
CHGA_T17C,MHCflurry,with_flanks,full_precursor,HLA-A*03:01,2,5,5,0
CHGA_T17C,MHCflurry,with_flanks,full_precursor,HLA-B*40:01,0.5,4,4,0
CHGA_T17C,MHCflurry,with_flanks,full_precursor,HLA-B*40:01,1,5,5,0
CHGA_T17C,MHCflurry,with_flanks,full_precursor,HLA-B*40:01,2,7,7,0
CHGA_T17C,MHCflurry,with_flanks,full_precursor,HLA-B*49:01,0.5,5,5,0
CHGA_T17C,MHCflurry,with_flanks,full_precursor,HLA-B*49:01,1,7,7,0
CHGA_T17C,MHCflurry,with_flanks,full_precursor,HLA-B*49:01,2,11,11,0
CHGA_T17C,MHCflurry,with_flanks,full_precursor,HLA-C*03:04,0.5,5,4,-1
CHGA_T17C,MHCflurry,with_flanks,full_precursor,HLA-C*03:04,1,11,10,-1
CHGA_T17C,MHCflurry,with_flanks,full_precursor,HLA-C*03:04,2,21,19,-2
CHGA_T17C,MHCflurry,with_flanks,full_precursor,HLA-C*07:01,0.5,5,5,0
CHGA_T17C,MHCflurry,with_flanks,full_precursor,HLA-C*07:01,1,7,7,0
CHGA_T17C,MHCflurry,with_flanks,full_precursor,HLA-C*07:01,2,12,11,-1
CHGA_T17G,NetMHC,with_flanks,full_precursor,HLA-A*02:01,0.5,2,2,0
CHGA_T17G,NetMHC,with_flanks,full_precursor,HLA-A*02:01,1,5,5,0
CHGA_T17G,NetMHC,with_flanks,full_precursor,HLA-A*02:01,2,12,9,-3
CHGA_T17G,NetMHC,with_flanks,full_precursor,HLA-A*24:02,0.5,1,1,0
CHGA_T17G,NetMHC,with_flanks,full_precursor,HLA-A*24:02,1,2,2,0
CHGA_T17G,NetMHC,with_flanks,full_precursor,HLA-A*24:02,2,2,2,0
CHGA_T17G,NetMHC,with_flanks,full_precursor,HLA-A*03:01,0.5,0,0,0
CHGA_T17G,NetMHC,with_flanks,full_precursor,HLA-A*03:01,1,1,1,0
CHGA_T17G,NetMHC,with_flanks,full_precursor,HLA-A*03:01,2,6,6,0
CHGA_T17G,NetMHC,with_flanks,full_precursor,HLA-B*40:01,0.5,3,3,0
CHGA_T17G,NetMHC,with_flanks,full_precursor,HLA-B*40:01,1,6,6,0
CHGA_T17G,NetMHC,with_flanks,full_precursor,HLA-B*40:01,2,9,9,0
CHGA_T17G,NetMHC,with_flanks,full_precursor,HLA-B*49:01,0.5,5,5,0
CHGA_T17G,NetMHC,with_flanks,full_precursor,HLA-B*49:01,1,6,6,0
CHGA_T17G,NetMHC,with_flanks,full_precursor,HLA-B*49:01,2,9,9,0
CHGA_T17G,NetMHC,with_flanks,full_precursor,HLA-C*03:04,0.5,3,1,-2
CHGA_T17G,NetMHC,with_flanks,full_precursor,HLA-C*03:04,1,8,8,0
CHGA_T17G,NetMHC,with_flanks,full_precursor,HLA-C*03:04,2,13,12,-1
CHGA_T17G,NetMHC,with_flanks,full_precursor,HLA-C*07:01,0.5,1,1,0
CHGA_T17G,NetMHC,with_flanks,full_precursor,HLA-C*07:01,1,2,2,0
CHGA_T17G,NetMHC,with_flanks,full_precursor,HLA-C*07:01,2,8,7,-1
CHGA_T17G,MHCflurry,with_flanks,full_precursor,HLA-A*02:01,0.5,1,1,0
CHGA_T17G,MHCflurry,with_flanks,full_precursor,HLA-A*02:01,1,5,3,-2
CHGA_T17G,MHCflurry,with_flanks,full_precursor,HLA-A*02:01,2,11,11,0
CHGA_T17G,MHCflurry,with_flanks,full_precursor,HLA-A*24:02,0.5,0,0,0
CHGA_T17G,MHCflurry,with_flanks,full_precursor,HLA-A*24:02,1,2,2,0
CHGA_T17G,MHCflurry,with_flanks,full_precursor,HLA-A*24:02,2,5,4,-1
CHGA_T17G,MHCflurry,with_flanks,full_precursor,HLA-A*03:01,0.5,0,0,0
CHGA_T17G,MHCflurry,with_flanks,full_precursor,HLA-A*03:01,1,1,1,0
CHGA_T17G,MHCflurry,with_flanks,full_precursor,HLA-A*03:01,2,5,5,0
CHGA_T17G,MHCflurry,with_flanks,full_precursor,HLA-B*40:01,0.5,4,4,0
CHGA_T17G,MHCflurry,with_flanks,full_precursor,HLA-B*40:01,1,5,5,0
CHGA_T17G,MHCflurry,with_flanks,full_precursor,HLA-B*40:01,2,7,7,0
CHGA_T17G,MHCflurry,with_flanks,full_precursor,HLA-B*49:01,0.5,5,5,0
CHGA_T17G,MHCflurry,with_flanks,full_precursor,HLA-B*49:01,1,7,7,0
CHGA_T17G,MHCflurry,with_flanks,full_precursor,HLA-B*49:01,2,11,13,2
CHGA_T17G,MHCflurry,with_flanks,full_precursor,HLA-C*03:04,0.5,5,3,-2
CHGA_T17G,MHCflurry,with_flanks,full_precursor,HLA-C*03:04,1,11,11,0
CHGA_T17G,MHCflurry,with_flanks,full_precursor,HLA-C*03:04,2,21,19,-2
CHGA_T17G,MHCflurry,with_flanks,full_precursor,HLA-C*07:01,0.5,5,5,0
CHGA_T17G,MHCflurry,with_flanks,full_precursor,HLA-C*07:01,1,7,7,0
CHGA_T17G,MHCflurry,with_flanks,full_precursor,HLA-C*07:01,2,12,12,0
CHGA_L9C_T17C,NetMHC,with_flanks,full_precursor,HLA-A*02:01,0.5,2,2,0
CHGA_L9C_T17C,NetMHC,with_flanks,full_precursor,HLA-A*02:01,1,5,5,0
CHGA_L9C_T17C,NetMHC,with_flanks,full_precursor,HLA-A*02:01,2,12,8,-4
CHGA_L9C_T17C,NetMHC,with_flanks,full_precursor,HLA-A*24:02,0.5,1,1,0
CHGA_L9C_T17C,NetMHC,with_flanks,full_precursor,HLA-A*24:02,1,2,2,0
CHGA_L9C_T17C,NetMHC,with_flanks,full_precursor,HLA-A*24:02,2,2,2,0
CHGA_L9C_T17C,NetMHC,with_flanks,full_precursor,HLA-A*03:01,0.5,0,0,0
CHGA_L9C_T17C,NetMHC,with_flanks,full_precursor,HLA-A*03:01,1,1,1,0
CHGA_L9C_T17C,NetMHC,with_flanks,full_precursor,HLA-A*03:01,2,6,6,0
CHGA_L9C_T17C,NetMHC,with_flanks,full_precursor,HLA-B*40:01,0.5,3,3,0
CHGA_L9C_T17C,NetMHC,with_flanks,full_precursor,HLA-B*40:01,1,6,6,0
CHGA_L9C_T17C,NetMHC,with_flanks,full_precursor,HLA-B*40:01,2,9,9,0
CHGA_L9C_T17C,NetMHC,with_flanks,full_precursor,HLA-B*49:01,0.5,5,5,0
CHGA_L9C_T17C,NetMHC,with_flanks,full_precursor,HLA-B*49:01,1,6,6,0
CHGA_L9C_T17C,NetMHC,with_flanks,full_precursor,HLA-B*49:01,2,9,9,0
CHGA_L9C_T17C,NetMHC,with_flanks,full_precursor,HLA-C*03:04,0.5,3,0,-3
CHGA_L9C_T17C,NetMHC,with_flanks,full_precursor,HLA-C*03:04,1,8,4,-4
CHGA_L9C_T17C,NetMHC,with_flanks,full_precursor,HLA-C*03:04,2,13,10,-3
CHGA_L9C_T17C,NetMHC,with_flanks,full_precursor,HLA-C*07:01,0.5,1,0,-1
CHGA_L9C_T17C,NetMHC,with_flanks,full_precursor,HLA-C*07:01,1,2,0,-2
CHGA_L9C_T17C,NetMHC,with_flanks,full_precursor,HLA-C*07:01,2,8,6,-2
CHGA_L9C_T17C,MHCflurry,with_flanks,full_precursor,HLA-A*02:01,0.5,1,1,0
CHGA_L9C_T17C,MHCflurry,with_flanks,full_precursor,HLA-A*02:01,1,5,1,-4
CHGA_L9C_T17C,MHCflurry,with_flanks,full_precursor,HLA-A*02:01,2,11,8,-3
CHGA_L9C_T17C,MHCflurry,with_flanks,full_precursor,HLA-A*24:02,0.5,0,0,0
CHGA_L9C_T17C,MHCflurry,with_flanks,full_precursor,HLA-A*24:02,1,2,2,0
CHGA_L9C_T17C,MHCflurry,with_flanks,full_precursor,HLA-A*24:02,2,5,3,-2
CHGA_L9C_T17C,MHCflurry,with_flanks,full_precursor,HLA-A*03:01,0.5,0,0,0
CHGA_L9C_T17C,MHCflurry,with_flanks,full_precursor,HLA-A*03:01,1,1,1,0
CHGA_L9C_T17C,MHCflurry,with_flanks,full_precursor,HLA-A*03:01,2,5,5,0
CHGA_L9C_T17C,MHCflurry,with_flanks,full_precursor,HLA-B*40:01,0.5,4,4,0
CHGA_L9C_T17C,MHCflurry,with_flanks,full_precursor,HLA-B*40:01,1,5,5,0
CHGA_L9C_T17C,MHCflurry,with_flanks,full_precursor,HLA-B*40:01,2,7,7,0
CHGA_L9C_T17C,MHCflurry,with_flanks,full_precursor,HLA-B*49:01,0.5,5,5,0
CHGA_L9C_T17C,MHCflurry,with_flanks,full_precursor,HLA-B*49:01,1,7,7,0
CHGA_L9C_T17C,MHCflurry,with_flanks,full_precursor,HLA-B*49:01,2,11,11,0
CHGA_L9C_T17C,MHCflurry,with_flanks,full_precursor,HLA-C*03:04,0.5,5,3,-2
CHGA_L9C_T17C,MHCflurry,with_flanks,full_precursor,HLA-C*03:04,1,11,6,-5
CHGA_L9C_T17C,MHCflurry,with_flanks,full_precursor,HLA-C*03:04,2,21,17,-4
CHGA_L9C_T17C,MHCflurry,with_flanks,full_precursor,HLA-C*07:01,0.5,5,1,-4
CHGA_L9C_T17C,MHCflurry,with_flanks,full_precursor,HLA-C*07:01,1,7,3,-4
CHGA_L9C_T17C,MHCflurry,with_flanks,full_precursor,HLA-C*07:01,2,12,8,-4
CHGA_L9C_T17G,NetMHC,with_flanks,full_precursor,HLA-A*02:01,0.5,2,2,0
CHGA_L9C_T17G,NetMHC,with_flanks,full_precursor,HLA-A*02:01,1,5,5,0
CHGA_L9C_T17G,NetMHC,with_flanks,full_precursor,HLA-A*02:01,2,12,8,-4
CHGA_L9C_T17G,NetMHC,with_flanks,full_precursor,HLA-A*24:02,0.5,1,1,0
CHGA_L9C_T17G,NetMHC,with_flanks,full_precursor,HLA-A*24:02,1,2,2,0
CHGA_L9C_T17G,NetMHC,with_flanks,full_precursor,HLA-A*24:02,2,2,2,0
CHGA_L9C_T17G,NetMHC,with_flanks,full_precursor,HLA-A*03:01,0.5,0,0,0
CHGA_L9C_T17G,NetMHC,with_flanks,full_precursor,HLA-A*03:01,1,1,1,0
CHGA_L9C_T17G,NetMHC,with_flanks,full_precursor,HLA-A*03:01,2,6,6,0
CHGA_L9C_T17G,NetMHC,with_flanks,full_precursor,HLA-B*40:01,0.5,3,3,0
CHGA_L9C_T17G,NetMHC,with_flanks,full_precursor,HLA-B*40:01,1,6,6,0
CHGA_L9C_T17G,NetMHC,with_flanks,full_precursor,HLA-B*40:01,2,9,9,0
CHGA_L9C_T17G,NetMHC,with_flanks,full_precursor,HLA-B*49:01,0.5,5,5,0
CHGA_L9C_T17G,NetMHC,with_flanks,full_precursor,HLA-B*49:01,1,6,6,0
CHGA_L9C_T17G,NetMHC,with_flanks,full_precursor,HLA-B*49:01,2,9,9,0
CHGA_L9C_T17G,NetMHC,with_flanks,full_precursor,HLA-C*03:04,0.5,3,0,-3
CHGA_L9C_T17G,NetMHC,with_flanks,full_precursor,HLA-C*03:04,1,8,5,-3
CHGA_L9C_T17G,NetMHC,with_flanks,full_precursor,HLA-C*03:04,2,13,10,-3
CHGA_L9C_T17G,NetMHC,with_flanks,full_precursor,HLA-C*07:01,0.5,1,0,-1
CHGA_L9C_T17G,NetMHC,with_flanks,full_precursor,HLA-C*07:01,1,2,0,-2
CHGA_L9C_T17G,NetMHC,with_flanks,full_precursor,HLA-C*07:01,2,8,6,-2
CHGA_L9C_T17G,MHCflurry,with_flanks,full_precursor,HLA-A*02:01,0.5,1,1,0
CHGA_L9C_T17G,MHCflurry,with_flanks,full_precursor,HLA-A*02:01,1,5,2,-3
CHGA_L9C_T17G,MHCflurry,with_flanks,full_precursor,HLA-A*02:01,2,11,9,-2
CHGA_L9C_T17G,MHCflurry,with_flanks,full_precursor,HLA-A*24:02,0.5,0,0,0
CHGA_L9C_T17G,MHCflurry,with_flanks,full_precursor,HLA-A*24:02,1,2,2,0
CHGA_L9C_T17G,MHCflurry,with_flanks,full_precursor,HLA-A*24:02,2,5,3,-2
CHGA_L9C_T17G,MHCflurry,with_flanks,full_precursor,HLA-A*03:01,0.5,0,0,0
CHGA_L9C_T17G,MHCflurry,with_flanks,full_precursor,HLA-A*03:01,1,1,1,0
CHGA_L9C_T17G,MHCflurry,with_flanks,full_precursor,HLA-A*03:01,2,5,5,0
CHGA_L9C_T17G,MHCflurry,with_flanks,full_precursor,HLA-B*40:01,0.5,4,4,0
CHGA_L9C_T17G,MHCflurry,with_flanks,full_precursor,HLA-B*40:01,1,5,5,0
CHGA_L9C_T17G,MHCflurry,with_flanks,full_precursor,HLA-B*40:01,2,7,7,0
CHGA_L9C_T17G,MHCflurry,with_flanks,full_precursor,HLA-B*49:01,0.5,5,5,0
CHGA_L9C_T17G,MHCflurry,with_flanks,full_precursor,HLA-B*49:01,1,7,7,0
CHGA_L9C_T17G,MHCflurry,with_flanks,full_precursor,HLA-B*49:01,2,11,11,0
CHGA_L9C_T17G,MHCflurry,with_flanks,full_precursor,HLA-C*03:04,0.5,5,2,-3
CHGA_L9C_T17G,MHCflurry,with_flanks,full_precursor,HLA-C*03:04,1,11,7,-4
CHGA_L9C_T17G,MHCflurry,with_flanks,full_precursor,HLA-C*03:04,2,21,17,-4
CHGA_L9C_T17G,MHCflurry,with_flanks,full_precursor,HLA-C*07:01,0.5,5,1,-4
CHGA_L9C_T17G,MHCflurry,with_flanks,full_precursor,HLA-C*07:01,1,7,3,-4
CHGA_L9C_T17G,MHCflurry,with_flanks,full_precursor,HLA-C*07:01,2,12,9,-3
CHGA_L9C_T17D,NetMHC,with_flanks,full_precursor,HLA-A*02:01,0.5,2,2,0
CHGA_L9C_T17D,NetMHC,with_flanks,full_precursor,HLA-A*02:01,1,5,5,0
CHGA_L9C_T17D,NetMHC,with_flanks,full_precursor,HLA-A*02:01,2,12,9,-3
CHGA_L9C_T17D,NetMHC,with_flanks,full_precursor,HLA-A*24:02,0.5,1,1,0
CHGA_L9C_T17D,NetMHC,with_flanks,full_precursor,HLA-A*24:02,1,2,2,0
CHGA_L9C_T17D,NetMHC,with_flanks,full_precursor,HLA-A*24:02,2,2,2,0
CHGA_L9C_T17D,NetMHC,with_flanks,full_precursor,HLA-A*03:01,0.5,0,0,0
CHGA_L9C_T17D,NetMHC,with_flanks,full_precursor,HLA-A*03:01,1,1,1,0
CHGA_L9C_T17D,NetMHC,with_flanks,full_precursor,HLA-A*03:01,2,6,6,0
CHGA_L9C_T17D,NetMHC,with_flanks,full_precursor,HLA-B*40:01,0.5,3,3,0
CHGA_L9C_T17D,NetMHC,with_flanks,full_precursor,HLA-B*40:01,1,6,6,0
CHGA_L9C_T17D,NetMHC,with_flanks,full_precursor,HLA-B*40:01,2,9,11,2
CHGA_L9C_T17D,NetMHC,with_flanks,full_precursor,HLA-B*49:01,0.5,5,5,0
CHGA_L9C_T17D,NetMHC,with_flanks,full_precursor,HLA-B*49:01,1,6,6,0
CHGA_L9C_T17D,NetMHC,with_flanks,full_precursor,HLA-B*49:01,2,9,10,1
CHGA_L9C_T17D,NetMHC,with_flanks,full_precursor,HLA-C*03:04,0.5,3,0,-3
CHGA_L9C_T17D,NetMHC,with_flanks,full_precursor,HLA-C*03:04,1,8,3,-5
CHGA_L9C_T17D,NetMHC,with_flanks,full_precursor,HLA-C*03:04,2,13,8,-5
CHGA_L9C_T17D,NetMHC,with_flanks,full_precursor,HLA-C*07:01,0.5,1,0,-1
CHGA_L9C_T17D,NetMHC,with_flanks,full_precursor,HLA-C*07:01,1,2,0,-2
CHGA_L9C_T17D,NetMHC,with_flanks,full_precursor,HLA-C*07:01,2,8,6,-2
CHGA_L9C_T17D,MHCflurry,with_flanks,full_precursor,HLA-A*02:01,0.5,1,1,0
CHGA_L9C_T17D,MHCflurry,with_flanks,full_precursor,HLA-A*02:01,1,5,2,-3
CHGA_L9C_T17D,MHCflurry,with_flanks,full_precursor,HLA-A*02:01,2,11,8,-3
CHGA_L9C_T17D,MHCflurry,with_flanks,full_precursor,HLA-A*24:02,0.5,0,0,0
CHGA_L9C_T17D,MHCflurry,with_flanks,full_precursor,HLA-A*24:02,1,2,2,0
CHGA_L9C_T17D,MHCflurry,with_flanks,full_precursor,HLA-A*24:02,2,5,3,-2
CHGA_L9C_T17D,MHCflurry,with_flanks,full_precursor,HLA-A*03:01,0.5,0,0,0
CHGA_L9C_T17D,MHCflurry,with_flanks,full_precursor,HLA-A*03:01,1,1,1,0
CHGA_L9C_T17D,MHCflurry,with_flanks,full_precursor,HLA-A*03:01,2,5,5,0
CHGA_L9C_T17D,MHCflurry,with_flanks,full_precursor,HLA-B*40:01,0.5,4,4,0
CHGA_L9C_T17D,MHCflurry,with_flanks,full_precursor,HLA-B*40:01,1,5,5,0
CHGA_L9C_T17D,MHCflurry,with_flanks,full_precursor,HLA-B*40:01,2,7,7,0
CHGA_L9C_T17D,MHCflurry,with_flanks,full_precursor,HLA-B*49:01,0.5,5,5,0
CHGA_L9C_T17D,MHCflurry,with_flanks,full_precursor,HLA-B*49:01,1,7,7,0
CHGA_L9C_T17D,MHCflurry,with_flanks,full_precursor,HLA-B*49:01,2,11,13,2
CHGA_L9C_T17D,MHCflurry,with_flanks,full_precursor,HLA-C*03:04,0.5,5,3,-2
CHGA_L9C_T17D,MHCflurry,with_flanks,full_precursor,HLA-C*03:04,1,11,6,-5
CHGA_L9C_T17D,MHCflurry,with_flanks,full_precursor,HLA-C*03:04,2,21,17,-4
CHGA_L9C_T17D,MHCflurry,with_flanks,full_precursor,HLA-C*07:01,0.5,5,1,-4
CHGA_L9C_T17D,MHCflurry,with_flanks,full_precursor,HLA-C*07:01,1,7,3,-4
CHGA_L9C_T17D,MHCflurry,with_flanks,full_precursor,HLA-C*07:01,2,12,9,-3
CHGA_L9C_T17P,NetMHC,with_flanks,full_precursor,HLA-A*02:01,0.5,2,2,0
CHGA_L9C_T17P,NetMHC,with_flanks,full_precursor,HLA-A*02:01,1,5,5,0
CHGA_L9C_T17P,NetMHC,with_flanks,full_precursor,HLA-A*02:01,2,12,8,-4
CHGA_L9C_T17P,NetMHC,with_flanks,full_precursor,HLA-A*24:02,0.5,1,1,0
CHGA_L9C_T17P,NetMHC,with_flanks,full_precursor,HLA-A*24:02,1,2,2,0
CHGA_L9C_T17P,NetMHC,with_flanks,full_precursor,HLA-A*24:02,2,2,2,0
CHGA_L9C_T17P,NetMHC,with_flanks,full_precursor,HLA-A*03:01,0.5,0,0,0
CHGA_L9C_T17P,NetMHC,with_flanks,full_precursor,HLA-A*03:01,1,1,1,0
CHGA_L9C_T17P,NetMHC,with_flanks,full_precursor,HLA-A*03:01,2,6,6,0
CHGA_L9C_T17P,NetMHC,with_flanks,full_precursor,HLA-B*40:01,0.5,3,3,0
CHGA_L9C_T17P,NetMHC,with_flanks,full_precursor,HLA-B*40:01,1,6,6,0
CHGA_L9C_T17P,NetMHC,with_flanks,full_precursor,HLA-B*40:01,2,9,10,1
CHGA_L9C_T17P,NetMHC,with_flanks,full_precursor,HLA-B*49:01,0.5,5,5,0
CHGA_L9C_T17P,NetMHC,with_flanks,full_precursor,HLA-B*49:01,1,6,6,0
CHGA_L9C_T17P,NetMHC,with_flanks,full_precursor,HLA-B*49:01,2,9,9,0
CHGA_L9C_T17P,NetMHC,with_flanks,full_precursor,HLA-C*03:04,0.5,3,0,-3
CHGA_L9C_T17P,NetMHC,with_flanks,full_precursor,HLA-C*03:04,1,8,4,-4
CHGA_L9C_T17P,NetMHC,with_flanks,full_precursor,HLA-C*03:04,2,13,10,-3
CHGA_L9C_T17P,NetMHC,with_flanks,full_precursor,HLA-C*07:01,0.5,1,0,-1
CHGA_L9C_T17P,NetMHC,with_flanks,full_precursor,HLA-C*07:01,1,2,0,-2
CHGA_L9C_T17P,NetMHC,with_flanks,full_precursor,HLA-C*07:01,2,8,6,-2
CHGA_L9C_T17P,MHCflurry,with_flanks,full_precursor,HLA-A*02:01,0.5,1,1,0
CHGA_L9C_T17P,MHCflurry,with_flanks,full_precursor,HLA-A*02:01,1,5,2,-3
CHGA_L9C_T17P,MHCflurry,with_flanks,full_precursor,HLA-A*02:01,2,11,9,-2
CHGA_L9C_T17P,MHCflurry,with_flanks,full_precursor,HLA-A*24:02,0.5,0,0,0
CHGA_L9C_T17P,MHCflurry,with_flanks,full_precursor,HLA-A*24:02,1,2,2,0
CHGA_L9C_T17P,MHCflurry,with_flanks,full_precursor,HLA-A*24:02,2,5,3,-2
CHGA_L9C_T17P,MHCflurry,with_flanks,full_precursor,HLA-A*03:01,0.5,0,0,0
CHGA_L9C_T17P,MHCflurry,with_flanks,full_precursor,HLA-A*03:01,1,1,1,0
CHGA_L9C_T17P,MHCflurry,with_flanks,full_precursor,HLA-A*03:01,2,5,6,1
CHGA_L9C_T17P,MHCflurry,with_flanks,full_precursor,HLA-B*40:01,0.5,4,4,0
CHGA_L9C_T17P,MHCflurry,with_flanks,full_precursor,HLA-B*40:01,1,5,5,0
CHGA_L9C_T17P,MHCflurry,with_flanks,full_precursor,HLA-B*40:01,2,7,7,0
CHGA_L9C_T17P,MHCflurry,with_flanks,full_precursor,HLA-B*49:01,0.5,5,5,0
CHGA_L9C_T17P,MHCflurry,with_flanks,full_precursor,HLA-B*49:01,1,7,7,0
CHGA_L9C_T17P,MHCflurry,with_flanks,full_precursor,HLA-B*49:01,2,11,12,1
CHGA_L9C_T17P,MHCflurry,with_flanks,full_precursor,HLA-C*03:04,0.5,5,2,-3
CHGA_L9C_T17P,MHCflurry,with_flanks,full_precursor,HLA-C*03:04,1,11,7,-4
CHGA_L9C_T17P,MHCflurry,with_flanks,full_precursor,HLA-C*03:04,2,21,19,-2
CHGA_L9C_T17P,MHCflurry,with_flanks,full_precursor,HLA-C*07:01,0.5,5,1,-4
CHGA_L9C_T17P,MHCflurry,with_flanks,full_precursor,HLA-C*07:01,1,7,3,-4
CHGA_L9C_T17P,MHCflurry,with_flanks,full_precursor,HLA-C*07:01,2,12,9,-3
CHGA_L9G_T17C,NetMHC,with_flanks,full_precursor,HLA-A*02:01,0.5,2,2,0
CHGA_L9G_T17C,NetMHC,with_flanks,full_precursor,HLA-A*02:01,1,5,5,0
CHGA_L9G_T17C,NetMHC,with_flanks,full_precursor,HLA-A*02:01,2,12,10,-2
CHGA_L9G_T17C,NetMHC,with_flanks,full_precursor,HLA-A*24:02,0.5,1,1,0
CHGA_L9G_T17C,NetMHC,with_flanks,full_precursor,HLA-A*24:02,1,2,2,0
CHGA_L9G_T17C,NetMHC,with_flanks,full_precursor,HLA-A*24:02,2,2,2,0
CHGA_L9G_T17C,NetMHC,with_flanks,full_precursor,HLA-A*03:01,0.5,0,0,0
CHGA_L9G_T17C,NetMHC,with_flanks,full_precursor,HLA-A*03:01,1,1,1,0
CHGA_L9G_T17C,NetMHC,with_flanks,full_precursor,HLA-A*03:01,2,6,6,0
CHGA_L9G_T17C,NetMHC,with_flanks,full_precursor,HLA-B*40:01,0.5,3,3,0
CHGA_L9G_T17C,NetMHC,with_flanks,full_precursor,HLA-B*40:01,1,6,6,0
CHGA_L9G_T17C,NetMHC,with_flanks,full_precursor,HLA-B*40:01,2,9,9,0
CHGA_L9G_T17C,NetMHC,with_flanks,full_precursor,HLA-B*49:01,0.5,5,5,0
CHGA_L9G_T17C,NetMHC,with_flanks,full_precursor,HLA-B*49:01,1,6,6,0
CHGA_L9G_T17C,NetMHC,with_flanks,full_precursor,HLA-B*49:01,2,9,9,0
CHGA_L9G_T17C,NetMHC,with_flanks,full_precursor,HLA-C*03:04,0.5,3,0,-3
CHGA_L9G_T17C,NetMHC,with_flanks,full_precursor,HLA-C*03:04,1,8,5,-3
CHGA_L9G_T17C,NetMHC,with_flanks,full_precursor,HLA-C*03:04,2,13,11,-2
CHGA_L9G_T17C,NetMHC,with_flanks,full_precursor,HLA-C*07:01,0.5,1,0,-1
CHGA_L9G_T17C,NetMHC,with_flanks,full_precursor,HLA-C*07:01,1,2,0,-2
CHGA_L9G_T17C,NetMHC,with_flanks,full_precursor,HLA-C*07:01,2,8,5,-3
CHGA_L9G_T17C,MHCflurry,with_flanks,full_precursor,HLA-A*02:01,0.5,1,2,1
CHGA_L9G_T17C,MHCflurry,with_flanks,full_precursor,HLA-A*02:01,1,5,3,-2
CHGA_L9G_T17C,MHCflurry,with_flanks,full_precursor,HLA-A*02:01,2,11,9,-2
CHGA_L9G_T17C,MHCflurry,with_flanks,full_precursor,HLA-A*24:02,0.5,0,0,0
CHGA_L9G_T17C,MHCflurry,with_flanks,full_precursor,HLA-A*24:02,1,2,2,0
CHGA_L9G_T17C,MHCflurry,with_flanks,full_precursor,HLA-A*24:02,2,5,3,-2
CHGA_L9G_T17C,MHCflurry,with_flanks,full_precursor,HLA-A*03:01,0.5,0,0,0
CHGA_L9G_T17C,MHCflurry,with_flanks,full_precursor,HLA-A*03:01,1,1,1,0
CHGA_L9G_T17C,MHCflurry,with_flanks,full_precursor,HLA-A*03:01,2,5,5,0
CHGA_L9G_T17C,MHCflurry,with_flanks,full_precursor,HLA-B*40:01,0.5,4,4,0
CHGA_L9G_T17C,MHCflurry,with_flanks,full_precursor,HLA-B*40:01,1,5,5,0
CHGA_L9G_T17C,MHCflurry,with_flanks,full_precursor,HLA-B*40:01,2,7,7,0
CHGA_L9G_T17C,MHCflurry,with_flanks,full_precursor,HLA-B*49:01,0.5,5,5,0
CHGA_L9G_T17C,MHCflurry,with_flanks,full_precursor,HLA-B*49:01,1,7,7,0
CHGA_L9G_T17C,MHCflurry,with_flanks,full_precursor,HLA-B*49:01,2,11,11,0
CHGA_L9G_T17C,MHCflurry,with_flanks,full_precursor,HLA-C*03:04,0.5,5,2,-3
CHGA_L9G_T17C,MHCflurry,with_flanks,full_precursor,HLA-C*03:04,1,11,5,-6
CHGA_L9G_T17C,MHCflurry,with_flanks,full_precursor,HLA-C*03:04,2,21,18,-3
CHGA_L9G_T17C,MHCflurry,with_flanks,full_precursor,HLA-C*07:01,0.5,5,1,-4
CHGA_L9G_T17C,MHCflurry,with_flanks,full_precursor,HLA-C*07:01,1,7,3,-4
CHGA_L9G_T17C,MHCflurry,with_flanks,full_precursor,HLA-C*07:01,2,12,7,-5
CHGA_L9G_T17G,NetMHC,with_flanks,full_precursor,HLA-A*02:01,0.5,2,2,0
CHGA_L9G_T17G,NetMHC,with_flanks,full_precursor,HLA-A*02:01,1,5,5,0
CHGA_L9G_T17G,NetMHC,with_flanks,full_precursor,HLA-A*02:01,2,12,10,-2
CHGA_L9G_T17G,NetMHC,with_flanks,full_precursor,HLA-A*24:02,0.5,1,1,0
CHGA_L9G_T17G,NetMHC,with_flanks,full_precursor,HLA-A*24:02,1,2,2,0
CHGA_L9G_T17G,NetMHC,with_flanks,full_precursor,HLA-A*24:02,2,2,2,0
CHGA_L9G_T17G,NetMHC,with_flanks,full_precursor,HLA-A*03:01,0.5,0,0,0
CHGA_L9G_T17G,NetMHC,with_flanks,full_precursor,HLA-A*03:01,1,1,1,0
CHGA_L9G_T17G,NetMHC,with_flanks,full_precursor,HLA-A*03:01,2,6,6,0
CHGA_L9G_T17G,NetMHC,with_flanks,full_precursor,HLA-B*40:01,0.5,3,3,0
CHGA_L9G_T17G,NetMHC,with_flanks,full_precursor,HLA-B*40:01,1,6,6,0
CHGA_L9G_T17G,NetMHC,with_flanks,full_precursor,HLA-B*40:01,2,9,9,0
CHGA_L9G_T17G,NetMHC,with_flanks,full_precursor,HLA-B*49:01,0.5,5,5,0
CHGA_L9G_T17G,NetMHC,with_flanks,full_precursor,HLA-B*49:01,1,6,6,0
CHGA_L9G_T17G,NetMHC,with_flanks,full_precursor,HLA-B*49:01,2,9,9,0
CHGA_L9G_T17G,NetMHC,with_flanks,full_precursor,HLA-C*03:04,0.5,3,0,-3
CHGA_L9G_T17G,NetMHC,with_flanks,full_precursor,HLA-C*03:04,1,8,6,-2
CHGA_L9G_T17G,NetMHC,with_flanks,full_precursor,HLA-C*03:04,2,13,11,-2
CHGA_L9G_T17G,NetMHC,with_flanks,full_precursor,HLA-C*07:01,0.5,1,0,-1
CHGA_L9G_T17G,NetMHC,with_flanks,full_precursor,HLA-C*07:01,1,2,0,-2
CHGA_L9G_T17G,NetMHC,with_flanks,full_precursor,HLA-C*07:01,2,8,5,-3
CHGA_L9G_T17G,MHCflurry,with_flanks,full_precursor,HLA-A*02:01,0.5,1,2,1
CHGA_L9G_T17G,MHCflurry,with_flanks,full_precursor,HLA-A*02:01,1,5,3,-2
CHGA_L9G_T17G,MHCflurry,with_flanks,full_precursor,HLA-A*02:01,2,11,10,-1
CHGA_L9G_T17G,MHCflurry,with_flanks,full_precursor,HLA-A*24:02,0.5,0,0,0
CHGA_L9G_T17G,MHCflurry,with_flanks,full_precursor,HLA-A*24:02,1,2,2,0
CHGA_L9G_T17G,MHCflurry,with_flanks,full_precursor,HLA-A*24:02,2,5,3,-2
CHGA_L9G_T17G,MHCflurry,with_flanks,full_precursor,HLA-A*03:01,0.5,0,0,0
CHGA_L9G_T17G,MHCflurry,with_flanks,full_precursor,HLA-A*03:01,1,1,1,0
CHGA_L9G_T17G,MHCflurry,with_flanks,full_precursor,HLA-A*03:01,2,5,5,0
CHGA_L9G_T17G,MHCflurry,with_flanks,full_precursor,HLA-B*40:01,0.5,4,4,0
CHGA_L9G_T17G,MHCflurry,with_flanks,full_precursor,HLA-B*40:01,1,5,5,0
CHGA_L9G_T17G,MHCflurry,with_flanks,full_precursor,HLA-B*40:01,2,7,7,0
CHGA_L9G_T17G,MHCflurry,with_flanks,full_precursor,HLA-B*49:01,0.5,5,5,0
CHGA_L9G_T17G,MHCflurry,with_flanks,full_precursor,HLA-B*49:01,1,7,7,0
CHGA_L9G_T17G,MHCflurry,with_flanks,full_precursor,HLA-B*49:01,2,11,11,0
CHGA_L9G_T17G,MHCflurry,with_flanks,full_precursor,HLA-C*03:04,0.5,5,1,-4
CHGA_L9G_T17G,MHCflurry,with_flanks,full_precursor,HLA-C*03:04,1,11,6,-5
CHGA_L9G_T17G,MHCflurry,with_flanks,full_precursor,HLA-C*03:04,2,21,18,-3
CHGA_L9G_T17G,MHCflurry,with_flanks,full_precursor,HLA-C*07:01,0.5,5,1,-4
CHGA_L9G_T17G,MHCflurry,with_flanks,full_precursor,HLA-C*07:01,1,7,3,-4
CHGA_L9G_T17G,MHCflurry,with_flanks,full_precursor,HLA-C*07:01,2,12,8,-4
CHGA_L9G_T17D,NetMHC,with_flanks,full_precursor,HLA-A*02:01,0.5,2,2,0
CHGA_L9G_T17D,NetMHC,with_flanks,full_precursor,HLA-A*02:01,1,5,5,0
CHGA_L9G_T17D,NetMHC,with_flanks,full_precursor,HLA-A*02:01,2,12,11,-1
CHGA_L9G_T17D,NetMHC,with_flanks,full_precursor,HLA-A*24:02,0.5,1,1,0
CHGA_L9G_T17D,NetMHC,with_flanks,full_precursor,HLA-A*24:02,1,2,2,0
CHGA_L9G_T17D,NetMHC,with_flanks,full_precursor,HLA-A*24:02,2,2,2,0
CHGA_L9G_T17D,NetMHC,with_flanks,full_precursor,HLA-A*03:01,0.5,0,0,0
CHGA_L9G_T17D,NetMHC,with_flanks,full_precursor,HLA-A*03:01,1,1,1,0
CHGA_L9G_T17D,NetMHC,with_flanks,full_precursor,HLA-A*03:01,2,6,6,0
CHGA_L9G_T17D,NetMHC,with_flanks,full_precursor,HLA-B*40:01,0.5,3,3,0
CHGA_L9G_T17D,NetMHC,with_flanks,full_precursor,HLA-B*40:01,1,6,6,0
CHGA_L9G_T17D,NetMHC,with_flanks,full_precursor,HLA-B*40:01,2,9,11,2
CHGA_L9G_T17D,NetMHC,with_flanks,full_precursor,HLA-B*49:01,0.5,5,5,0
CHGA_L9G_T17D,NetMHC,with_flanks,full_precursor,HLA-B*49:01,1,6,6,0
CHGA_L9G_T17D,NetMHC,with_flanks,full_precursor,HLA-B*49:01,2,9,10,1
CHGA_L9G_T17D,NetMHC,with_flanks,full_precursor,HLA-C*03:04,0.5,3,0,-3
CHGA_L9G_T17D,NetMHC,with_flanks,full_precursor,HLA-C*03:04,1,8,4,-4
CHGA_L9G_T17D,NetMHC,with_flanks,full_precursor,HLA-C*03:04,2,13,9,-4
CHGA_L9G_T17D,NetMHC,with_flanks,full_precursor,HLA-C*07:01,0.5,1,0,-1
CHGA_L9G_T17D,NetMHC,with_flanks,full_precursor,HLA-C*07:01,1,2,0,-2
CHGA_L9G_T17D,NetMHC,with_flanks,full_precursor,HLA-C*07:01,2,8,5,-3
CHGA_L9G_T17D,MHCflurry,with_flanks,full_precursor,HLA-A*02:01,0.5,1,2,1
CHGA_L9G_T17D,MHCflurry,with_flanks,full_precursor,HLA-A*02:01,1,5,4,-1
CHGA_L9G_T17D,MHCflurry,with_flanks,full_precursor,HLA-A*02:01,2,11,8,-3
CHGA_L9G_T17D,MHCflurry,with_flanks,full_precursor,HLA-A*24:02,0.5,0,0,0
CHGA_L9G_T17D,MHCflurry,with_flanks,full_precursor,HLA-A*24:02,1,2,2,0
CHGA_L9G_T17D,MHCflurry,with_flanks,full_precursor,HLA-A*24:02,2,5,3,-2
CHGA_L9G_T17D,MHCflurry,with_flanks,full_precursor,HLA-A*03:01,0.5,0,0,0
CHGA_L9G_T17D,MHCflurry,with_flanks,full_precursor,HLA-A*03:01,1,1,1,0
CHGA_L9G_T17D,MHCflurry,with_flanks,full_precursor,HLA-A*03:01,2,5,5,0
CHGA_L9G_T17D,MHCflurry,with_flanks,full_precursor,HLA-B*40:01,0.5,4,4,0
CHGA_L9G_T17D,MHCflurry,with_flanks,full_precursor,HLA-B*40:01,1,5,5,0
CHGA_L9G_T17D,MHCflurry,with_flanks,full_precursor,HLA-B*40:01,2,7,7,0
CHGA_L9G_T17D,MHCflurry,with_flanks,full_precursor,HLA-B*49:01,0.5,5,5,0
CHGA_L9G_T17D,MHCflurry,with_flanks,full_precursor,HLA-B*49:01,1,7,8,1
CHGA_L9G_T17D,MHCflurry,with_flanks,full_precursor,HLA-B*49:01,2,11,13,2
CHGA_L9G_T17D,MHCflurry,with_flanks,full_precursor,HLA-C*03:04,0.5,5,2,-3
CHGA_L9G_T17D,MHCflurry,with_flanks,full_precursor,HLA-C*03:04,1,11,5,-6
CHGA_L9G_T17D,MHCflurry,with_flanks,full_precursor,HLA-C*03:04,2,21,18,-3
CHGA_L9G_T17D,MHCflurry,with_flanks,full_precursor,HLA-C*07:01,0.5,5,1,-4
CHGA_L9G_T17D,MHCflurry,with_flanks,full_precursor,HLA-C*07:01,1,7,3,-4
CHGA_L9G_T17D,MHCflurry,with_flanks,full_precursor,HLA-C*07:01,2,12,8,-4
CHGA_L9G_T17P,NetMHC,with_flanks,full_precursor,HLA-A*02:01,0.5,2,2,0
CHGA_L9G_T17P,NetMHC,with_flanks,full_precursor,HLA-A*02:01,1,5,5,0
CHGA_L9G_T17P,NetMHC,with_flanks,full_precursor,HLA-A*02:01,2,12,10,-2
CHGA_L9G_T17P,NetMHC,with_flanks,full_precursor,HLA-A*24:02,0.5,1,1,0
CHGA_L9G_T17P,NetMHC,with_flanks,full_precursor,HLA-A*24:02,1,2,2,0
CHGA_L9G_T17P,NetMHC,with_flanks,full_precursor,HLA-A*24:02,2,2,2,0
CHGA_L9G_T17P,NetMHC,with_flanks,full_precursor,HLA-A*03:01,0.5,0,0,0
CHGA_L9G_T17P,NetMHC,with_flanks,full_precursor,HLA-A*03:01,1,1,1,0
CHGA_L9G_T17P,NetMHC,with_flanks,full_precursor,HLA-A*03:01,2,6,6,0
CHGA_L9G_T17P,NetMHC,with_flanks,full_precursor,HLA-B*40:01,0.5,3,3,0
CHGA_L9G_T17P,NetMHC,with_flanks,full_precursor,HLA-B*40:01,1,6,6,0
CHGA_L9G_T17P,NetMHC,with_flanks,full_precursor,HLA-B*40:01,2,9,10,1
CHGA_L9G_T17P,NetMHC,with_flanks,full_precursor,HLA-B*49:01,0.5,5,5,0
CHGA_L9G_T17P,NetMHC,with_flanks,full_precursor,HLA-B*49:01,1,6,6,0
CHGA_L9G_T17P,NetMHC,with_flanks,full_precursor,HLA-B*49:01,2,9,9,0
CHGA_L9G_T17P,NetMHC,with_flanks,full_precursor,HLA-C*03:04,0.5,3,0,-3
CHGA_L9G_T17P,NetMHC,with_flanks,full_precursor,HLA-C*03:04,1,8,5,-3
CHGA_L9G_T17P,NetMHC,with_flanks,full_precursor,HLA-C*03:04,2,13,11,-2
CHGA_L9G_T17P,NetMHC,with_flanks,full_precursor,HLA-C*07:01,0.5,1,0,-1
CHGA_L9G_T17P,NetMHC,with_flanks,full_precursor,HLA-C*07:01,1,2,0,-2
CHGA_L9G_T17P,NetMHC,with_flanks,full_precursor,HLA-C*07:01,2,8,5,-3
CHGA_L9G_T17P,MHCflurry,with_flanks,full_precursor,HLA-A*02:01,0.5,1,2,1
CHGA_L9G_T17P,MHCflurry,with_flanks,full_precursor,HLA-A*02:01,1,5,4,-1
CHGA_L9G_T17P,MHCflurry,with_flanks,full_precursor,HLA-A*02:01,2,11,10,-1
CHGA_L9G_T17P,MHCflurry,with_flanks,full_precursor,HLA-A*24:02,0.5,0,0,0
CHGA_L9G_T17P,MHCflurry,with_flanks,full_precursor,HLA-A*24:02,1,2,2,0
CHGA_L9G_T17P,MHCflurry,with_flanks,full_precursor,HLA-A*24:02,2,5,3,-2
CHGA_L9G_T17P,MHCflurry,with_flanks,full_precursor,HLA-A*03:01,0.5,0,0,0
CHGA_L9G_T17P,MHCflurry,with_flanks,full_precursor,HLA-A*03:01,1,1,1,0
CHGA_L9G_T17P,MHCflurry,with_flanks,full_precursor,HLA-A*03:01,2,5,6,1
CHGA_L9G_T17P,MHCflurry,with_flanks,full_precursor,HLA-B*40:01,0.5,4,4,0
CHGA_L9G_T17P,MHCflurry,with_flanks,full_precursor,HLA-B*40:01,1,5,5,0
CHGA_L9G_T17P,MHCflurry,with_flanks,full_precursor,HLA-B*40:01,2,7,7,0
CHGA_L9G_T17P,MHCflurry,with_flanks,full_precursor,HLA-B*49:01,0.5,5,5,0
CHGA_L9G_T17P,MHCflurry,with_flanks,full_precursor,HLA-B*49:01,1,7,7,0
CHGA_L9G_T17P,MHCflurry,with_flanks,full_precursor,HLA-B*49:01,2,11,12,1
CHGA_L9G_T17P,MHCflurry,with_flanks,full_precursor,HLA-C*03:04,0.5,5,1,-4
CHGA_L9G_T17P,MHCflurry,with_flanks,full_precursor,HLA-C*03:04,1,11,6,-5
CHGA_L9G_T17P,MHCflurry,with_flanks,full_precursor,HLA-C*03:04,2,21,20,-1
CHGA_L9G_T17P,MHCflurry,with_flanks,full_precursor,HLA-C*07:01,0.5,5,1,-4
CHGA_L9G_T17P,MHCflurry,with_flanks,full_precursor,HLA-C*07:01,1,7,3,-4
CHGA_L9G_T17P,MHCflurry,with_flanks,full_precursor,HLA-C*07:01,2,12,8,-4
CHGA_baseline,NetMHC,with_flanks,unchanged_INS_core,HLA-A*02:01,0.5,2,2,0
CHGA_baseline,NetMHC,with_flanks,unchanged_INS_core,HLA-A*02:01,1,5,5,0
CHGA_baseline,NetMHC,with_flanks,unchanged_INS_core,HLA-A*02:01,2,8,8,0
CHGA_baseline,NetMHC,with_flanks,unchanged_INS_core,HLA-A*24:02,0.5,1,1,0
CHGA_baseline,NetMHC,with_flanks,unchanged_INS_core,HLA-A*24:02,1,2,2,0
CHGA_baseline,NetMHC,with_flanks,unchanged_INS_core,HLA-A*24:02,2,2,2,0
CHGA_baseline,NetMHC,with_flanks,unchanged_INS_core,HLA-A*03:01,0.5,0,0,0
CHGA_baseline,NetMHC,with_flanks,unchanged_INS_core,HLA-A*03:01,1,1,1,0
CHGA_baseline,NetMHC,with_flanks,unchanged_INS_core,HLA-A*03:01,2,6,6,0
CHGA_baseline,NetMHC,with_flanks,unchanged_INS_core,HLA-B*40:01,0.5,3,3,0
CHGA_baseline,NetMHC,with_flanks,unchanged_INS_core,HLA-B*40:01,1,6,6,0
CHGA_baseline,NetMHC,with_flanks,unchanged_INS_core,HLA-B*40:01,2,9,9,0
CHGA_baseline,NetMHC,with_flanks,unchanged_INS_core,HLA-B*49:01,0.5,5,5,0
CHGA_baseline,NetMHC,with_flanks,unchanged_INS_core,HLA-B*49:01,1,6,6,0
CHGA_baseline,NetMHC,with_flanks,unchanged_INS_core,HLA-B*49:01,2,9,9,0
CHGA_baseline,NetMHC,with_flanks,unchanged_INS_core,HLA-C*03:04,0.5,0,0,0
CHGA_baseline,NetMHC,with_flanks,unchanged_INS_core,HLA-C*03:04,1,2,2,0
CHGA_baseline,NetMHC,with_flanks,unchanged_INS_core,HLA-C*03:04,2,5,5,0
CHGA_baseline,NetMHC,with_flanks,unchanged_INS_core,HLA-C*07:01,0.5,0,0,0
CHGA_baseline,NetMHC,with_flanks,unchanged_INS_core,HLA-C*07:01,1,0,0,0
CHGA_baseline,NetMHC,with_flanks,unchanged_INS_core,HLA-C*07:01,2,3,3,0
CHGA_baseline,MHCflurry,with_flanks,unchanged_INS_core,HLA-A*02:01,0.5,1,1,0
CHGA_baseline,MHCflurry,with_flanks,unchanged_INS_core,HLA-A*02:01,1,1,1,0
CHGA_baseline,MHCflurry,with_flanks,unchanged_INS_core,HLA-A*02:01,2,5,5,0
CHGA_baseline,MHCflurry,with_flanks,unchanged_INS_core,HLA-A*24:02,0.5,0,0,0
CHGA_baseline,MHCflurry,with_flanks,unchanged_INS_core,HLA-A*24:02,1,2,2,0
CHGA_baseline,MHCflurry,with_flanks,unchanged_INS_core,HLA-A*24:02,2,3,3,0
CHGA_baseline,MHCflurry,with_flanks,unchanged_INS_core,HLA-A*03:01,0.5,0,0,0
CHGA_baseline,MHCflurry,with_flanks,unchanged_INS_core,HLA-A*03:01,1,1,1,0
CHGA_baseline,MHCflurry,with_flanks,unchanged_INS_core,HLA-A*03:01,2,5,5,0
CHGA_baseline,MHCflurry,with_flanks,unchanged_INS_core,HLA-B*40:01,0.5,4,4,0
CHGA_baseline,MHCflurry,with_flanks,unchanged_INS_core,HLA-B*40:01,1,5,5,0
CHGA_baseline,MHCflurry,with_flanks,unchanged_INS_core,HLA-B*40:01,2,7,7,0
CHGA_baseline,MHCflurry,with_flanks,unchanged_INS_core,HLA-B*49:01,0.5,5,5,0
CHGA_baseline,MHCflurry,with_flanks,unchanged_INS_core,HLA-B*49:01,1,7,7,0
CHGA_baseline,MHCflurry,with_flanks,unchanged_INS_core,HLA-B*49:01,2,11,11,0
CHGA_baseline,MHCflurry,with_flanks,unchanged_INS_core,HLA-C*03:04,0.5,0,0,0
CHGA_baseline,MHCflurry,with_flanks,unchanged_INS_core,HLA-C*03:04,1,2,2,0
CHGA_baseline,MHCflurry,with_flanks,unchanged_INS_core,HLA-C*03:04,2,10,10,0
CHGA_baseline,MHCflurry,with_flanks,unchanged_INS_core,HLA-C*07:01,0.5,1,1,0
CHGA_baseline,MHCflurry,with_flanks,unchanged_INS_core,HLA-C*07:01,1,1,1,0
CHGA_baseline,MHCflurry,with_flanks,unchanged_INS_core,HLA-C*07:01,2,4,4,0
CHGA_L9C,NetMHC,with_flanks,unchanged_INS_core,HLA-A*02:01,0.5,2,2,0
CHGA_L9C,NetMHC,with_flanks,unchanged_INS_core,HLA-A*02:01,1,5,5,0
CHGA_L9C,NetMHC,with_flanks,unchanged_INS_core,HLA-A*02:01,2,8,8,0
CHGA_L9C,NetMHC,with_flanks,unchanged_INS_core,HLA-A*24:02,0.5,1,1,0
CHGA_L9C,NetMHC,with_flanks,unchanged_INS_core,HLA-A*24:02,1,2,2,0
CHGA_L9C,NetMHC,with_flanks,unchanged_INS_core,HLA-A*24:02,2,2,2,0
CHGA_L9C,NetMHC,with_flanks,unchanged_INS_core,HLA-A*03:01,0.5,0,0,0
CHGA_L9C,NetMHC,with_flanks,unchanged_INS_core,HLA-A*03:01,1,1,1,0
CHGA_L9C,NetMHC,with_flanks,unchanged_INS_core,HLA-A*03:01,2,6,6,0
CHGA_L9C,NetMHC,with_flanks,unchanged_INS_core,HLA-B*40:01,0.5,3,3,0
CHGA_L9C,NetMHC,with_flanks,unchanged_INS_core,HLA-B*40:01,1,6,6,0
CHGA_L9C,NetMHC,with_flanks,unchanged_INS_core,HLA-B*40:01,2,9,9,0
CHGA_L9C,NetMHC,with_flanks,unchanged_INS_core,HLA-B*49:01,0.5,5,5,0
CHGA_L9C,NetMHC,with_flanks,unchanged_INS_core,HLA-B*49:01,1,6,6,0
CHGA_L9C,NetMHC,with_flanks,unchanged_INS_core,HLA-B*49:01,2,9,9,0
CHGA_L9C,NetMHC,with_flanks,unchanged_INS_core,HLA-C*03:04,0.5,0,0,0
CHGA_L9C,NetMHC,with_flanks,unchanged_INS_core,HLA-C*03:04,1,2,2,0
CHGA_L9C,NetMHC,with_flanks,unchanged_INS_core,HLA-C*03:04,2,5,5,0
CHGA_L9C,NetMHC,with_flanks,unchanged_INS_core,HLA-C*07:01,0.5,0,0,0
CHGA_L9C,NetMHC,with_flanks,unchanged_INS_core,HLA-C*07:01,1,0,0,0
CHGA_L9C,NetMHC,with_flanks,unchanged_INS_core,HLA-C*07:01,2,3,3,0
CHGA_L9C,MHCflurry,with_flanks,unchanged_INS_core,HLA-A*02:01,0.5,1,1,0
CHGA_L9C,MHCflurry,with_flanks,unchanged_INS_core,HLA-A*02:01,1,1,1,0
CHGA_L9C,MHCflurry,with_flanks,unchanged_INS_core,HLA-A*02:01,2,5,5,0
CHGA_L9C,MHCflurry,with_flanks,unchanged_INS_core,HLA-A*24:02,0.5,0,0,0
CHGA_L9C,MHCflurry,with_flanks,unchanged_INS_core,HLA-A*24:02,1,2,2,0
CHGA_L9C,MHCflurry,with_flanks,unchanged_INS_core,HLA-A*24:02,2,3,3,0
CHGA_L9C,MHCflurry,with_flanks,unchanged_INS_core,HLA-A*03:01,0.5,0,0,0
CHGA_L9C,MHCflurry,with_flanks,unchanged_INS_core,HLA-A*03:01,1,1,1,0
CHGA_L9C,MHCflurry,with_flanks,unchanged_INS_core,HLA-A*03:01,2,5,5,0
CHGA_L9C,MHCflurry,with_flanks,unchanged_INS_core,HLA-B*40:01,0.5,4,4,0
CHGA_L9C,MHCflurry,with_flanks,unchanged_INS_core,HLA-B*40:01,1,5,5,0
CHGA_L9C,MHCflurry,with_flanks,unchanged_INS_core,HLA-B*40:01,2,7,7,0
CHGA_L9C,MHCflurry,with_flanks,unchanged_INS_core,HLA-B*49:01,0.5,5,5,0
CHGA_L9C,MHCflurry,with_flanks,unchanged_INS_core,HLA-B*49:01,1,7,7,0
CHGA_L9C,MHCflurry,with_flanks,unchanged_INS_core,HLA-B*49:01,2,11,11,0
CHGA_L9C,MHCflurry,with_flanks,unchanged_INS_core,HLA-C*03:04,0.5,0,0,0
CHGA_L9C,MHCflurry,with_flanks,unchanged_INS_core,HLA-C*03:04,1,2,2,0
CHGA_L9C,MHCflurry,with_flanks,unchanged_INS_core,HLA-C*03:04,2,10,10,0
CHGA_L9C,MHCflurry,with_flanks,unchanged_INS_core,HLA-C*07:01,0.5,1,1,0
CHGA_L9C,MHCflurry,with_flanks,unchanged_INS_core,HLA-C*07:01,1,1,1,0
CHGA_L9C,MHCflurry,with_flanks,unchanged_INS_core,HLA-C*07:01,2,4,4,0
CHGA_L9G,NetMHC,with_flanks,unchanged_INS_core,HLA-A*02:01,0.5,2,2,0
CHGA_L9G,NetMHC,with_flanks,unchanged_INS_core,HLA-A*02:01,1,5,5,0
CHGA_L9G,NetMHC,with_flanks,unchanged_INS_core,HLA-A*02:01,2,8,8,0
CHGA_L9G,NetMHC,with_flanks,unchanged_INS_core,HLA-A*24:02,0.5,1,1,0
CHGA_L9G,NetMHC,with_flanks,unchanged_INS_core,HLA-A*24:02,1,2,2,0
CHGA_L9G,NetMHC,with_flanks,unchanged_INS_core,HLA-A*24:02,2,2,2,0
CHGA_L9G,NetMHC,with_flanks,unchanged_INS_core,HLA-A*03:01,0.5,0,0,0
CHGA_L9G,NetMHC,with_flanks,unchanged_INS_core,HLA-A*03:01,1,1,1,0
CHGA_L9G,NetMHC,with_flanks,unchanged_INS_core,HLA-A*03:01,2,6,6,0
CHGA_L9G,NetMHC,with_flanks,unchanged_INS_core,HLA-B*40:01,0.5,3,3,0
CHGA_L9G,NetMHC,with_flanks,unchanged_INS_core,HLA-B*40:01,1,6,6,0
CHGA_L9G,NetMHC,with_flanks,unchanged_INS_core,HLA-B*40:01,2,9,9,0
CHGA_L9G,NetMHC,with_flanks,unchanged_INS_core,HLA-B*49:01,0.5,5,5,0
CHGA_L9G,NetMHC,with_flanks,unchanged_INS_core,HLA-B*49:01,1,6,6,0
CHGA_L9G,NetMHC,with_flanks,unchanged_INS_core,HLA-B*49:01,2,9,9,0
CHGA_L9G,NetMHC,with_flanks,unchanged_INS_core,HLA-C*03:04,0.5,0,0,0
CHGA_L9G,NetMHC,with_flanks,unchanged_INS_core,HLA-C*03:04,1,2,2,0
CHGA_L9G,NetMHC,with_flanks,unchanged_INS_core,HLA-C*03:04,2,5,5,0
CHGA_L9G,NetMHC,with_flanks,unchanged_INS_core,HLA-C*07:01,0.5,0,0,0
CHGA_L9G,NetMHC,with_flanks,unchanged_INS_core,HLA-C*07:01,1,0,0,0
CHGA_L9G,NetMHC,with_flanks,unchanged_INS_core,HLA-C*07:01,2,3,3,0
CHGA_L9G,MHCflurry,with_flanks,unchanged_INS_core,HLA-A*02:01,0.5,1,1,0
CHGA_L9G,MHCflurry,with_flanks,unchanged_INS_core,HLA-A*02:01,1,1,1,0
CHGA_L9G,MHCflurry,with_flanks,unchanged_INS_core,HLA-A*02:01,2,5,5,0
CHGA_L9G,MHCflurry,with_flanks,unchanged_INS_core,HLA-A*24:02,0.5,0,0,0
CHGA_L9G,MHCflurry,with_flanks,unchanged_INS_core,HLA-A*24:02,1,2,2,0
CHGA_L9G,MHCflurry,with_flanks,unchanged_INS_core,HLA-A*24:02,2,3,3,0
CHGA_L9G,MHCflurry,with_flanks,unchanged_INS_core,HLA-A*03:01,0.5,0,0,0
CHGA_L9G,MHCflurry,with_flanks,unchanged_INS_core,HLA-A*03:01,1,1,1,0
CHGA_L9G,MHCflurry,with_flanks,unchanged_INS_core,HLA-A*03:01,2,5,5,0
CHGA_L9G,MHCflurry,with_flanks,unchanged_INS_core,HLA-B*40:01,0.5,4,4,0
CHGA_L9G,MHCflurry,with_flanks,unchanged_INS_core,HLA-B*40:01,1,5,5,0
CHGA_L9G,MHCflurry,with_flanks,unchanged_INS_core,HLA-B*40:01,2,7,7,0
CHGA_L9G,MHCflurry,with_flanks,unchanged_INS_core,HLA-B*49:01,0.5,5,5,0
CHGA_L9G,MHCflurry,with_flanks,unchanged_INS_core,HLA-B*49:01,1,7,7,0
CHGA_L9G,MHCflurry,with_flanks,unchanged_INS_core,HLA-B*49:01,2,11,11,0
CHGA_L9G,MHCflurry,with_flanks,unchanged_INS_core,HLA-C*03:04,0.5,0,0,0
CHGA_L9G,MHCflurry,with_flanks,unchanged_INS_core,HLA-C*03:04,1,2,2,0
CHGA_L9G,MHCflurry,with_flanks,unchanged_INS_core,HLA-C*03:04,2,10,10,0
CHGA_L9G,MHCflurry,with_flanks,unchanged_INS_core,HLA-C*07:01,0.5,1,1,0
CHGA_L9G,MHCflurry,with_flanks,unchanged_INS_core,HLA-C*07:01,1,1,1,0
CHGA_L9G,MHCflurry,with_flanks,unchanged_INS_core,HLA-C*07:01,2,4,4,0
CHGA_T17C,NetMHC,with_flanks,unchanged_INS_core,HLA-A*02:01,0.5,2,2,0
CHGA_T17C,NetMHC,with_flanks,unchanged_INS_core,HLA-A*02:01,1,5,5,0
CHGA_T17C,NetMHC,with_flanks,unchanged_INS_core,HLA-A*02:01,2,8,8,0
CHGA_T17C,NetMHC,with_flanks,unchanged_INS_core,HLA-A*24:02,0.5,1,1,0
CHGA_T17C,NetMHC,with_flanks,unchanged_INS_core,HLA-A*24:02,1,2,2,0
CHGA_T17C,NetMHC,with_flanks,unchanged_INS_core,HLA-A*24:02,2,2,2,0
CHGA_T17C,NetMHC,with_flanks,unchanged_INS_core,HLA-A*03:01,0.5,0,0,0
CHGA_T17C,NetMHC,with_flanks,unchanged_INS_core,HLA-A*03:01,1,1,1,0
CHGA_T17C,NetMHC,with_flanks,unchanged_INS_core,HLA-A*03:01,2,6,6,0
CHGA_T17C,NetMHC,with_flanks,unchanged_INS_core,HLA-B*40:01,0.5,3,3,0
CHGA_T17C,NetMHC,with_flanks,unchanged_INS_core,HLA-B*40:01,1,6,6,0
CHGA_T17C,NetMHC,with_flanks,unchanged_INS_core,HLA-B*40:01,2,9,9,0
CHGA_T17C,NetMHC,with_flanks,unchanged_INS_core,HLA-B*49:01,0.5,5,5,0
CHGA_T17C,NetMHC,with_flanks,unchanged_INS_core,HLA-B*49:01,1,6,6,0
CHGA_T17C,NetMHC,with_flanks,unchanged_INS_core,HLA-B*49:01,2,9,9,0
CHGA_T17C,NetMHC,with_flanks,unchanged_INS_core,HLA-C*03:04,0.5,0,0,0
CHGA_T17C,NetMHC,with_flanks,unchanged_INS_core,HLA-C*03:04,1,2,2,0
CHGA_T17C,NetMHC,with_flanks,unchanged_INS_core,HLA-C*03:04,2,5,5,0
CHGA_T17C,NetMHC,with_flanks,unchanged_INS_core,HLA-C*07:01,0.5,0,0,0
CHGA_T17C,NetMHC,with_flanks,unchanged_INS_core,HLA-C*07:01,1,0,0,0
CHGA_T17C,NetMHC,with_flanks,unchanged_INS_core,HLA-C*07:01,2,3,3,0
CHGA_T17C,MHCflurry,with_flanks,unchanged_INS_core,HLA-A*02:01,0.5,1,1,0
CHGA_T17C,MHCflurry,with_flanks,unchanged_INS_core,HLA-A*02:01,1,1,1,0
CHGA_T17C,MHCflurry,with_flanks,unchanged_INS_core,HLA-A*02:01,2,5,5,0
CHGA_T17C,MHCflurry,with_flanks,unchanged_INS_core,HLA-A*24:02,0.5,0,0,0
CHGA_T17C,MHCflurry,with_flanks,unchanged_INS_core,HLA-A*24:02,1,2,2,0
CHGA_T17C,MHCflurry,with_flanks,unchanged_INS_core,HLA-A*24:02,2,3,3,0
CHGA_T17C,MHCflurry,with_flanks,unchanged_INS_core,HLA-A*03:01,0.5,0,0,0
CHGA_T17C,MHCflurry,with_flanks,unchanged_INS_core,HLA-A*03:01,1,1,1,0
CHGA_T17C,MHCflurry,with_flanks,unchanged_INS_core,HLA-A*03:01,2,5,5,0
CHGA_T17C,MHCflurry,with_flanks,unchanged_INS_core,HLA-B*40:01,0.5,4,4,0
CHGA_T17C,MHCflurry,with_flanks,unchanged_INS_core,HLA-B*40:01,1,5,5,0
CHGA_T17C,MHCflurry,with_flanks,unchanged_INS_core,HLA-B*40:01,2,7,7,0
CHGA_T17C,MHCflurry,with_flanks,unchanged_INS_core,HLA-B*49:01,0.5,5,5,0
CHGA_T17C,MHCflurry,with_flanks,unchanged_INS_core,HLA-B*49:01,1,7,7,0
CHGA_T17C,MHCflurry,with_flanks,unchanged_INS_core,HLA-B*49:01,2,11,11,0
CHGA_T17C,MHCflurry,with_flanks,unchanged_INS_core,HLA-C*03:04,0.5,0,0,0
CHGA_T17C,MHCflurry,with_flanks,unchanged_INS_core,HLA-C*03:04,1,2,2,0
CHGA_T17C,MHCflurry,with_flanks,unchanged_INS_core,HLA-C*03:04,2,10,10,0
CHGA_T17C,MHCflurry,with_flanks,unchanged_INS_core,HLA-C*07:01,0.5,1,1,0
CHGA_T17C,MHCflurry,with_flanks,unchanged_INS_core,HLA-C*07:01,1,1,1,0
CHGA_T17C,MHCflurry,with_flanks,unchanged_INS_core,HLA-C*07:01,2,4,4,0
CHGA_T17G,NetMHC,with_flanks,unchanged_INS_core,HLA-A*02:01,0.5,2,2,0
CHGA_T17G,NetMHC,with_flanks,unchanged_INS_core,HLA-A*02:01,1,5,5,0
CHGA_T17G,NetMHC,with_flanks,unchanged_INS_core,HLA-A*02:01,2,8,8,0
CHGA_T17G,NetMHC,with_flanks,unchanged_INS_core,HLA-A*24:02,0.5,1,1,0
CHGA_T17G,NetMHC,with_flanks,unchanged_INS_core,HLA-A*24:02,1,2,2,0
CHGA_T17G,NetMHC,with_flanks,unchanged_INS_core,HLA-A*24:02,2,2,2,0
CHGA_T17G,NetMHC,with_flanks,unchanged_INS_core,HLA-A*03:01,0.5,0,0,0
CHGA_T17G,NetMHC,with_flanks,unchanged_INS_core,HLA-A*03:01,1,1,1,0
CHGA_T17G,NetMHC,with_flanks,unchanged_INS_core,HLA-A*03:01,2,6,6,0
CHGA_T17G,NetMHC,with_flanks,unchanged_INS_core,HLA-B*40:01,0.5,3,3,0
CHGA_T17G,NetMHC,with_flanks,unchanged_INS_core,HLA-B*40:01,1,6,6,0
CHGA_T17G,NetMHC,with_flanks,unchanged_INS_core,HLA-B*40:01,2,9,9,0
CHGA_T17G,NetMHC,with_flanks,unchanged_INS_core,HLA-B*49:01,0.5,5,5,0
CHGA_T17G,NetMHC,with_flanks,unchanged_INS_core,HLA-B*49:01,1,6,6,0
CHGA_T17G,NetMHC,with_flanks,unchanged_INS_core,HLA-B*49:01,2,9,9,0
CHGA_T17G,NetMHC,with_flanks,unchanged_INS_core,HLA-C*03:04,0.5,0,0,0
CHGA_T17G,NetMHC,with_flanks,unchanged_INS_core,HLA-C*03:04,1,2,2,0
CHGA_T17G,NetMHC,with_flanks,unchanged_INS_core,HLA-C*03:04,2,5,5,0
CHGA_T17G,NetMHC,with_flanks,unchanged_INS_core,HLA-C*07:01,0.5,0,0,0
CHGA_T17G,NetMHC,with_flanks,unchanged_INS_core,HLA-C*07:01,1,0,0,0
CHGA_T17G,NetMHC,with_flanks,unchanged_INS_core,HLA-C*07:01,2,3,3,0
CHGA_T17G,MHCflurry,with_flanks,unchanged_INS_core,HLA-A*02:01,0.5,1,1,0
CHGA_T17G,MHCflurry,with_flanks,unchanged_INS_core,HLA-A*02:01,1,1,1,0
CHGA_T17G,MHCflurry,with_flanks,unchanged_INS_core,HLA-A*02:01,2,5,5,0
CHGA_T17G,MHCflurry,with_flanks,unchanged_INS_core,HLA-A*24:02,0.5,0,0,0
CHGA_T17G,MHCflurry,with_flanks,unchanged_INS_core,HLA-A*24:02,1,2,2,0
CHGA_T17G,MHCflurry,with_flanks,unchanged_INS_core,HLA-A*24:02,2,3,3,0
CHGA_T17G,MHCflurry,with_flanks,unchanged_INS_core,HLA-A*03:01,0.5,0,0,0
CHGA_T17G,MHCflurry,with_flanks,unchanged_INS_core,HLA-A*03:01,1,1,1,0
CHGA_T17G,MHCflurry,with_flanks,unchanged_INS_core,HLA-A*03:01,2,5,5,0
CHGA_T17G,MHCflurry,with_flanks,unchanged_INS_core,HLA-B*40:01,0.5,4,4,0
CHGA_T17G,MHCflurry,with_flanks,unchanged_INS_core,HLA-B*40:01,1,5,5,0
CHGA_T17G,MHCflurry,with_flanks,unchanged_INS_core,HLA-B*40:01,2,7,7,0
CHGA_T17G,MHCflurry,with_flanks,unchanged_INS_core,HLA-B*49:01,0.5,5,5,0
CHGA_T17G,MHCflurry,with_flanks,unchanged_INS_core,HLA-B*49:01,1,7,7,0
CHGA_T17G,MHCflurry,with_flanks,unchanged_INS_core,HLA-B*49:01,2,11,11,0
CHGA_T17G,MHCflurry,with_flanks,unchanged_INS_core,HLA-C*03:04,0.5,0,0,0
CHGA_T17G,MHCflurry,with_flanks,unchanged_INS_core,HLA-C*03:04,1,2,2,0
CHGA_T17G,MHCflurry,with_flanks,unchanged_INS_core,HLA-C*03:04,2,10,10,0
CHGA_T17G,MHCflurry,with_flanks,unchanged_INS_core,HLA-C*07:01,0.5,1,1,0
CHGA_T17G,MHCflurry,with_flanks,unchanged_INS_core,HLA-C*07:01,1,1,1,0
CHGA_T17G,MHCflurry,with_flanks,unchanged_INS_core,HLA-C*07:01,2,4,4,0
CHGA_L9C_T17C,NetMHC,with_flanks,unchanged_INS_core,HLA-A*02:01,0.5,2,2,0
CHGA_L9C_T17C,NetMHC,with_flanks,unchanged_INS_core,HLA-A*02:01,1,5,5,0
CHGA_L9C_T17C,NetMHC,with_flanks,unchanged_INS_core,HLA-A*02:01,2,8,8,0
CHGA_L9C_T17C,NetMHC,with_flanks,unchanged_INS_core,HLA-A*24:02,0.5,1,1,0
CHGA_L9C_T17C,NetMHC,with_flanks,unchanged_INS_core,HLA-A*24:02,1,2,2,0
CHGA_L9C_T17C,NetMHC,with_flanks,unchanged_INS_core,HLA-A*24:02,2,2,2,0
CHGA_L9C_T17C,NetMHC,with_flanks,unchanged_INS_core,HLA-A*03:01,0.5,0,0,0
CHGA_L9C_T17C,NetMHC,with_flanks,unchanged_INS_core,HLA-A*03:01,1,1,1,0
CHGA_L9C_T17C,NetMHC,with_flanks,unchanged_INS_core,HLA-A*03:01,2,6,6,0
CHGA_L9C_T17C,NetMHC,with_flanks,unchanged_INS_core,HLA-B*40:01,0.5,3,3,0
CHGA_L9C_T17C,NetMHC,with_flanks,unchanged_INS_core,HLA-B*40:01,1,6,6,0
CHGA_L9C_T17C,NetMHC,with_flanks,unchanged_INS_core,HLA-B*40:01,2,9,9,0
CHGA_L9C_T17C,NetMHC,with_flanks,unchanged_INS_core,HLA-B*49:01,0.5,5,5,0
CHGA_L9C_T17C,NetMHC,with_flanks,unchanged_INS_core,HLA-B*49:01,1,6,6,0
CHGA_L9C_T17C,NetMHC,with_flanks,unchanged_INS_core,HLA-B*49:01,2,9,9,0
CHGA_L9C_T17C,NetMHC,with_flanks,unchanged_INS_core,HLA-C*03:04,0.5,0,0,0
CHGA_L9C_T17C,NetMHC,with_flanks,unchanged_INS_core,HLA-C*03:04,1,2,2,0
CHGA_L9C_T17C,NetMHC,with_flanks,unchanged_INS_core,HLA-C*03:04,2,5,5,0
CHGA_L9C_T17C,NetMHC,with_flanks,unchanged_INS_core,HLA-C*07:01,0.5,0,0,0
CHGA_L9C_T17C,NetMHC,with_flanks,unchanged_INS_core,HLA-C*07:01,1,0,0,0
CHGA_L9C_T17C,NetMHC,with_flanks,unchanged_INS_core,HLA-C*07:01,2,3,3,0
CHGA_L9C_T17C,MHCflurry,with_flanks,unchanged_INS_core,HLA-A*02:01,0.5,1,1,0
CHGA_L9C_T17C,MHCflurry,with_flanks,unchanged_INS_core,HLA-A*02:01,1,1,1,0
CHGA_L9C_T17C,MHCflurry,with_flanks,unchanged_INS_core,HLA-A*02:01,2,5,5,0
CHGA_L9C_T17C,MHCflurry,with_flanks,unchanged_INS_core,HLA-A*24:02,0.5,0,0,0
CHGA_L9C_T17C,MHCflurry,with_flanks,unchanged_INS_core,HLA-A*24:02,1,2,2,0
CHGA_L9C_T17C,MHCflurry,with_flanks,unchanged_INS_core,HLA-A*24:02,2,3,3,0
CHGA_L9C_T17C,MHCflurry,with_flanks,unchanged_INS_core,HLA-A*03:01,0.5,0,0,0
CHGA_L9C_T17C,MHCflurry,with_flanks,unchanged_INS_core,HLA-A*03:01,1,1,1,0
CHGA_L9C_T17C,MHCflurry,with_flanks,unchanged_INS_core,HLA-A*03:01,2,5,5,0
CHGA_L9C_T17C,MHCflurry,with_flanks,unchanged_INS_core,HLA-B*40:01,0.5,4,4,0
CHGA_L9C_T17C,MHCflurry,with_flanks,unchanged_INS_core,HLA-B*40:01,1,5,5,0
CHGA_L9C_T17C,MHCflurry,with_flanks,unchanged_INS_core,HLA-B*40:01,2,7,7,0
CHGA_L9C_T17C,MHCflurry,with_flanks,unchanged_INS_core,HLA-B*49:01,0.5,5,5,0
CHGA_L9C_T17C,MHCflurry,with_flanks,unchanged_INS_core,HLA-B*49:01,1,7,7,0
CHGA_L9C_T17C,MHCflurry,with_flanks,unchanged_INS_core,HLA-B*49:01,2,11,11,0
CHGA_L9C_T17C,MHCflurry,with_flanks,unchanged_INS_core,HLA-C*03:04,0.5,0,0,0
CHGA_L9C_T17C,MHCflurry,with_flanks,unchanged_INS_core,HLA-C*03:04,1,2,2,0
CHGA_L9C_T17C,MHCflurry,with_flanks,unchanged_INS_core,HLA-C*03:04,2,10,10,0
CHGA_L9C_T17C,MHCflurry,with_flanks,unchanged_INS_core,HLA-C*07:01,0.5,1,1,0
CHGA_L9C_T17C,MHCflurry,with_flanks,unchanged_INS_core,HLA-C*07:01,1,1,1,0
CHGA_L9C_T17C,MHCflurry,with_flanks,unchanged_INS_core,HLA-C*07:01,2,4,4,0
CHGA_L9C_T17G,NetMHC,with_flanks,unchanged_INS_core,HLA-A*02:01,0.5,2,2,0
CHGA_L9C_T17G,NetMHC,with_flanks,unchanged_INS_core,HLA-A*02:01,1,5,5,0
CHGA_L9C_T17G,NetMHC,with_flanks,unchanged_INS_core,HLA-A*02:01,2,8,8,0
CHGA_L9C_T17G,NetMHC,with_flanks,unchanged_INS_core,HLA-A*24:02,0.5,1,1,0
CHGA_L9C_T17G,NetMHC,with_flanks,unchanged_INS_core,HLA-A*24:02,1,2,2,0
CHGA_L9C_T17G,NetMHC,with_flanks,unchanged_INS_core,HLA-A*24:02,2,2,2,0
CHGA_L9C_T17G,NetMHC,with_flanks,unchanged_INS_core,HLA-A*03:01,0.5,0,0,0
CHGA_L9C_T17G,NetMHC,with_flanks,unchanged_INS_core,HLA-A*03:01,1,1,1,0
CHGA_L9C_T17G,NetMHC,with_flanks,unchanged_INS_core,HLA-A*03:01,2,6,6,0
CHGA_L9C_T17G,NetMHC,with_flanks,unchanged_INS_core,HLA-B*40:01,0.5,3,3,0
CHGA_L9C_T17G,NetMHC,with_flanks,unchanged_INS_core,HLA-B*40:01,1,6,6,0
CHGA_L9C_T17G,NetMHC,with_flanks,unchanged_INS_core,HLA-B*40:01,2,9,9,0
CHGA_L9C_T17G,NetMHC,with_flanks,unchanged_INS_core,HLA-B*49:01,0.5,5,5,0
CHGA_L9C_T17G,NetMHC,with_flanks,unchanged_INS_core,HLA-B*49:01,1,6,6,0
CHGA_L9C_T17G,NetMHC,with_flanks,unchanged_INS_core,HLA-B*49:01,2,9,9,0
CHGA_L9C_T17G,NetMHC,with_flanks,unchanged_INS_core,HLA-C*03:04,0.5,0,0,0
CHGA_L9C_T17G,NetMHC,with_flanks,unchanged_INS_core,HLA-C*03:04,1,2,2,0
CHGA_L9C_T17G,NetMHC,with_flanks,unchanged_INS_core,HLA-C*03:04,2,5,5,0
CHGA_L9C_T17G,NetMHC,with_flanks,unchanged_INS_core,HLA-C*07:01,0.5,0,0,0
CHGA_L9C_T17G,NetMHC,with_flanks,unchanged_INS_core,HLA-C*07:01,1,0,0,0
CHGA_L9C_T17G,NetMHC,with_flanks,unchanged_INS_core,HLA-C*07:01,2,3,3,0
CHGA_L9C_T17G,MHCflurry,with_flanks,unchanged_INS_core,HLA-A*02:01,0.5,1,1,0
CHGA_L9C_T17G,MHCflurry,with_flanks,unchanged_INS_core,HLA-A*02:01,1,1,1,0
CHGA_L9C_T17G,MHCflurry,with_flanks,unchanged_INS_core,HLA-A*02:01,2,5,5,0
CHGA_L9C_T17G,MHCflurry,with_flanks,unchanged_INS_core,HLA-A*24:02,0.5,0,0,0
CHGA_L9C_T17G,MHCflurry,with_flanks,unchanged_INS_core,HLA-A*24:02,1,2,2,0
CHGA_L9C_T17G,MHCflurry,with_flanks,unchanged_INS_core,HLA-A*24:02,2,3,3,0
CHGA_L9C_T17G,MHCflurry,with_flanks,unchanged_INS_core,HLA-A*03:01,0.5,0,0,0
CHGA_L9C_T17G,MHCflurry,with_flanks,unchanged_INS_core,HLA-A*03:01,1,1,1,0
CHGA_L9C_T17G,MHCflurry,with_flanks,unchanged_INS_core,HLA-A*03:01,2,5,5,0
CHGA_L9C_T17G,MHCflurry,with_flanks,unchanged_INS_core,HLA-B*40:01,0.5,4,4,0
CHGA_L9C_T17G,MHCflurry,with_flanks,unchanged_INS_core,HLA-B*40:01,1,5,5,0
CHGA_L9C_T17G,MHCflurry,with_flanks,unchanged_INS_core,HLA-B*40:01,2,7,7,0
CHGA_L9C_T17G,MHCflurry,with_flanks,unchanged_INS_core,HLA-B*49:01,0.5,5,5,0
CHGA_L9C_T17G,MHCflurry,with_flanks,unchanged_INS_core,HLA-B*49:01,1,7,7,0
CHGA_L9C_T17G,MHCflurry,with_flanks,unchanged_INS_core,HLA-B*49:01,2,11,11,0
CHGA_L9C_T17G,MHCflurry,with_flanks,unchanged_INS_core,HLA-C*03:04,0.5,0,0,0
CHGA_L9C_T17G,MHCflurry,with_flanks,unchanged_INS_core,HLA-C*03:04,1,2,2,0
CHGA_L9C_T17G,MHCflurry,with_flanks,unchanged_INS_core,HLA-C*03:04,2,10,10,0
CHGA_L9C_T17G,MHCflurry,with_flanks,unchanged_INS_core,HLA-C*07:01,0.5,1,1,0
CHGA_L9C_T17G,MHCflurry,with_flanks,unchanged_INS_core,HLA-C*07:01,1,1,1,0
CHGA_L9C_T17G,MHCflurry,with_flanks,unchanged_INS_core,HLA-C*07:01,2,4,4,0
CHGA_L9C_T17D,NetMHC,with_flanks,unchanged_INS_core,HLA-A*02:01,0.5,2,2,0
CHGA_L9C_T17D,NetMHC,with_flanks,unchanged_INS_core,HLA-A*02:01,1,5,5,0
CHGA_L9C_T17D,NetMHC,with_flanks,unchanged_INS_core,HLA-A*02:01,2,8,8,0
CHGA_L9C_T17D,NetMHC,with_flanks,unchanged_INS_core,HLA-A*24:02,0.5,1,1,0
CHGA_L9C_T17D,NetMHC,with_flanks,unchanged_INS_core,HLA-A*24:02,1,2,2,0
CHGA_L9C_T17D,NetMHC,with_flanks,unchanged_INS_core,HLA-A*24:02,2,2,2,0
CHGA_L9C_T17D,NetMHC,with_flanks,unchanged_INS_core,HLA-A*03:01,0.5,0,0,0
CHGA_L9C_T17D,NetMHC,with_flanks,unchanged_INS_core,HLA-A*03:01,1,1,1,0
CHGA_L9C_T17D,NetMHC,with_flanks,unchanged_INS_core,HLA-A*03:01,2,6,6,0
CHGA_L9C_T17D,NetMHC,with_flanks,unchanged_INS_core,HLA-B*40:01,0.5,3,3,0
CHGA_L9C_T17D,NetMHC,with_flanks,unchanged_INS_core,HLA-B*40:01,1,6,6,0
CHGA_L9C_T17D,NetMHC,with_flanks,unchanged_INS_core,HLA-B*40:01,2,9,9,0
CHGA_L9C_T17D,NetMHC,with_flanks,unchanged_INS_core,HLA-B*49:01,0.5,5,5,0
CHGA_L9C_T17D,NetMHC,with_flanks,unchanged_INS_core,HLA-B*49:01,1,6,6,0
CHGA_L9C_T17D,NetMHC,with_flanks,unchanged_INS_core,HLA-B*49:01,2,9,9,0
CHGA_L9C_T17D,NetMHC,with_flanks,unchanged_INS_core,HLA-C*03:04,0.5,0,0,0
CHGA_L9C_T17D,NetMHC,with_flanks,unchanged_INS_core,HLA-C*03:04,1,2,2,0
CHGA_L9C_T17D,NetMHC,with_flanks,unchanged_INS_core,HLA-C*03:04,2,5,5,0
CHGA_L9C_T17D,NetMHC,with_flanks,unchanged_INS_core,HLA-C*07:01,0.5,0,0,0
CHGA_L9C_T17D,NetMHC,with_flanks,unchanged_INS_core,HLA-C*07:01,1,0,0,0
CHGA_L9C_T17D,NetMHC,with_flanks,unchanged_INS_core,HLA-C*07:01,2,3,3,0
CHGA_L9C_T17D,MHCflurry,with_flanks,unchanged_INS_core,HLA-A*02:01,0.5,1,1,0
CHGA_L9C_T17D,MHCflurry,with_flanks,unchanged_INS_core,HLA-A*02:01,1,1,1,0
CHGA_L9C_T17D,MHCflurry,with_flanks,unchanged_INS_core,HLA-A*02:01,2,5,5,0
CHGA_L9C_T17D,MHCflurry,with_flanks,unchanged_INS_core,HLA-A*24:02,0.5,0,0,0
CHGA_L9C_T17D,MHCflurry,with_flanks,unchanged_INS_core,HLA-A*24:02,1,2,2,0
CHGA_L9C_T17D,MHCflurry,with_flanks,unchanged_INS_core,HLA-A*24:02,2,3,3,0
CHGA_L9C_T17D,MHCflurry,with_flanks,unchanged_INS_core,HLA-A*03:01,0.5,0,0,0
CHGA_L9C_T17D,MHCflurry,with_flanks,unchanged_INS_core,HLA-A*03:01,1,1,1,0
CHGA_L9C_T17D,MHCflurry,with_flanks,unchanged_INS_core,HLA-A*03:01,2,5,5,0
CHGA_L9C_T17D,MHCflurry,with_flanks,unchanged_INS_core,HLA-B*40:01,0.5,4,4,0
CHGA_L9C_T17D,MHCflurry,with_flanks,unchanged_INS_core,HLA-B*40:01,1,5,5,0
CHGA_L9C_T17D,MHCflurry,with_flanks,unchanged_INS_core,HLA-B*40:01,2,7,7,0
CHGA_L9C_T17D,MHCflurry,with_flanks,unchanged_INS_core,HLA-B*49:01,0.5,5,5,0
CHGA_L9C_T17D,MHCflurry,with_flanks,unchanged_INS_core,HLA-B*49:01,1,7,7,0
CHGA_L9C_T17D,MHCflurry,with_flanks,unchanged_INS_core,HLA-B*49:01,2,11,11,0
CHGA_L9C_T17D,MHCflurry,with_flanks,unchanged_INS_core,HLA-C*03:04,0.5,0,0,0
CHGA_L9C_T17D,MHCflurry,with_flanks,unchanged_INS_core,HLA-C*03:04,1,2,2,0
CHGA_L9C_T17D,MHCflurry,with_flanks,unchanged_INS_core,HLA-C*03:04,2,10,10,0
CHGA_L9C_T17D,MHCflurry,with_flanks,unchanged_INS_core,HLA-C*07:01,0.5,1,1,0
CHGA_L9C_T17D,MHCflurry,with_flanks,unchanged_INS_core,HLA-C*07:01,1,1,1,0
CHGA_L9C_T17D,MHCflurry,with_flanks,unchanged_INS_core,HLA-C*07:01,2,4,4,0
CHGA_L9C_T17P,NetMHC,with_flanks,unchanged_INS_core,HLA-A*02:01,0.5,2,2,0
CHGA_L9C_T17P,NetMHC,with_flanks,unchanged_INS_core,HLA-A*02:01,1,5,5,0
CHGA_L9C_T17P,NetMHC,with_flanks,unchanged_INS_core,HLA-A*02:01,2,8,8,0
CHGA_L9C_T17P,NetMHC,with_flanks,unchanged_INS_core,HLA-A*24:02,0.5,1,1,0
CHGA_L9C_T17P,NetMHC,with_flanks,unchanged_INS_core,HLA-A*24:02,1,2,2,0
CHGA_L9C_T17P,NetMHC,with_flanks,unchanged_INS_core,HLA-A*24:02,2,2,2,0
CHGA_L9C_T17P,NetMHC,with_flanks,unchanged_INS_core,HLA-A*03:01,0.5,0,0,0
CHGA_L9C_T17P,NetMHC,with_flanks,unchanged_INS_core,HLA-A*03:01,1,1,1,0
CHGA_L9C_T17P,NetMHC,with_flanks,unchanged_INS_core,HLA-A*03:01,2,6,6,0
CHGA_L9C_T17P,NetMHC,with_flanks,unchanged_INS_core,HLA-B*40:01,0.5,3,3,0
CHGA_L9C_T17P,NetMHC,with_flanks,unchanged_INS_core,HLA-B*40:01,1,6,6,0
CHGA_L9C_T17P,NetMHC,with_flanks,unchanged_INS_core,HLA-B*40:01,2,9,9,0
CHGA_L9C_T17P,NetMHC,with_flanks,unchanged_INS_core,HLA-B*49:01,0.5,5,5,0
CHGA_L9C_T17P,NetMHC,with_flanks,unchanged_INS_core,HLA-B*49:01,1,6,6,0
CHGA_L9C_T17P,NetMHC,with_flanks,unchanged_INS_core,HLA-B*49:01,2,9,9,0
CHGA_L9C_T17P,NetMHC,with_flanks,unchanged_INS_core,HLA-C*03:04,0.5,0,0,0
CHGA_L9C_T17P,NetMHC,with_flanks,unchanged_INS_core,HLA-C*03:04,1,2,2,0
CHGA_L9C_T17P,NetMHC,with_flanks,unchanged_INS_core,HLA-C*03:04,2,5,5,0
CHGA_L9C_T17P,NetMHC,with_flanks,unchanged_INS_core,HLA-C*07:01,0.5,0,0,0
CHGA_L9C_T17P,NetMHC,with_flanks,unchanged_INS_core,HLA-C*07:01,1,0,0,0
CHGA_L9C_T17P,NetMHC,with_flanks,unchanged_INS_core,HLA-C*07:01,2,3,3,0
CHGA_L9C_T17P,MHCflurry,with_flanks,unchanged_INS_core,HLA-A*02:01,0.5,1,1,0
CHGA_L9C_T17P,MHCflurry,with_flanks,unchanged_INS_core,HLA-A*02:01,1,1,1,0
CHGA_L9C_T17P,MHCflurry,with_flanks,unchanged_INS_core,HLA-A*02:01,2,5,5,0
CHGA_L9C_T17P,MHCflurry,with_flanks,unchanged_INS_core,HLA-A*24:02,0.5,0,0,0
CHGA_L9C_T17P,MHCflurry,with_flanks,unchanged_INS_core,HLA-A*24:02,1,2,2,0
CHGA_L9C_T17P,MHCflurry,with_flanks,unchanged_INS_core,HLA-A*24:02,2,3,3,0
CHGA_L9C_T17P,MHCflurry,with_flanks,unchanged_INS_core,HLA-A*03:01,0.5,0,0,0
CHGA_L9C_T17P,MHCflurry,with_flanks,unchanged_INS_core,HLA-A*03:01,1,1,1,0
CHGA_L9C_T17P,MHCflurry,with_flanks,unchanged_INS_core,HLA-A*03:01,2,5,5,0
CHGA_L9C_T17P,MHCflurry,with_flanks,unchanged_INS_core,HLA-B*40:01,0.5,4,4,0
CHGA_L9C_T17P,MHCflurry,with_flanks,unchanged_INS_core,HLA-B*40:01,1,5,5,0
CHGA_L9C_T17P,MHCflurry,with_flanks,unchanged_INS_core,HLA-B*40:01,2,7,7,0
CHGA_L9C_T17P,MHCflurry,with_flanks,unchanged_INS_core,HLA-B*49:01,0.5,5,5,0
CHGA_L9C_T17P,MHCflurry,with_flanks,unchanged_INS_core,HLA-B*49:01,1,7,7,0
CHGA_L9C_T17P,MHCflurry,with_flanks,unchanged_INS_core,HLA-B*49:01,2,11,11,0
CHGA_L9C_T17P,MHCflurry,with_flanks,unchanged_INS_core,HLA-C*03:04,0.5,0,0,0
CHGA_L9C_T17P,MHCflurry,with_flanks,unchanged_INS_core,HLA-C*03:04,1,2,2,0
CHGA_L9C_T17P,MHCflurry,with_flanks,unchanged_INS_core,HLA-C*03:04,2,10,9,-1
CHGA_L9C_T17P,MHCflurry,with_flanks,unchanged_INS_core,HLA-C*07:01,0.5,1,1,0
CHGA_L9C_T17P,MHCflurry,with_flanks,unchanged_INS_core,HLA-C*07:01,1,1,1,0
CHGA_L9C_T17P,MHCflurry,with_flanks,unchanged_INS_core,HLA-C*07:01,2,4,4,0
CHGA_L9G_T17C,NetMHC,with_flanks,unchanged_INS_core,HLA-A*02:01,0.5,2,2,0
CHGA_L9G_T17C,NetMHC,with_flanks,unchanged_INS_core,HLA-A*02:01,1,5,5,0
CHGA_L9G_T17C,NetMHC,with_flanks,unchanged_INS_core,HLA-A*02:01,2,8,8,0
CHGA_L9G_T17C,NetMHC,with_flanks,unchanged_INS_core,HLA-A*24:02,0.5,1,1,0
CHGA_L9G_T17C,NetMHC,with_flanks,unchanged_INS_core,HLA-A*24:02,1,2,2,0
CHGA_L9G_T17C,NetMHC,with_flanks,unchanged_INS_core,HLA-A*24:02,2,2,2,0
CHGA_L9G_T17C,NetMHC,with_flanks,unchanged_INS_core,HLA-A*03:01,0.5,0,0,0
CHGA_L9G_T17C,NetMHC,with_flanks,unchanged_INS_core,HLA-A*03:01,1,1,1,0
CHGA_L9G_T17C,NetMHC,with_flanks,unchanged_INS_core,HLA-A*03:01,2,6,6,0
CHGA_L9G_T17C,NetMHC,with_flanks,unchanged_INS_core,HLA-B*40:01,0.5,3,3,0
CHGA_L9G_T17C,NetMHC,with_flanks,unchanged_INS_core,HLA-B*40:01,1,6,6,0
CHGA_L9G_T17C,NetMHC,with_flanks,unchanged_INS_core,HLA-B*40:01,2,9,9,0
CHGA_L9G_T17C,NetMHC,with_flanks,unchanged_INS_core,HLA-B*49:01,0.5,5,5,0
CHGA_L9G_T17C,NetMHC,with_flanks,unchanged_INS_core,HLA-B*49:01,1,6,6,0
CHGA_L9G_T17C,NetMHC,with_flanks,unchanged_INS_core,HLA-B*49:01,2,9,9,0
CHGA_L9G_T17C,NetMHC,with_flanks,unchanged_INS_core,HLA-C*03:04,0.5,0,0,0
CHGA_L9G_T17C,NetMHC,with_flanks,unchanged_INS_core,HLA-C*03:04,1,2,2,0
CHGA_L9G_T17C,NetMHC,with_flanks,unchanged_INS_core,HLA-C*03:04,2,5,5,0
CHGA_L9G_T17C,NetMHC,with_flanks,unchanged_INS_core,HLA-C*07:01,0.5,0,0,0
CHGA_L9G_T17C,NetMHC,with_flanks,unchanged_INS_core,HLA-C*07:01,1,0,0,0
CHGA_L9G_T17C,NetMHC,with_flanks,unchanged_INS_core,HLA-C*07:01,2,3,3,0
CHGA_L9G_T17C,MHCflurry,with_flanks,unchanged_INS_core,HLA-A*02:01,0.5,1,1,0
CHGA_L9G_T17C,MHCflurry,with_flanks,unchanged_INS_core,HLA-A*02:01,1,1,1,0
CHGA_L9G_T17C,MHCflurry,with_flanks,unchanged_INS_core,HLA-A*02:01,2,5,5,0
CHGA_L9G_T17C,MHCflurry,with_flanks,unchanged_INS_core,HLA-A*24:02,0.5,0,0,0
CHGA_L9G_T17C,MHCflurry,with_flanks,unchanged_INS_core,HLA-A*24:02,1,2,2,0
CHGA_L9G_T17C,MHCflurry,with_flanks,unchanged_INS_core,HLA-A*24:02,2,3,3,0
CHGA_L9G_T17C,MHCflurry,with_flanks,unchanged_INS_core,HLA-A*03:01,0.5,0,0,0
CHGA_L9G_T17C,MHCflurry,with_flanks,unchanged_INS_core,HLA-A*03:01,1,1,1,0
CHGA_L9G_T17C,MHCflurry,with_flanks,unchanged_INS_core,HLA-A*03:01,2,5,5,0
CHGA_L9G_T17C,MHCflurry,with_flanks,unchanged_INS_core,HLA-B*40:01,0.5,4,4,0
CHGA_L9G_T17C,MHCflurry,with_flanks,unchanged_INS_core,HLA-B*40:01,1,5,5,0
CHGA_L9G_T17C,MHCflurry,with_flanks,unchanged_INS_core,HLA-B*40:01,2,7,7,0
CHGA_L9G_T17C,MHCflurry,with_flanks,unchanged_INS_core,HLA-B*49:01,0.5,5,5,0
CHGA_L9G_T17C,MHCflurry,with_flanks,unchanged_INS_core,HLA-B*49:01,1,7,7,0
CHGA_L9G_T17C,MHCflurry,with_flanks,unchanged_INS_core,HLA-B*49:01,2,11,11,0
CHGA_L9G_T17C,MHCflurry,with_flanks,unchanged_INS_core,HLA-C*03:04,0.5,0,0,0
CHGA_L9G_T17C,MHCflurry,with_flanks,unchanged_INS_core,HLA-C*03:04,1,2,2,0
CHGA_L9G_T17C,MHCflurry,with_flanks,unchanged_INS_core,HLA-C*03:04,2,10,10,0
CHGA_L9G_T17C,MHCflurry,with_flanks,unchanged_INS_core,HLA-C*07:01,0.5,1,1,0
CHGA_L9G_T17C,MHCflurry,with_flanks,unchanged_INS_core,HLA-C*07:01,1,1,1,0
CHGA_L9G_T17C,MHCflurry,with_flanks,unchanged_INS_core,HLA-C*07:01,2,4,4,0
CHGA_L9G_T17G,NetMHC,with_flanks,unchanged_INS_core,HLA-A*02:01,0.5,2,2,0
CHGA_L9G_T17G,NetMHC,with_flanks,unchanged_INS_core,HLA-A*02:01,1,5,5,0
CHGA_L9G_T17G,NetMHC,with_flanks,unchanged_INS_core,HLA-A*02:01,2,8,8,0
CHGA_L9G_T17G,NetMHC,with_flanks,unchanged_INS_core,HLA-A*24:02,0.5,1,1,0
CHGA_L9G_T17G,NetMHC,with_flanks,unchanged_INS_core,HLA-A*24:02,1,2,2,0
CHGA_L9G_T17G,NetMHC,with_flanks,unchanged_INS_core,HLA-A*24:02,2,2,2,0
CHGA_L9G_T17G,NetMHC,with_flanks,unchanged_INS_core,HLA-A*03:01,0.5,0,0,0
CHGA_L9G_T17G,NetMHC,with_flanks,unchanged_INS_core,HLA-A*03:01,1,1,1,0
CHGA_L9G_T17G,NetMHC,with_flanks,unchanged_INS_core,HLA-A*03:01,2,6,6,0
CHGA_L9G_T17G,NetMHC,with_flanks,unchanged_INS_core,HLA-B*40:01,0.5,3,3,0
CHGA_L9G_T17G,NetMHC,with_flanks,unchanged_INS_core,HLA-B*40:01,1,6,6,0
CHGA_L9G_T17G,NetMHC,with_flanks,unchanged_INS_core,HLA-B*40:01,2,9,9,0
CHGA_L9G_T17G,NetMHC,with_flanks,unchanged_INS_core,HLA-B*49:01,0.5,5,5,0
CHGA_L9G_T17G,NetMHC,with_flanks,unchanged_INS_core,HLA-B*49:01,1,6,6,0
CHGA_L9G_T17G,NetMHC,with_flanks,unchanged_INS_core,HLA-B*49:01,2,9,9,0
CHGA_L9G_T17G,NetMHC,with_flanks,unchanged_INS_core,HLA-C*03:04,0.5,0,0,0
CHGA_L9G_T17G,NetMHC,with_flanks,unchanged_INS_core,HLA-C*03:04,1,2,2,0
CHGA_L9G_T17G,NetMHC,with_flanks,unchanged_INS_core,HLA-C*03:04,2,5,5,0
CHGA_L9G_T17G,NetMHC,with_flanks,unchanged_INS_core,HLA-C*07:01,0.5,0,0,0
CHGA_L9G_T17G,NetMHC,with_flanks,unchanged_INS_core,HLA-C*07:01,1,0,0,0
CHGA_L9G_T17G,NetMHC,with_flanks,unchanged_INS_core,HLA-C*07:01,2,3,3,0
CHGA_L9G_T17G,MHCflurry,with_flanks,unchanged_INS_core,HLA-A*02:01,0.5,1,1,0
CHGA_L9G_T17G,MHCflurry,with_flanks,unchanged_INS_core,HLA-A*02:01,1,1,1,0
CHGA_L9G_T17G,MHCflurry,with_flanks,unchanged_INS_core,HLA-A*02:01,2,5,5,0
CHGA_L9G_T17G,MHCflurry,with_flanks,unchanged_INS_core,HLA-A*24:02,0.5,0,0,0
CHGA_L9G_T17G,MHCflurry,with_flanks,unchanged_INS_core,HLA-A*24:02,1,2,2,0
CHGA_L9G_T17G,MHCflurry,with_flanks,unchanged_INS_core,HLA-A*24:02,2,3,3,0
CHGA_L9G_T17G,MHCflurry,with_flanks,unchanged_INS_core,HLA-A*03:01,0.5,0,0,0
CHGA_L9G_T17G,MHCflurry,with_flanks,unchanged_INS_core,HLA-A*03:01,1,1,1,0
CHGA_L9G_T17G,MHCflurry,with_flanks,unchanged_INS_core,HLA-A*03:01,2,5,5,0
CHGA_L9G_T17G,MHCflurry,with_flanks,unchanged_INS_core,HLA-B*40:01,0.5,4,4,0
CHGA_L9G_T17G,MHCflurry,with_flanks,unchanged_INS_core,HLA-B*40:01,1,5,5,0
CHGA_L9G_T17G,MHCflurry,with_flanks,unchanged_INS_core,HLA-B*40:01,2,7,7,0
CHGA_L9G_T17G,MHCflurry,with_flanks,unchanged_INS_core,HLA-B*49:01,0.5,5,5,0
CHGA_L9G_T17G,MHCflurry,with_flanks,unchanged_INS_core,HLA-B*49:01,1,7,7,0
CHGA_L9G_T17G,MHCflurry,with_flanks,unchanged_INS_core,HLA-B*49:01,2,11,11,0
CHGA_L9G_T17G,MHCflurry,with_flanks,unchanged_INS_core,HLA-C*03:04,0.5,0,0,0
CHGA_L9G_T17G,MHCflurry,with_flanks,unchanged_INS_core,HLA-C*03:04,1,2,2,0
CHGA_L9G_T17G,MHCflurry,with_flanks,unchanged_INS_core,HLA-C*03:04,2,10,10,0
CHGA_L9G_T17G,MHCflurry,with_flanks,unchanged_INS_core,HLA-C*07:01,0.5,1,1,0
CHGA_L9G_T17G,MHCflurry,with_flanks,unchanged_INS_core,HLA-C*07:01,1,1,1,0
CHGA_L9G_T17G,MHCflurry,with_flanks,unchanged_INS_core,HLA-C*07:01,2,4,4,0
CHGA_L9G_T17D,NetMHC,with_flanks,unchanged_INS_core,HLA-A*02:01,0.5,2,2,0
CHGA_L9G_T17D,NetMHC,with_flanks,unchanged_INS_core,HLA-A*02:01,1,5,5,0
CHGA_L9G_T17D,NetMHC,with_flanks,unchanged_INS_core,HLA-A*02:01,2,8,8,0
CHGA_L9G_T17D,NetMHC,with_flanks,unchanged_INS_core,HLA-A*24:02,0.5,1,1,0
CHGA_L9G_T17D,NetMHC,with_flanks,unchanged_INS_core,HLA-A*24:02,1,2,2,0
CHGA_L9G_T17D,NetMHC,with_flanks,unchanged_INS_core,HLA-A*24:02,2,2,2,0
CHGA_L9G_T17D,NetMHC,with_flanks,unchanged_INS_core,HLA-A*03:01,0.5,0,0,0
CHGA_L9G_T17D,NetMHC,with_flanks,unchanged_INS_core,HLA-A*03:01,1,1,1,0
CHGA_L9G_T17D,NetMHC,with_flanks,unchanged_INS_core,HLA-A*03:01,2,6,6,0
CHGA_L9G_T17D,NetMHC,with_flanks,unchanged_INS_core,HLA-B*40:01,0.5,3,3,0
CHGA_L9G_T17D,NetMHC,with_flanks,unchanged_INS_core,HLA-B*40:01,1,6,6,0
CHGA_L9G_T17D,NetMHC,with_flanks,unchanged_INS_core,HLA-B*40:01,2,9,9,0
CHGA_L9G_T17D,NetMHC,with_flanks,unchanged_INS_core,HLA-B*49:01,0.5,5,5,0
CHGA_L9G_T17D,NetMHC,with_flanks,unchanged_INS_core,HLA-B*49:01,1,6,6,0
CHGA_L9G_T17D,NetMHC,with_flanks,unchanged_INS_core,HLA-B*49:01,2,9,9,0
CHGA_L9G_T17D,NetMHC,with_flanks,unchanged_INS_core,HLA-C*03:04,0.5,0,0,0
CHGA_L9G_T17D,NetMHC,with_flanks,unchanged_INS_core,HLA-C*03:04,1,2,2,0
CHGA_L9G_T17D,NetMHC,with_flanks,unchanged_INS_core,HLA-C*03:04,2,5,5,0
CHGA_L9G_T17D,NetMHC,with_flanks,unchanged_INS_core,HLA-C*07:01,0.5,0,0,0
CHGA_L9G_T17D,NetMHC,with_flanks,unchanged_INS_core,HLA-C*07:01,1,0,0,0
CHGA_L9G_T17D,NetMHC,with_flanks,unchanged_INS_core,HLA-C*07:01,2,3,3,0
CHGA_L9G_T17D,MHCflurry,with_flanks,unchanged_INS_core,HLA-A*02:01,0.5,1,1,0
CHGA_L9G_T17D,MHCflurry,with_flanks,unchanged_INS_core,HLA-A*02:01,1,1,1,0
CHGA_L9G_T17D,MHCflurry,with_flanks,unchanged_INS_core,HLA-A*02:01,2,5,5,0
CHGA_L9G_T17D,MHCflurry,with_flanks,unchanged_INS_core,HLA-A*24:02,0.5,0,0,0
CHGA_L9G_T17D,MHCflurry,with_flanks,unchanged_INS_core,HLA-A*24:02,1,2,2,0
CHGA_L9G_T17D,MHCflurry,with_flanks,unchanged_INS_core,HLA-A*24:02,2,3,3,0
CHGA_L9G_T17D,MHCflurry,with_flanks,unchanged_INS_core,HLA-A*03:01,0.5,0,0,0
CHGA_L9G_T17D,MHCflurry,with_flanks,unchanged_INS_core,HLA-A*03:01,1,1,1,0
CHGA_L9G_T17D,MHCflurry,with_flanks,unchanged_INS_core,HLA-A*03:01,2,5,5,0
CHGA_L9G_T17D,MHCflurry,with_flanks,unchanged_INS_core,HLA-B*40:01,0.5,4,4,0
CHGA_L9G_T17D,MHCflurry,with_flanks,unchanged_INS_core,HLA-B*40:01,1,5,5,0
CHGA_L9G_T17D,MHCflurry,with_flanks,unchanged_INS_core,HLA-B*40:01,2,7,7,0
CHGA_L9G_T17D,MHCflurry,with_flanks,unchanged_INS_core,HLA-B*49:01,0.5,5,5,0
CHGA_L9G_T17D,MHCflurry,with_flanks,unchanged_INS_core,HLA-B*49:01,1,7,7,0
CHGA_L9G_T17D,MHCflurry,with_flanks,unchanged_INS_core,HLA-B*49:01,2,11,11,0
CHGA_L9G_T17D,MHCflurry,with_flanks,unchanged_INS_core,HLA-C*03:04,0.5,0,0,0
CHGA_L9G_T17D,MHCflurry,with_flanks,unchanged_INS_core,HLA-C*03:04,1,2,2,0
CHGA_L9G_T17D,MHCflurry,with_flanks,unchanged_INS_core,HLA-C*03:04,2,10,10,0
CHGA_L9G_T17D,MHCflurry,with_flanks,unchanged_INS_core,HLA-C*07:01,0.5,1,1,0
CHGA_L9G_T17D,MHCflurry,with_flanks,unchanged_INS_core,HLA-C*07:01,1,1,1,0
CHGA_L9G_T17D,MHCflurry,with_flanks,unchanged_INS_core,HLA-C*07:01,2,4,4,0
CHGA_L9G_T17P,NetMHC,with_flanks,unchanged_INS_core,HLA-A*02:01,0.5,2,2,0
CHGA_L9G_T17P,NetMHC,with_flanks,unchanged_INS_core,HLA-A*02:01,1,5,5,0
CHGA_L9G_T17P,NetMHC,with_flanks,unchanged_INS_core,HLA-A*02:01,2,8,8,0
CHGA_L9G_T17P,NetMHC,with_flanks,unchanged_INS_core,HLA-A*24:02,0.5,1,1,0
CHGA_L9G_T17P,NetMHC,with_flanks,unchanged_INS_core,HLA-A*24:02,1,2,2,0
CHGA_L9G_T17P,NetMHC,with_flanks,unchanged_INS_core,HLA-A*24:02,2,2,2,0
CHGA_L9G_T17P,NetMHC,with_flanks,unchanged_INS_core,HLA-A*03:01,0.5,0,0,0
CHGA_L9G_T17P,NetMHC,with_flanks,unchanged_INS_core,HLA-A*03:01,1,1,1,0
CHGA_L9G_T17P,NetMHC,with_flanks,unchanged_INS_core,HLA-A*03:01,2,6,6,0
CHGA_L9G_T17P,NetMHC,with_flanks,unchanged_INS_core,HLA-B*40:01,0.5,3,3,0
CHGA_L9G_T17P,NetMHC,with_flanks,unchanged_INS_core,HLA-B*40:01,1,6,6,0
CHGA_L9G_T17P,NetMHC,with_flanks,unchanged_INS_core,HLA-B*40:01,2,9,9,0
CHGA_L9G_T17P,NetMHC,with_flanks,unchanged_INS_core,HLA-B*49:01,0.5,5,5,0
CHGA_L9G_T17P,NetMHC,with_flanks,unchanged_INS_core,HLA-B*49:01,1,6,6,0
CHGA_L9G_T17P,NetMHC,with_flanks,unchanged_INS_core,HLA-B*49:01,2,9,9,0
CHGA_L9G_T17P,NetMHC,with_flanks,unchanged_INS_core,HLA-C*03:04,0.5,0,0,0
CHGA_L9G_T17P,NetMHC,with_flanks,unchanged_INS_core,HLA-C*03:04,1,2,2,0
CHGA_L9G_T17P,NetMHC,with_flanks,unchanged_INS_core,HLA-C*03:04,2,5,5,0
CHGA_L9G_T17P,NetMHC,with_flanks,unchanged_INS_core,HLA-C*07:01,0.5,0,0,0
CHGA_L9G_T17P,NetMHC,with_flanks,unchanged_INS_core,HLA-C*07:01,1,0,0,0
CHGA_L9G_T17P,NetMHC,with_flanks,unchanged_INS_core,HLA-C*07:01,2,3,3,0
CHGA_L9G_T17P,MHCflurry,with_flanks,unchanged_INS_core,HLA-A*02:01,0.5,1,1,0
CHGA_L9G_T17P,MHCflurry,with_flanks,unchanged_INS_core,HLA-A*02:01,1,1,1,0
CHGA_L9G_T17P,MHCflurry,with_flanks,unchanged_INS_core,HLA-A*02:01,2,5,5,0
CHGA_L9G_T17P,MHCflurry,with_flanks,unchanged_INS_core,HLA-A*24:02,0.5,0,0,0
CHGA_L9G_T17P,MHCflurry,with_flanks,unchanged_INS_core,HLA-A*24:02,1,2,2,0
CHGA_L9G_T17P,MHCflurry,with_flanks,unchanged_INS_core,HLA-A*24:02,2,3,3,0
CHGA_L9G_T17P,MHCflurry,with_flanks,unchanged_INS_core,HLA-A*03:01,0.5,0,0,0
CHGA_L9G_T17P,MHCflurry,with_flanks,unchanged_INS_core,HLA-A*03:01,1,1,1,0
CHGA_L9G_T17P,MHCflurry,with_flanks,unchanged_INS_core,HLA-A*03:01,2,5,5,0
CHGA_L9G_T17P,MHCflurry,with_flanks,unchanged_INS_core,HLA-B*40:01,0.5,4,4,0
CHGA_L9G_T17P,MHCflurry,with_flanks,unchanged_INS_core,HLA-B*40:01,1,5,5,0
CHGA_L9G_T17P,MHCflurry,with_flanks,unchanged_INS_core,HLA-B*40:01,2,7,7,0
CHGA_L9G_T17P,MHCflurry,with_flanks,unchanged_INS_core,HLA-B*49:01,0.5,5,5,0
CHGA_L9G_T17P,MHCflurry,with_flanks,unchanged_INS_core,HLA-B*49:01,1,7,7,0
CHGA_L9G_T17P,MHCflurry,with_flanks,unchanged_INS_core,HLA-B*49:01,2,11,11,0
CHGA_L9G_T17P,MHCflurry,with_flanks,unchanged_INS_core,HLA-C*03:04,0.5,0,0,0
CHGA_L9G_T17P,MHCflurry,with_flanks,unchanged_INS_core,HLA-C*03:04,1,2,2,0
CHGA_L9G_T17P,MHCflurry,with_flanks,unchanged_INS_core,HLA-C*03:04,2,10,9,-1
CHGA_L9G_T17P,MHCflurry,with_flanks,unchanged_INS_core,HLA-C*07:01,0.5,1,1,0
CHGA_L9G_T17P,MHCflurry,with_flanks,unchanged_INS_core,HLA-C*07:01,1,1,1,0
CHGA_L9G_T17P,MHCflurry,with_flanks,unchanged_INS_core,HLA-C*07:01,2,4,4,0
CHGA_baseline,NetMHC,with_flanks,flank_affected,HLA-A*02:01,0.5,0,0,0
CHGA_baseline,NetMHC,with_flanks,flank_affected,HLA-A*02:01,1,0,0,0
CHGA_baseline,NetMHC,with_flanks,flank_affected,HLA-A*02:01,2,4,4,0
CHGA_baseline,NetMHC,with_flanks,flank_affected,HLA-A*24:02,0.5,0,0,0
CHGA_baseline,NetMHC,with_flanks,flank_affected,HLA-A*24:02,1,0,0,0
CHGA_baseline,NetMHC,with_flanks,flank_affected,HLA-A*24:02,2,0,0,0
CHGA_baseline,NetMHC,with_flanks,flank_affected,HLA-A*03:01,0.5,0,0,0
CHGA_baseline,NetMHC,with_flanks,flank_affected,HLA-A*03:01,1,0,0,0
CHGA_baseline,NetMHC,with_flanks,flank_affected,HLA-A*03:01,2,0,0,0
CHGA_baseline,NetMHC,with_flanks,flank_affected,HLA-B*40:01,0.5,0,0,0
CHGA_baseline,NetMHC,with_flanks,flank_affected,HLA-B*40:01,1,0,0,0
CHGA_baseline,NetMHC,with_flanks,flank_affected,HLA-B*40:01,2,1,1,0
CHGA_baseline,NetMHC,with_flanks,flank_affected,HLA-B*49:01,0.5,0,0,0
CHGA_baseline,NetMHC,with_flanks,flank_affected,HLA-B*49:01,1,0,0,0
CHGA_baseline,NetMHC,with_flanks,flank_affected,HLA-B*49:01,2,0,0,0
CHGA_baseline,NetMHC,with_flanks,flank_affected,HLA-C*03:04,0.5,3,3,0
CHGA_baseline,NetMHC,with_flanks,flank_affected,HLA-C*03:04,1,6,6,0
CHGA_baseline,NetMHC,with_flanks,flank_affected,HLA-C*03:04,2,9,9,0
CHGA_baseline,NetMHC,with_flanks,flank_affected,HLA-C*07:01,0.5,1,1,0
CHGA_baseline,NetMHC,with_flanks,flank_affected,HLA-C*07:01,1,2,2,0
CHGA_baseline,NetMHC,with_flanks,flank_affected,HLA-C*07:01,2,5,5,0
CHGA_baseline,MHCflurry,with_flanks,flank_affected,HLA-A*02:01,0.5,0,0,0
CHGA_baseline,MHCflurry,with_flanks,flank_affected,HLA-A*02:01,1,4,4,0
CHGA_baseline,MHCflurry,with_flanks,flank_affected,HLA-A*02:01,2,6,6,0
CHGA_baseline,MHCflurry,with_flanks,flank_affected,HLA-A*24:02,0.5,0,0,0
CHGA_baseline,MHCflurry,with_flanks,flank_affected,HLA-A*24:02,1,0,0,0
CHGA_baseline,MHCflurry,with_flanks,flank_affected,HLA-A*24:02,2,2,2,0
CHGA_baseline,MHCflurry,with_flanks,flank_affected,HLA-A*03:01,0.5,0,0,0
CHGA_baseline,MHCflurry,with_flanks,flank_affected,HLA-A*03:01,1,0,0,0
CHGA_baseline,MHCflurry,with_flanks,flank_affected,HLA-A*03:01,2,0,0,0
CHGA_baseline,MHCflurry,with_flanks,flank_affected,HLA-B*40:01,0.5,0,0,0
CHGA_baseline,MHCflurry,with_flanks,flank_affected,HLA-B*40:01,1,0,0,0
CHGA_baseline,MHCflurry,with_flanks,flank_affected,HLA-B*40:01,2,0,0,0
CHGA_baseline,MHCflurry,with_flanks,flank_affected,HLA-B*49:01,0.5,0,0,0
CHGA_baseline,MHCflurry,with_flanks,flank_affected,HLA-B*49:01,1,0,0,0
CHGA_baseline,MHCflurry,with_flanks,flank_affected,HLA-B*49:01,2,0,0,0
CHGA_baseline,MHCflurry,with_flanks,flank_affected,HLA-C*03:04,0.5,5,5,0
CHGA_baseline,MHCflurry,with_flanks,flank_affected,HLA-C*03:04,1,9,9,0
CHGA_baseline,MHCflurry,with_flanks,flank_affected,HLA-C*03:04,2,12,12,0
CHGA_baseline,MHCflurry,with_flanks,flank_affected,HLA-C*07:01,0.5,4,4,0
CHGA_baseline,MHCflurry,with_flanks,flank_affected,HLA-C*07:01,1,6,6,0
CHGA_baseline,MHCflurry,with_flanks,flank_affected,HLA-C*07:01,2,8,8,0
CHGA_L9C,NetMHC,with_flanks,flank_affected,HLA-A*02:01,0.5,0,0,0
CHGA_L9C,NetMHC,with_flanks,flank_affected,HLA-A*02:01,1,0,0,0
CHGA_L9C,NetMHC,with_flanks,flank_affected,HLA-A*02:01,2,4,1,-3
CHGA_L9C,NetMHC,with_flanks,flank_affected,HLA-A*24:02,0.5,0,0,0
CHGA_L9C,NetMHC,with_flanks,flank_affected,HLA-A*24:02,1,0,0,0
CHGA_L9C,NetMHC,with_flanks,flank_affected,HLA-A*24:02,2,0,0,0
CHGA_L9C,NetMHC,with_flanks,flank_affected,HLA-A*03:01,0.5,0,0,0
CHGA_L9C,NetMHC,with_flanks,flank_affected,HLA-A*03:01,1,0,0,0
CHGA_L9C,NetMHC,with_flanks,flank_affected,HLA-A*03:01,2,0,0,0
CHGA_L9C,NetMHC,with_flanks,flank_affected,HLA-B*40:01,0.5,0,0,0
CHGA_L9C,NetMHC,with_flanks,flank_affected,HLA-B*40:01,1,0,0,0
CHGA_L9C,NetMHC,with_flanks,flank_affected,HLA-B*40:01,2,1,1,0
CHGA_L9C,NetMHC,with_flanks,flank_affected,HLA-B*49:01,0.5,0,0,0
CHGA_L9C,NetMHC,with_flanks,flank_affected,HLA-B*49:01,1,0,0,0
CHGA_L9C,NetMHC,with_flanks,flank_affected,HLA-B*49:01,2,0,0,0
CHGA_L9C,NetMHC,with_flanks,flank_affected,HLA-C*03:04,0.5,3,2,-1
CHGA_L9C,NetMHC,with_flanks,flank_affected,HLA-C*03:04,1,6,3,-3
CHGA_L9C,NetMHC,with_flanks,flank_affected,HLA-C*03:04,2,9,7,-2
CHGA_L9C,NetMHC,with_flanks,flank_affected,HLA-C*07:01,0.5,1,0,-1
CHGA_L9C,NetMHC,with_flanks,flank_affected,HLA-C*07:01,1,2,0,-2
CHGA_L9C,NetMHC,with_flanks,flank_affected,HLA-C*07:01,2,5,4,-1
CHGA_L9C,MHCflurry,with_flanks,flank_affected,HLA-A*02:01,0.5,0,0,0
CHGA_L9C,MHCflurry,with_flanks,flank_affected,HLA-A*02:01,1,4,2,-2
CHGA_L9C,MHCflurry,with_flanks,flank_affected,HLA-A*02:01,2,6,4,-2
CHGA_L9C,MHCflurry,with_flanks,flank_affected,HLA-A*24:02,0.5,0,0,0
CHGA_L9C,MHCflurry,with_flanks,flank_affected,HLA-A*24:02,1,0,0,0
CHGA_L9C,MHCflurry,with_flanks,flank_affected,HLA-A*24:02,2,2,1,-1
CHGA_L9C,MHCflurry,with_flanks,flank_affected,HLA-A*03:01,0.5,0,0,0
CHGA_L9C,MHCflurry,with_flanks,flank_affected,HLA-A*03:01,1,0,0,0
CHGA_L9C,MHCflurry,with_flanks,flank_affected,HLA-A*03:01,2,0,0,0
CHGA_L9C,MHCflurry,with_flanks,flank_affected,HLA-B*40:01,0.5,0,0,0
CHGA_L9C,MHCflurry,with_flanks,flank_affected,HLA-B*40:01,1,0,0,0
CHGA_L9C,MHCflurry,with_flanks,flank_affected,HLA-B*40:01,2,0,0,0
CHGA_L9C,MHCflurry,with_flanks,flank_affected,HLA-B*49:01,0.5,0,0,0
CHGA_L9C,MHCflurry,with_flanks,flank_affected,HLA-B*49:01,1,0,0,0
CHGA_L9C,MHCflurry,with_flanks,flank_affected,HLA-B*49:01,2,0,0,0
CHGA_L9C,MHCflurry,with_flanks,flank_affected,HLA-C*03:04,0.5,5,4,-1
CHGA_L9C,MHCflurry,with_flanks,flank_affected,HLA-C*03:04,1,9,5,-4
CHGA_L9C,MHCflurry,with_flanks,flank_affected,HLA-C*03:04,2,12,11,-1
CHGA_L9C,MHCflurry,with_flanks,flank_affected,HLA-C*07:01,0.5,4,0,-4
CHGA_L9C,MHCflurry,with_flanks,flank_affected,HLA-C*07:01,1,6,2,-4
CHGA_L9C,MHCflurry,with_flanks,flank_affected,HLA-C*07:01,2,8,5,-3
CHGA_L9G,NetMHC,with_flanks,flank_affected,HLA-A*02:01,0.5,0,0,0
CHGA_L9G,NetMHC,with_flanks,flank_affected,HLA-A*02:01,1,0,0,0
CHGA_L9G,NetMHC,with_flanks,flank_affected,HLA-A*02:01,2,4,4,0
CHGA_L9G,NetMHC,with_flanks,flank_affected,HLA-A*24:02,0.5,0,0,0
CHGA_L9G,NetMHC,with_flanks,flank_affected,HLA-A*24:02,1,0,0,0
CHGA_L9G,NetMHC,with_flanks,flank_affected,HLA-A*24:02,2,0,0,0
CHGA_L9G,NetMHC,with_flanks,flank_affected,HLA-A*03:01,0.5,0,0,0
CHGA_L9G,NetMHC,with_flanks,flank_affected,HLA-A*03:01,1,0,0,0
CHGA_L9G,NetMHC,with_flanks,flank_affected,HLA-A*03:01,2,0,0,0
CHGA_L9G,NetMHC,with_flanks,flank_affected,HLA-B*40:01,0.5,0,0,0
CHGA_L9G,NetMHC,with_flanks,flank_affected,HLA-B*40:01,1,0,0,0
CHGA_L9G,NetMHC,with_flanks,flank_affected,HLA-B*40:01,2,1,1,0
CHGA_L9G,NetMHC,with_flanks,flank_affected,HLA-B*49:01,0.5,0,0,0
CHGA_L9G,NetMHC,with_flanks,flank_affected,HLA-B*49:01,1,0,0,0
CHGA_L9G,NetMHC,with_flanks,flank_affected,HLA-B*49:01,2,0,0,0
CHGA_L9G,NetMHC,with_flanks,flank_affected,HLA-C*03:04,0.5,3,2,-1
CHGA_L9G,NetMHC,with_flanks,flank_affected,HLA-C*03:04,1,6,4,-2
CHGA_L9G,NetMHC,with_flanks,flank_affected,HLA-C*03:04,2,9,8,-1
CHGA_L9G,NetMHC,with_flanks,flank_affected,HLA-C*07:01,0.5,1,0,-1
CHGA_L9G,NetMHC,with_flanks,flank_affected,HLA-C*07:01,1,2,0,-2
CHGA_L9G,NetMHC,with_flanks,flank_affected,HLA-C*07:01,2,5,3,-2
CHGA_L9G,MHCflurry,with_flanks,flank_affected,HLA-A*02:01,0.5,0,1,1
CHGA_L9G,MHCflurry,with_flanks,flank_affected,HLA-A*02:01,1,4,4,0
CHGA_L9G,MHCflurry,with_flanks,flank_affected,HLA-A*02:01,2,6,5,-1
CHGA_L9G,MHCflurry,with_flanks,flank_affected,HLA-A*24:02,0.5,0,0,0
CHGA_L9G,MHCflurry,with_flanks,flank_affected,HLA-A*24:02,1,0,0,0
CHGA_L9G,MHCflurry,with_flanks,flank_affected,HLA-A*24:02,2,2,1,-1
CHGA_L9G,MHCflurry,with_flanks,flank_affected,HLA-A*03:01,0.5,0,0,0
CHGA_L9G,MHCflurry,with_flanks,flank_affected,HLA-A*03:01,1,0,0,0
CHGA_L9G,MHCflurry,with_flanks,flank_affected,HLA-A*03:01,2,0,0,0
CHGA_L9G,MHCflurry,with_flanks,flank_affected,HLA-B*40:01,0.5,0,0,0
CHGA_L9G,MHCflurry,with_flanks,flank_affected,HLA-B*40:01,1,0,0,0
CHGA_L9G,MHCflurry,with_flanks,flank_affected,HLA-B*40:01,2,0,0,0
CHGA_L9G,MHCflurry,with_flanks,flank_affected,HLA-B*49:01,0.5,0,0,0
CHGA_L9G,MHCflurry,with_flanks,flank_affected,HLA-B*49:01,1,0,0,0
CHGA_L9G,MHCflurry,with_flanks,flank_affected,HLA-B*49:01,2,0,0,0
CHGA_L9G,MHCflurry,with_flanks,flank_affected,HLA-C*03:04,0.5,5,3,-2
CHGA_L9G,MHCflurry,with_flanks,flank_affected,HLA-C*03:04,1,9,4,-5
CHGA_L9G,MHCflurry,with_flanks,flank_affected,HLA-C*03:04,2,12,11,-1
CHGA_L9G,MHCflurry,with_flanks,flank_affected,HLA-C*07:01,0.5,4,0,-4
CHGA_L9G,MHCflurry,with_flanks,flank_affected,HLA-C*07:01,1,6,2,-4
CHGA_L9G,MHCflurry,with_flanks,flank_affected,HLA-C*07:01,2,8,4,-4
CHGA_T17C,NetMHC,with_flanks,flank_affected,HLA-A*02:01,0.5,0,0,0
CHGA_T17C,NetMHC,with_flanks,flank_affected,HLA-A*02:01,1,0,0,0
CHGA_T17C,NetMHC,with_flanks,flank_affected,HLA-A*02:01,2,4,1,-3
CHGA_T17C,NetMHC,with_flanks,flank_affected,HLA-A*24:02,0.5,0,0,0
CHGA_T17C,NetMHC,with_flanks,flank_affected,HLA-A*24:02,1,0,0,0
CHGA_T17C,NetMHC,with_flanks,flank_affected,HLA-A*24:02,2,0,0,0
CHGA_T17C,NetMHC,with_flanks,flank_affected,HLA-A*03:01,0.5,0,0,0
CHGA_T17C,NetMHC,with_flanks,flank_affected,HLA-A*03:01,1,0,0,0
CHGA_T17C,NetMHC,with_flanks,flank_affected,HLA-A*03:01,2,0,0,0
CHGA_T17C,NetMHC,with_flanks,flank_affected,HLA-B*40:01,0.5,0,0,0
CHGA_T17C,NetMHC,with_flanks,flank_affected,HLA-B*40:01,1,0,0,0
CHGA_T17C,NetMHC,with_flanks,flank_affected,HLA-B*40:01,2,1,1,0
CHGA_T17C,NetMHC,with_flanks,flank_affected,HLA-B*49:01,0.5,0,0,0
CHGA_T17C,NetMHC,with_flanks,flank_affected,HLA-B*49:01,1,0,0,0
CHGA_T17C,NetMHC,with_flanks,flank_affected,HLA-B*49:01,2,0,0,0
CHGA_T17C,NetMHC,with_flanks,flank_affected,HLA-C*03:04,0.5,3,1,-2
CHGA_T17C,NetMHC,with_flanks,flank_affected,HLA-C*03:04,1,6,5,-1
CHGA_T17C,NetMHC,with_flanks,flank_affected,HLA-C*03:04,2,9,8,-1
CHGA_T17C,NetMHC,with_flanks,flank_affected,HLA-C*07:01,0.5,1,1,0
CHGA_T17C,NetMHC,with_flanks,flank_affected,HLA-C*07:01,1,2,2,0
CHGA_T17C,NetMHC,with_flanks,flank_affected,HLA-C*07:01,2,5,4,-1
CHGA_T17C,MHCflurry,with_flanks,flank_affected,HLA-A*02:01,0.5,0,0,0
CHGA_T17C,MHCflurry,with_flanks,flank_affected,HLA-A*02:01,1,4,2,-2
CHGA_T17C,MHCflurry,with_flanks,flank_affected,HLA-A*02:01,2,6,4,-2
CHGA_T17C,MHCflurry,with_flanks,flank_affected,HLA-A*24:02,0.5,0,0,0
CHGA_T17C,MHCflurry,with_flanks,flank_affected,HLA-A*24:02,1,0,0,0
CHGA_T17C,MHCflurry,with_flanks,flank_affected,HLA-A*24:02,2,2,1,-1
CHGA_T17C,MHCflurry,with_flanks,flank_affected,HLA-A*03:01,0.5,0,0,0
CHGA_T17C,MHCflurry,with_flanks,flank_affected,HLA-A*03:01,1,0,0,0
CHGA_T17C,MHCflurry,with_flanks,flank_affected,HLA-A*03:01,2,0,0,0
CHGA_T17C,MHCflurry,with_flanks,flank_affected,HLA-B*40:01,0.5,0,0,0
CHGA_T17C,MHCflurry,with_flanks,flank_affected,HLA-B*40:01,1,0,0,0
CHGA_T17C,MHCflurry,with_flanks,flank_affected,HLA-B*40:01,2,0,0,0
CHGA_T17C,MHCflurry,with_flanks,flank_affected,HLA-B*49:01,0.5,0,0,0
CHGA_T17C,MHCflurry,with_flanks,flank_affected,HLA-B*49:01,1,0,0,0
CHGA_T17C,MHCflurry,with_flanks,flank_affected,HLA-B*49:01,2,0,0,0
CHGA_T17C,MHCflurry,with_flanks,flank_affected,HLA-C*03:04,0.5,5,4,-1
CHGA_T17C,MHCflurry,with_flanks,flank_affected,HLA-C*03:04,1,9,8,-1
CHGA_T17C,MHCflurry,with_flanks,flank_affected,HLA-C*03:04,2,12,10,-2
CHGA_T17C,MHCflurry,with_flanks,flank_affected,HLA-C*07:01,0.5,4,4,0
CHGA_T17C,MHCflurry,with_flanks,flank_affected,HLA-C*07:01,1,6,6,0
CHGA_T17C,MHCflurry,with_flanks,flank_affected,HLA-C*07:01,2,8,7,-1
CHGA_T17G,NetMHC,with_flanks,flank_affected,HLA-A*02:01,0.5,0,0,0
CHGA_T17G,NetMHC,with_flanks,flank_affected,HLA-A*02:01,1,0,0,0
CHGA_T17G,NetMHC,with_flanks,flank_affected,HLA-A*02:01,2,4,1,-3
CHGA_T17G,NetMHC,with_flanks,flank_affected,HLA-A*24:02,0.5,0,0,0
CHGA_T17G,NetMHC,with_flanks,flank_affected,HLA-A*24:02,1,0,0,0
CHGA_T17G,NetMHC,with_flanks,flank_affected,HLA-A*24:02,2,0,0,0
CHGA_T17G,NetMHC,with_flanks,flank_affected,HLA-A*03:01,0.5,0,0,0
CHGA_T17G,NetMHC,with_flanks,flank_affected,HLA-A*03:01,1,0,0,0
CHGA_T17G,NetMHC,with_flanks,flank_affected,HLA-A*03:01,2,0,0,0
CHGA_T17G,NetMHC,with_flanks,flank_affected,HLA-B*40:01,0.5,0,0,0
CHGA_T17G,NetMHC,with_flanks,flank_affected,HLA-B*40:01,1,0,0,0
CHGA_T17G,NetMHC,with_flanks,flank_affected,HLA-B*40:01,2,1,1,0
CHGA_T17G,NetMHC,with_flanks,flank_affected,HLA-B*49:01,0.5,0,0,0
CHGA_T17G,NetMHC,with_flanks,flank_affected,HLA-B*49:01,1,0,0,0
CHGA_T17G,NetMHC,with_flanks,flank_affected,HLA-B*49:01,2,0,0,0
CHGA_T17G,NetMHC,with_flanks,flank_affected,HLA-C*03:04,0.5,3,1,-2
CHGA_T17G,NetMHC,with_flanks,flank_affected,HLA-C*03:04,1,6,6,0
CHGA_T17G,NetMHC,with_flanks,flank_affected,HLA-C*03:04,2,9,8,-1
CHGA_T17G,NetMHC,with_flanks,flank_affected,HLA-C*07:01,0.5,1,1,0
CHGA_T17G,NetMHC,with_flanks,flank_affected,HLA-C*07:01,1,2,2,0
CHGA_T17G,NetMHC,with_flanks,flank_affected,HLA-C*07:01,2,5,4,-1
CHGA_T17G,MHCflurry,with_flanks,flank_affected,HLA-A*02:01,0.5,0,0,0
CHGA_T17G,MHCflurry,with_flanks,flank_affected,HLA-A*02:01,1,4,2,-2
CHGA_T17G,MHCflurry,with_flanks,flank_affected,HLA-A*02:01,2,6,6,0
CHGA_T17G,MHCflurry,with_flanks,flank_affected,HLA-A*24:02,0.5,0,0,0
CHGA_T17G,MHCflurry,with_flanks,flank_affected,HLA-A*24:02,1,0,0,0
CHGA_T17G,MHCflurry,with_flanks,flank_affected,HLA-A*24:02,2,2,1,-1
CHGA_T17G,MHCflurry,with_flanks,flank_affected,HLA-A*03:01,0.5,0,0,0
CHGA_T17G,MHCflurry,with_flanks,flank_affected,HLA-A*03:01,1,0,0,0
CHGA_T17G,MHCflurry,with_flanks,flank_affected,HLA-A*03:01,2,0,0,0
CHGA_T17G,MHCflurry,with_flanks,flank_affected,HLA-B*40:01,0.5,0,0,0
CHGA_T17G,MHCflurry,with_flanks,flank_affected,HLA-B*40:01,1,0,0,0
CHGA_T17G,MHCflurry,with_flanks,flank_affected,HLA-B*40:01,2,0,0,0
CHGA_T17G,MHCflurry,with_flanks,flank_affected,HLA-B*49:01,0.5,0,0,0
CHGA_T17G,MHCflurry,with_flanks,flank_affected,HLA-B*49:01,1,0,0,0
CHGA_T17G,MHCflurry,with_flanks,flank_affected,HLA-B*49:01,2,0,2,2
CHGA_T17G,MHCflurry,with_flanks,flank_affected,HLA-C*03:04,0.5,5,3,-2
CHGA_T17G,MHCflurry,with_flanks,flank_affected,HLA-C*03:04,1,9,9,0
CHGA_T17G,MHCflurry,with_flanks,flank_affected,HLA-C*03:04,2,12,10,-2
CHGA_T17G,MHCflurry,with_flanks,flank_affected,HLA-C*07:01,0.5,4,4,0
CHGA_T17G,MHCflurry,with_flanks,flank_affected,HLA-C*07:01,1,6,6,0
CHGA_T17G,MHCflurry,with_flanks,flank_affected,HLA-C*07:01,2,8,8,0
CHGA_L9C_T17C,NetMHC,with_flanks,flank_affected,HLA-A*02:01,0.5,0,0,0
CHGA_L9C_T17C,NetMHC,with_flanks,flank_affected,HLA-A*02:01,1,0,0,0
CHGA_L9C_T17C,NetMHC,with_flanks,flank_affected,HLA-A*02:01,2,4,0,-4
CHGA_L9C_T17C,NetMHC,with_flanks,flank_affected,HLA-A*24:02,0.5,0,0,0
CHGA_L9C_T17C,NetMHC,with_flanks,flank_affected,HLA-A*24:02,1,0,0,0
CHGA_L9C_T17C,NetMHC,with_flanks,flank_affected,HLA-A*24:02,2,0,0,0
CHGA_L9C_T17C,NetMHC,with_flanks,flank_affected,HLA-A*03:01,0.5,0,0,0
CHGA_L9C_T17C,NetMHC,with_flanks,flank_affected,HLA-A*03:01,1,0,0,0
CHGA_L9C_T17C,NetMHC,with_flanks,flank_affected,HLA-A*03:01,2,0,0,0
CHGA_L9C_T17C,NetMHC,with_flanks,flank_affected,HLA-B*40:01,0.5,0,0,0
CHGA_L9C_T17C,NetMHC,with_flanks,flank_affected,HLA-B*40:01,1,0,0,0
CHGA_L9C_T17C,NetMHC,with_flanks,flank_affected,HLA-B*40:01,2,1,1,0
CHGA_L9C_T17C,NetMHC,with_flanks,flank_affected,HLA-B*49:01,0.5,0,0,0
CHGA_L9C_T17C,NetMHC,with_flanks,flank_affected,HLA-B*49:01,1,0,0,0
CHGA_L9C_T17C,NetMHC,with_flanks,flank_affected,HLA-B*49:01,2,0,0,0
CHGA_L9C_T17C,NetMHC,with_flanks,flank_affected,HLA-C*03:04,0.5,3,0,-3
CHGA_L9C_T17C,NetMHC,with_flanks,flank_affected,HLA-C*03:04,1,6,2,-4
CHGA_L9C_T17C,NetMHC,with_flanks,flank_affected,HLA-C*03:04,2,9,6,-3
CHGA_L9C_T17C,NetMHC,with_flanks,flank_affected,HLA-C*07:01,0.5,1,0,-1
CHGA_L9C_T17C,NetMHC,with_flanks,flank_affected,HLA-C*07:01,1,2,0,-2
CHGA_L9C_T17C,NetMHC,with_flanks,flank_affected,HLA-C*07:01,2,5,3,-2
CHGA_L9C_T17C,MHCflurry,with_flanks,flank_affected,HLA-A*02:01,0.5,0,0,0
CHGA_L9C_T17C,MHCflurry,with_flanks,flank_affected,HLA-A*02:01,1,4,0,-4
CHGA_L9C_T17C,MHCflurry,with_flanks,flank_affected,HLA-A*02:01,2,6,3,-3
CHGA_L9C_T17C,MHCflurry,with_flanks,flank_affected,HLA-A*24:02,0.5,0,0,0
CHGA_L9C_T17C,MHCflurry,with_flanks,flank_affected,HLA-A*24:02,1,0,0,0
CHGA_L9C_T17C,MHCflurry,with_flanks,flank_affected,HLA-A*24:02,2,2,0,-2
CHGA_L9C_T17C,MHCflurry,with_flanks,flank_affected,HLA-A*03:01,0.5,0,0,0
CHGA_L9C_T17C,MHCflurry,with_flanks,flank_affected,HLA-A*03:01,1,0,0,0
CHGA_L9C_T17C,MHCflurry,with_flanks,flank_affected,HLA-A*03:01,2,0,0,0
CHGA_L9C_T17C,MHCflurry,with_flanks,flank_affected,HLA-B*40:01,0.5,0,0,0
CHGA_L9C_T17C,MHCflurry,with_flanks,flank_affected,HLA-B*40:01,1,0,0,0
CHGA_L9C_T17C,MHCflurry,with_flanks,flank_affected,HLA-B*40:01,2,0,0,0
CHGA_L9C_T17C,MHCflurry,with_flanks,flank_affected,HLA-B*49:01,0.5,0,0,0
CHGA_L9C_T17C,MHCflurry,with_flanks,flank_affected,HLA-B*49:01,1,0,0,0
CHGA_L9C_T17C,MHCflurry,with_flanks,flank_affected,HLA-B*49:01,2,0,0,0
CHGA_L9C_T17C,MHCflurry,with_flanks,flank_affected,HLA-C*03:04,0.5,5,3,-2
CHGA_L9C_T17C,MHCflurry,with_flanks,flank_affected,HLA-C*03:04,1,9,4,-5
CHGA_L9C_T17C,MHCflurry,with_flanks,flank_affected,HLA-C*03:04,2,12,8,-4
CHGA_L9C_T17C,MHCflurry,with_flanks,flank_affected,HLA-C*07:01,0.5,4,0,-4
CHGA_L9C_T17C,MHCflurry,with_flanks,flank_affected,HLA-C*07:01,1,6,2,-4
CHGA_L9C_T17C,MHCflurry,with_flanks,flank_affected,HLA-C*07:01,2,8,4,-4
CHGA_L9C_T17G,NetMHC,with_flanks,flank_affected,HLA-A*02:01,0.5,0,0,0
CHGA_L9C_T17G,NetMHC,with_flanks,flank_affected,HLA-A*02:01,1,0,0,0
CHGA_L9C_T17G,NetMHC,with_flanks,flank_affected,HLA-A*02:01,2,4,0,-4
CHGA_L9C_T17G,NetMHC,with_flanks,flank_affected,HLA-A*24:02,0.5,0,0,0
CHGA_L9C_T17G,NetMHC,with_flanks,flank_affected,HLA-A*24:02,1,0,0,0
CHGA_L9C_T17G,NetMHC,with_flanks,flank_affected,HLA-A*24:02,2,0,0,0
CHGA_L9C_T17G,NetMHC,with_flanks,flank_affected,HLA-A*03:01,0.5,0,0,0
CHGA_L9C_T17G,NetMHC,with_flanks,flank_affected,HLA-A*03:01,1,0,0,0
CHGA_L9C_T17G,NetMHC,with_flanks,flank_affected,HLA-A*03:01,2,0,0,0
CHGA_L9C_T17G,NetMHC,with_flanks,flank_affected,HLA-B*40:01,0.5,0,0,0
CHGA_L9C_T17G,NetMHC,with_flanks,flank_affected,HLA-B*40:01,1,0,0,0
CHGA_L9C_T17G,NetMHC,with_flanks,flank_affected,HLA-B*40:01,2,1,1,0
CHGA_L9C_T17G,NetMHC,with_flanks,flank_affected,HLA-B*49:01,0.5,0,0,0
CHGA_L9C_T17G,NetMHC,with_flanks,flank_affected,HLA-B*49:01,1,0,0,0
CHGA_L9C_T17G,NetMHC,with_flanks,flank_affected,HLA-B*49:01,2,0,0,0
CHGA_L9C_T17G,NetMHC,with_flanks,flank_affected,HLA-C*03:04,0.5,3,0,-3
CHGA_L9C_T17G,NetMHC,with_flanks,flank_affected,HLA-C*03:04,1,6,3,-3
CHGA_L9C_T17G,NetMHC,with_flanks,flank_affected,HLA-C*03:04,2,9,6,-3
CHGA_L9C_T17G,NetMHC,with_flanks,flank_affected,HLA-C*07:01,0.5,1,0,-1
CHGA_L9C_T17G,NetMHC,with_flanks,flank_affected,HLA-C*07:01,1,2,0,-2
CHGA_L9C_T17G,NetMHC,with_flanks,flank_affected,HLA-C*07:01,2,5,3,-2
CHGA_L9C_T17G,MHCflurry,with_flanks,flank_affected,HLA-A*02:01,0.5,0,0,0
CHGA_L9C_T17G,MHCflurry,with_flanks,flank_affected,HLA-A*02:01,1,4,1,-3
CHGA_L9C_T17G,MHCflurry,with_flanks,flank_affected,HLA-A*02:01,2,6,4,-2
CHGA_L9C_T17G,MHCflurry,with_flanks,flank_affected,HLA-A*24:02,0.5,0,0,0
CHGA_L9C_T17G,MHCflurry,with_flanks,flank_affected,HLA-A*24:02,1,0,0,0
CHGA_L9C_T17G,MHCflurry,with_flanks,flank_affected,HLA-A*24:02,2,2,0,-2
CHGA_L9C_T17G,MHCflurry,with_flanks,flank_affected,HLA-A*03:01,0.5,0,0,0
CHGA_L9C_T17G,MHCflurry,with_flanks,flank_affected,HLA-A*03:01,1,0,0,0
CHGA_L9C_T17G,MHCflurry,with_flanks,flank_affected,HLA-A*03:01,2,0,0,0
CHGA_L9C_T17G,MHCflurry,with_flanks,flank_affected,HLA-B*40:01,0.5,0,0,0
CHGA_L9C_T17G,MHCflurry,with_flanks,flank_affected,HLA-B*40:01,1,0,0,0
CHGA_L9C_T17G,MHCflurry,with_flanks,flank_affected,HLA-B*40:01,2,0,0,0
CHGA_L9C_T17G,MHCflurry,with_flanks,flank_affected,HLA-B*49:01,0.5,0,0,0
CHGA_L9C_T17G,MHCflurry,with_flanks,flank_affected,HLA-B*49:01,1,0,0,0
CHGA_L9C_T17G,MHCflurry,with_flanks,flank_affected,HLA-B*49:01,2,0,0,0
CHGA_L9C_T17G,MHCflurry,with_flanks,flank_affected,HLA-C*03:04,0.5,5,2,-3
CHGA_L9C_T17G,MHCflurry,with_flanks,flank_affected,HLA-C*03:04,1,9,5,-4
CHGA_L9C_T17G,MHCflurry,with_flanks,flank_affected,HLA-C*03:04,2,12,8,-4
CHGA_L9C_T17G,MHCflurry,with_flanks,flank_affected,HLA-C*07:01,0.5,4,0,-4
CHGA_L9C_T17G,MHCflurry,with_flanks,flank_affected,HLA-C*07:01,1,6,2,-4
CHGA_L9C_T17G,MHCflurry,with_flanks,flank_affected,HLA-C*07:01,2,8,5,-3
CHGA_L9C_T17D,NetMHC,with_flanks,flank_affected,HLA-A*02:01,0.5,0,0,0
CHGA_L9C_T17D,NetMHC,with_flanks,flank_affected,HLA-A*02:01,1,0,0,0
CHGA_L9C_T17D,NetMHC,with_flanks,flank_affected,HLA-A*02:01,2,4,1,-3
CHGA_L9C_T17D,NetMHC,with_flanks,flank_affected,HLA-A*24:02,0.5,0,0,0
CHGA_L9C_T17D,NetMHC,with_flanks,flank_affected,HLA-A*24:02,1,0,0,0
CHGA_L9C_T17D,NetMHC,with_flanks,flank_affected,HLA-A*24:02,2,0,0,0
CHGA_L9C_T17D,NetMHC,with_flanks,flank_affected,HLA-A*03:01,0.5,0,0,0
CHGA_L9C_T17D,NetMHC,with_flanks,flank_affected,HLA-A*03:01,1,0,0,0
CHGA_L9C_T17D,NetMHC,with_flanks,flank_affected,HLA-A*03:01,2,0,0,0
CHGA_L9C_T17D,NetMHC,with_flanks,flank_affected,HLA-B*40:01,0.5,0,0,0
CHGA_L9C_T17D,NetMHC,with_flanks,flank_affected,HLA-B*40:01,1,0,0,0
CHGA_L9C_T17D,NetMHC,with_flanks,flank_affected,HLA-B*40:01,2,1,3,2
CHGA_L9C_T17D,NetMHC,with_flanks,flank_affected,HLA-B*49:01,0.5,0,0,0
CHGA_L9C_T17D,NetMHC,with_flanks,flank_affected,HLA-B*49:01,1,0,0,0
CHGA_L9C_T17D,NetMHC,with_flanks,flank_affected,HLA-B*49:01,2,0,1,1
CHGA_L9C_T17D,NetMHC,with_flanks,flank_affected,HLA-C*03:04,0.5,3,0,-3
CHGA_L9C_T17D,NetMHC,with_flanks,flank_affected,HLA-C*03:04,1,6,1,-5
CHGA_L9C_T17D,NetMHC,with_flanks,flank_affected,HLA-C*03:04,2,9,4,-5
CHGA_L9C_T17D,NetMHC,with_flanks,flank_affected,HLA-C*07:01,0.5,1,0,-1
CHGA_L9C_T17D,NetMHC,with_flanks,flank_affected,HLA-C*07:01,1,2,0,-2
CHGA_L9C_T17D,NetMHC,with_flanks,flank_affected,HLA-C*07:01,2,5,3,-2
CHGA_L9C_T17D,MHCflurry,with_flanks,flank_affected,HLA-A*02:01,0.5,0,0,0
CHGA_L9C_T17D,MHCflurry,with_flanks,flank_affected,HLA-A*02:01,1,4,1,-3
CHGA_L9C_T17D,MHCflurry,with_flanks,flank_affected,HLA-A*02:01,2,6,3,-3
CHGA_L9C_T17D,MHCflurry,with_flanks,flank_affected,HLA-A*24:02,0.5,0,0,0
CHGA_L9C_T17D,MHCflurry,with_flanks,flank_affected,HLA-A*24:02,1,0,0,0
CHGA_L9C_T17D,MHCflurry,with_flanks,flank_affected,HLA-A*24:02,2,2,0,-2
CHGA_L9C_T17D,MHCflurry,with_flanks,flank_affected,HLA-A*03:01,0.5,0,0,0
CHGA_L9C_T17D,MHCflurry,with_flanks,flank_affected,HLA-A*03:01,1,0,0,0
CHGA_L9C_T17D,MHCflurry,with_flanks,flank_affected,HLA-A*03:01,2,0,0,0
CHGA_L9C_T17D,MHCflurry,with_flanks,flank_affected,HLA-B*40:01,0.5,0,0,0
CHGA_L9C_T17D,MHCflurry,with_flanks,flank_affected,HLA-B*40:01,1,0,0,0
CHGA_L9C_T17D,MHCflurry,with_flanks,flank_affected,HLA-B*40:01,2,0,0,0
CHGA_L9C_T17D,MHCflurry,with_flanks,flank_affected,HLA-B*49:01,0.5,0,0,0
CHGA_L9C_T17D,MHCflurry,with_flanks,flank_affected,HLA-B*49:01,1,0,0,0
CHGA_L9C_T17D,MHCflurry,with_flanks,flank_affected,HLA-B*49:01,2,0,2,2
CHGA_L9C_T17D,MHCflurry,with_flanks,flank_affected,HLA-C*03:04,0.5,5,3,-2
CHGA_L9C_T17D,MHCflurry,with_flanks,flank_affected,HLA-C*03:04,1,9,4,-5
CHGA_L9C_T17D,MHCflurry,with_flanks,flank_affected,HLA-C*03:04,2,12,8,-4
CHGA_L9C_T17D,MHCflurry,with_flanks,flank_affected,HLA-C*07:01,0.5,4,0,-4
CHGA_L9C_T17D,MHCflurry,with_flanks,flank_affected,HLA-C*07:01,1,6,2,-4
CHGA_L9C_T17D,MHCflurry,with_flanks,flank_affected,HLA-C*07:01,2,8,5,-3
CHGA_L9C_T17P,NetMHC,with_flanks,flank_affected,HLA-A*02:01,0.5,0,0,0
CHGA_L9C_T17P,NetMHC,with_flanks,flank_affected,HLA-A*02:01,1,0,0,0
CHGA_L9C_T17P,NetMHC,with_flanks,flank_affected,HLA-A*02:01,2,4,0,-4
CHGA_L9C_T17P,NetMHC,with_flanks,flank_affected,HLA-A*24:02,0.5,0,0,0
CHGA_L9C_T17P,NetMHC,with_flanks,flank_affected,HLA-A*24:02,1,0,0,0
CHGA_L9C_T17P,NetMHC,with_flanks,flank_affected,HLA-A*24:02,2,0,0,0
CHGA_L9C_T17P,NetMHC,with_flanks,flank_affected,HLA-A*03:01,0.5,0,0,0
CHGA_L9C_T17P,NetMHC,with_flanks,flank_affected,HLA-A*03:01,1,0,0,0
CHGA_L9C_T17P,NetMHC,with_flanks,flank_affected,HLA-A*03:01,2,0,0,0
CHGA_L9C_T17P,NetMHC,with_flanks,flank_affected,HLA-B*40:01,0.5,0,0,0
CHGA_L9C_T17P,NetMHC,with_flanks,flank_affected,HLA-B*40:01,1,0,0,0
CHGA_L9C_T17P,NetMHC,with_flanks,flank_affected,HLA-B*40:01,2,1,2,1
CHGA_L9C_T17P,NetMHC,with_flanks,flank_affected,HLA-B*49:01,0.5,0,0,0
CHGA_L9C_T17P,NetMHC,with_flanks,flank_affected,HLA-B*49:01,1,0,0,0
CHGA_L9C_T17P,NetMHC,with_flanks,flank_affected,HLA-B*49:01,2,0,0,0
CHGA_L9C_T17P,NetMHC,with_flanks,flank_affected,HLA-C*03:04,0.5,3,0,-3
CHGA_L9C_T17P,NetMHC,with_flanks,flank_affected,HLA-C*03:04,1,6,2,-4
CHGA_L9C_T17P,NetMHC,with_flanks,flank_affected,HLA-C*03:04,2,9,6,-3
CHGA_L9C_T17P,NetMHC,with_flanks,flank_affected,HLA-C*07:01,0.5,1,0,-1
CHGA_L9C_T17P,NetMHC,with_flanks,flank_affected,HLA-C*07:01,1,2,0,-2
CHGA_L9C_T17P,NetMHC,with_flanks,flank_affected,HLA-C*07:01,2,5,3,-2
CHGA_L9C_T17P,MHCflurry,with_flanks,flank_affected,HLA-A*02:01,0.5,0,0,0
CHGA_L9C_T17P,MHCflurry,with_flanks,flank_affected,HLA-A*02:01,1,4,1,-3
CHGA_L9C_T17P,MHCflurry,with_flanks,flank_affected,HLA-A*02:01,2,6,4,-2
CHGA_L9C_T17P,MHCflurry,with_flanks,flank_affected,HLA-A*24:02,0.5,0,0,0
CHGA_L9C_T17P,MHCflurry,with_flanks,flank_affected,HLA-A*24:02,1,0,0,0
CHGA_L9C_T17P,MHCflurry,with_flanks,flank_affected,HLA-A*24:02,2,2,0,-2
CHGA_L9C_T17P,MHCflurry,with_flanks,flank_affected,HLA-A*03:01,0.5,0,0,0
CHGA_L9C_T17P,MHCflurry,with_flanks,flank_affected,HLA-A*03:01,1,0,0,0
CHGA_L9C_T17P,MHCflurry,with_flanks,flank_affected,HLA-A*03:01,2,0,1,1
CHGA_L9C_T17P,MHCflurry,with_flanks,flank_affected,HLA-B*40:01,0.5,0,0,0
CHGA_L9C_T17P,MHCflurry,with_flanks,flank_affected,HLA-B*40:01,1,0,0,0
CHGA_L9C_T17P,MHCflurry,with_flanks,flank_affected,HLA-B*40:01,2,0,0,0
CHGA_L9C_T17P,MHCflurry,with_flanks,flank_affected,HLA-B*49:01,0.5,0,0,0
CHGA_L9C_T17P,MHCflurry,with_flanks,flank_affected,HLA-B*49:01,1,0,0,0
CHGA_L9C_T17P,MHCflurry,with_flanks,flank_affected,HLA-B*49:01,2,0,1,1
CHGA_L9C_T17P,MHCflurry,with_flanks,flank_affected,HLA-C*03:04,0.5,5,2,-3
CHGA_L9C_T17P,MHCflurry,with_flanks,flank_affected,HLA-C*03:04,1,9,5,-4
CHGA_L9C_T17P,MHCflurry,with_flanks,flank_affected,HLA-C*03:04,2,12,10,-2
CHGA_L9C_T17P,MHCflurry,with_flanks,flank_affected,HLA-C*07:01,0.5,4,0,-4
CHGA_L9C_T17P,MHCflurry,with_flanks,flank_affected,HLA-C*07:01,1,6,2,-4
CHGA_L9C_T17P,MHCflurry,with_flanks,flank_affected,HLA-C*07:01,2,8,5,-3
CHGA_L9G_T17C,NetMHC,with_flanks,flank_affected,HLA-A*02:01,0.5,0,0,0
CHGA_L9G_T17C,NetMHC,with_flanks,flank_affected,HLA-A*02:01,1,0,0,0
CHGA_L9G_T17C,NetMHC,with_flanks,flank_affected,HLA-A*02:01,2,4,2,-2
CHGA_L9G_T17C,NetMHC,with_flanks,flank_affected,HLA-A*24:02,0.5,0,0,0
CHGA_L9G_T17C,NetMHC,with_flanks,flank_affected,HLA-A*24:02,1,0,0,0
CHGA_L9G_T17C,NetMHC,with_flanks,flank_affected,HLA-A*24:02,2,0,0,0
CHGA_L9G_T17C,NetMHC,with_flanks,flank_affected,HLA-A*03:01,0.5,0,0,0
CHGA_L9G_T17C,NetMHC,with_flanks,flank_affected,HLA-A*03:01,1,0,0,0
CHGA_L9G_T17C,NetMHC,with_flanks,flank_affected,HLA-A*03:01,2,0,0,0
CHGA_L9G_T17C,NetMHC,with_flanks,flank_affected,HLA-B*40:01,0.5,0,0,0
CHGA_L9G_T17C,NetMHC,with_flanks,flank_affected,HLA-B*40:01,1,0,0,0
CHGA_L9G_T17C,NetMHC,with_flanks,flank_affected,HLA-B*40:01,2,1,1,0
CHGA_L9G_T17C,NetMHC,with_flanks,flank_affected,HLA-B*49:01,0.5,0,0,0
CHGA_L9G_T17C,NetMHC,with_flanks,flank_affected,HLA-B*49:01,1,0,0,0
CHGA_L9G_T17C,NetMHC,with_flanks,flank_affected,HLA-B*49:01,2,0,0,0
CHGA_L9G_T17C,NetMHC,with_flanks,flank_affected,HLA-C*03:04,0.5,3,0,-3
CHGA_L9G_T17C,NetMHC,with_flanks,flank_affected,HLA-C*03:04,1,6,3,-3
CHGA_L9G_T17C,NetMHC,with_flanks,flank_affected,HLA-C*03:04,2,9,7,-2
CHGA_L9G_T17C,NetMHC,with_flanks,flank_affected,HLA-C*07:01,0.5,1,0,-1
CHGA_L9G_T17C,NetMHC,with_flanks,flank_affected,HLA-C*07:01,1,2,0,-2
CHGA_L9G_T17C,NetMHC,with_flanks,flank_affected,HLA-C*07:01,2,5,2,-3
CHGA_L9G_T17C,MHCflurry,with_flanks,flank_affected,HLA-A*02:01,0.5,0,1,1
CHGA_L9G_T17C,MHCflurry,with_flanks,flank_affected,HLA-A*02:01,1,4,2,-2
CHGA_L9G_T17C,MHCflurry,with_flanks,flank_affected,HLA-A*02:01,2,6,4,-2
CHGA_L9G_T17C,MHCflurry,with_flanks,flank_affected,HLA-A*24:02,0.5,0,0,0
CHGA_L9G_T17C,MHCflurry,with_flanks,flank_affected,HLA-A*24:02,1,0,0,0
CHGA_L9G_T17C,MHCflurry,with_flanks,flank_affected,HLA-A*24:02,2,2,0,-2
CHGA_L9G_T17C,MHCflurry,with_flanks,flank_affected,HLA-A*03:01,0.5,0,0,0
CHGA_L9G_T17C,MHCflurry,with_flanks,flank_affected,HLA-A*03:01,1,0,0,0
CHGA_L9G_T17C,MHCflurry,with_flanks,flank_affected,HLA-A*03:01,2,0,0,0
CHGA_L9G_T17C,MHCflurry,with_flanks,flank_affected,HLA-B*40:01,0.5,0,0,0
CHGA_L9G_T17C,MHCflurry,with_flanks,flank_affected,HLA-B*40:01,1,0,0,0
CHGA_L9G_T17C,MHCflurry,with_flanks,flank_affected,HLA-B*40:01,2,0,0,0
CHGA_L9G_T17C,MHCflurry,with_flanks,flank_affected,HLA-B*49:01,0.5,0,0,0
CHGA_L9G_T17C,MHCflurry,with_flanks,flank_affected,HLA-B*49:01,1,0,0,0
CHGA_L9G_T17C,MHCflurry,with_flanks,flank_affected,HLA-B*49:01,2,0,0,0
CHGA_L9G_T17C,MHCflurry,with_flanks,flank_affected,HLA-C*03:04,0.5,5,2,-3
CHGA_L9G_T17C,MHCflurry,with_flanks,flank_affected,HLA-C*03:04,1,9,3,-6
CHGA_L9G_T17C,MHCflurry,with_flanks,flank_affected,HLA-C*03:04,2,12,9,-3
CHGA_L9G_T17C,MHCflurry,with_flanks,flank_affected,HLA-C*07:01,0.5,4,0,-4
CHGA_L9G_T17C,MHCflurry,with_flanks,flank_affected,HLA-C*07:01,1,6,2,-4
CHGA_L9G_T17C,MHCflurry,with_flanks,flank_affected,HLA-C*07:01,2,8,3,-5
CHGA_L9G_T17G,NetMHC,with_flanks,flank_affected,HLA-A*02:01,0.5,0,0,0
CHGA_L9G_T17G,NetMHC,with_flanks,flank_affected,HLA-A*02:01,1,0,0,0
CHGA_L9G_T17G,NetMHC,with_flanks,flank_affected,HLA-A*02:01,2,4,2,-2
CHGA_L9G_T17G,NetMHC,with_flanks,flank_affected,HLA-A*24:02,0.5,0,0,0
CHGA_L9G_T17G,NetMHC,with_flanks,flank_affected,HLA-A*24:02,1,0,0,0
CHGA_L9G_T17G,NetMHC,with_flanks,flank_affected,HLA-A*24:02,2,0,0,0
CHGA_L9G_T17G,NetMHC,with_flanks,flank_affected,HLA-A*03:01,0.5,0,0,0
CHGA_L9G_T17G,NetMHC,with_flanks,flank_affected,HLA-A*03:01,1,0,0,0
CHGA_L9G_T17G,NetMHC,with_flanks,flank_affected,HLA-A*03:01,2,0,0,0
CHGA_L9G_T17G,NetMHC,with_flanks,flank_affected,HLA-B*40:01,0.5,0,0,0
CHGA_L9G_T17G,NetMHC,with_flanks,flank_affected,HLA-B*40:01,1,0,0,0
CHGA_L9G_T17G,NetMHC,with_flanks,flank_affected,HLA-B*40:01,2,1,1,0
CHGA_L9G_T17G,NetMHC,with_flanks,flank_affected,HLA-B*49:01,0.5,0,0,0
CHGA_L9G_T17G,NetMHC,with_flanks,flank_affected,HLA-B*49:01,1,0,0,0
CHGA_L9G_T17G,NetMHC,with_flanks,flank_affected,HLA-B*49:01,2,0,0,0
CHGA_L9G_T17G,NetMHC,with_flanks,flank_affected,HLA-C*03:04,0.5,3,0,-3
CHGA_L9G_T17G,NetMHC,with_flanks,flank_affected,HLA-C*03:04,1,6,4,-2
CHGA_L9G_T17G,NetMHC,with_flanks,flank_affected,HLA-C*03:04,2,9,7,-2
CHGA_L9G_T17G,NetMHC,with_flanks,flank_affected,HLA-C*07:01,0.5,1,0,-1
CHGA_L9G_T17G,NetMHC,with_flanks,flank_affected,HLA-C*07:01,1,2,0,-2
CHGA_L9G_T17G,NetMHC,with_flanks,flank_affected,HLA-C*07:01,2,5,2,-3
CHGA_L9G_T17G,MHCflurry,with_flanks,flank_affected,HLA-A*02:01,0.5,0,1,1
CHGA_L9G_T17G,MHCflurry,with_flanks,flank_affected,HLA-A*02:01,1,4,2,-2
CHGA_L9G_T17G,MHCflurry,with_flanks,flank_affected,HLA-A*02:01,2,6,5,-1
CHGA_L9G_T17G,MHCflurry,with_flanks,flank_affected,HLA-A*24:02,0.5,0,0,0
CHGA_L9G_T17G,MHCflurry,with_flanks,flank_affected,HLA-A*24:02,1,0,0,0
CHGA_L9G_T17G,MHCflurry,with_flanks,flank_affected,HLA-A*24:02,2,2,0,-2
CHGA_L9G_T17G,MHCflurry,with_flanks,flank_affected,HLA-A*03:01,0.5,0,0,0
CHGA_L9G_T17G,MHCflurry,with_flanks,flank_affected,HLA-A*03:01,1,0,0,0
CHGA_L9G_T17G,MHCflurry,with_flanks,flank_affected,HLA-A*03:01,2,0,0,0
CHGA_L9G_T17G,MHCflurry,with_flanks,flank_affected,HLA-B*40:01,0.5,0,0,0
CHGA_L9G_T17G,MHCflurry,with_flanks,flank_affected,HLA-B*40:01,1,0,0,0
CHGA_L9G_T17G,MHCflurry,with_flanks,flank_affected,HLA-B*40:01,2,0,0,0
CHGA_L9G_T17G,MHCflurry,with_flanks,flank_affected,HLA-B*49:01,0.5,0,0,0
CHGA_L9G_T17G,MHCflurry,with_flanks,flank_affected,HLA-B*49:01,1,0,0,0
CHGA_L9G_T17G,MHCflurry,with_flanks,flank_affected,HLA-B*49:01,2,0,0,0
CHGA_L9G_T17G,MHCflurry,with_flanks,flank_affected,HLA-C*03:04,0.5,5,1,-4
CHGA_L9G_T17G,MHCflurry,with_flanks,flank_affected,HLA-C*03:04,1,9,4,-5
CHGA_L9G_T17G,MHCflurry,with_flanks,flank_affected,HLA-C*03:04,2,12,9,-3
CHGA_L9G_T17G,MHCflurry,with_flanks,flank_affected,HLA-C*07:01,0.5,4,0,-4
CHGA_L9G_T17G,MHCflurry,with_flanks,flank_affected,HLA-C*07:01,1,6,2,-4
CHGA_L9G_T17G,MHCflurry,with_flanks,flank_affected,HLA-C*07:01,2,8,4,-4
CHGA_L9G_T17D,NetMHC,with_flanks,flank_affected,HLA-A*02:01,0.5,0,0,0
CHGA_L9G_T17D,NetMHC,with_flanks,flank_affected,HLA-A*02:01,1,0,0,0
CHGA_L9G_T17D,NetMHC,with_flanks,flank_affected,HLA-A*02:01,2,4,3,-1
CHGA_L9G_T17D,NetMHC,with_flanks,flank_affected,HLA-A*24:02,0.5,0,0,0
CHGA_L9G_T17D,NetMHC,with_flanks,flank_affected,HLA-A*24:02,1,0,0,0
CHGA_L9G_T17D,NetMHC,with_flanks,flank_affected,HLA-A*24:02,2,0,0,0
CHGA_L9G_T17D,NetMHC,with_flanks,flank_affected,HLA-A*03:01,0.5,0,0,0
CHGA_L9G_T17D,NetMHC,with_flanks,flank_affected,HLA-A*03:01,1,0,0,0
CHGA_L9G_T17D,NetMHC,with_flanks,flank_affected,HLA-A*03:01,2,0,0,0
CHGA_L9G_T17D,NetMHC,with_flanks,flank_affected,HLA-B*40:01,0.5,0,0,0
CHGA_L9G_T17D,NetMHC,with_flanks,flank_affected,HLA-B*40:01,1,0,0,0
CHGA_L9G_T17D,NetMHC,with_flanks,flank_affected,HLA-B*40:01,2,1,3,2
CHGA_L9G_T17D,NetMHC,with_flanks,flank_affected,HLA-B*49:01,0.5,0,0,0
CHGA_L9G_T17D,NetMHC,with_flanks,flank_affected,HLA-B*49:01,1,0,0,0
CHGA_L9G_T17D,NetMHC,with_flanks,flank_affected,HLA-B*49:01,2,0,1,1
CHGA_L9G_T17D,NetMHC,with_flanks,flank_affected,HLA-C*03:04,0.5,3,0,-3
CHGA_L9G_T17D,NetMHC,with_flanks,flank_affected,HLA-C*03:04,1,6,2,-4
CHGA_L9G_T17D,NetMHC,with_flanks,flank_affected,HLA-C*03:04,2,9,5,-4
CHGA_L9G_T17D,NetMHC,with_flanks,flank_affected,HLA-C*07:01,0.5,1,0,-1
CHGA_L9G_T17D,NetMHC,with_flanks,flank_affected,HLA-C*07:01,1,2,0,-2
CHGA_L9G_T17D,NetMHC,with_flanks,flank_affected,HLA-C*07:01,2,5,2,-3
CHGA_L9G_T17D,MHCflurry,with_flanks,flank_affected,HLA-A*02:01,0.5,0,1,1
CHGA_L9G_T17D,MHCflurry,with_flanks,flank_affected,HLA-A*02:01,1,4,3,-1
CHGA_L9G_T17D,MHCflurry,with_flanks,flank_affected,HLA-A*02:01,2,6,3,-3
CHGA_L9G_T17D,MHCflurry,with_flanks,flank_affected,HLA-A*24:02,0.5,0,0,0
CHGA_L9G_T17D,MHCflurry,with_flanks,flank_affected,HLA-A*24:02,1,0,0,0
CHGA_L9G_T17D,MHCflurry,with_flanks,flank_affected,HLA-A*24:02,2,2,0,-2
CHGA_L9G_T17D,MHCflurry,with_flanks,flank_affected,HLA-A*03:01,0.5,0,0,0
CHGA_L9G_T17D,MHCflurry,with_flanks,flank_affected,HLA-A*03:01,1,0,0,0
CHGA_L9G_T17D,MHCflurry,with_flanks,flank_affected,HLA-A*03:01,2,0,0,0
CHGA_L9G_T17D,MHCflurry,with_flanks,flank_affected,HLA-B*40:01,0.5,0,0,0
CHGA_L9G_T17D,MHCflurry,with_flanks,flank_affected,HLA-B*40:01,1,0,0,0
CHGA_L9G_T17D,MHCflurry,with_flanks,flank_affected,HLA-B*40:01,2,0,0,0
CHGA_L9G_T17D,MHCflurry,with_flanks,flank_affected,HLA-B*49:01,0.5,0,0,0
CHGA_L9G_T17D,MHCflurry,with_flanks,flank_affected,HLA-B*49:01,1,0,1,1
CHGA_L9G_T17D,MHCflurry,with_flanks,flank_affected,HLA-B*49:01,2,0,2,2
CHGA_L9G_T17D,MHCflurry,with_flanks,flank_affected,HLA-C*03:04,0.5,5,2,-3
CHGA_L9G_T17D,MHCflurry,with_flanks,flank_affected,HLA-C*03:04,1,9,3,-6
CHGA_L9G_T17D,MHCflurry,with_flanks,flank_affected,HLA-C*03:04,2,12,9,-3
CHGA_L9G_T17D,MHCflurry,with_flanks,flank_affected,HLA-C*07:01,0.5,4,0,-4
CHGA_L9G_T17D,MHCflurry,with_flanks,flank_affected,HLA-C*07:01,1,6,2,-4
CHGA_L9G_T17D,MHCflurry,with_flanks,flank_affected,HLA-C*07:01,2,8,4,-4
CHGA_L9G_T17P,NetMHC,with_flanks,flank_affected,HLA-A*02:01,0.5,0,0,0
CHGA_L9G_T17P,NetMHC,with_flanks,flank_affected,HLA-A*02:01,1,0,0,0
CHGA_L9G_T17P,NetMHC,with_flanks,flank_affected,HLA-A*02:01,2,4,2,-2
CHGA_L9G_T17P,NetMHC,with_flanks,flank_affected,HLA-A*24:02,0.5,0,0,0
CHGA_L9G_T17P,NetMHC,with_flanks,flank_affected,HLA-A*24:02,1,0,0,0
CHGA_L9G_T17P,NetMHC,with_flanks,flank_affected,HLA-A*24:02,2,0,0,0
CHGA_L9G_T17P,NetMHC,with_flanks,flank_affected,HLA-A*03:01,0.5,0,0,0
CHGA_L9G_T17P,NetMHC,with_flanks,flank_affected,HLA-A*03:01,1,0,0,0
CHGA_L9G_T17P,NetMHC,with_flanks,flank_affected,HLA-A*03:01,2,0,0,0
CHGA_L9G_T17P,NetMHC,with_flanks,flank_affected,HLA-B*40:01,0.5,0,0,0
CHGA_L9G_T17P,NetMHC,with_flanks,flank_affected,HLA-B*40:01,1,0,0,0
CHGA_L9G_T17P,NetMHC,with_flanks,flank_affected,HLA-B*40:01,2,1,2,1
CHGA_L9G_T17P,NetMHC,with_flanks,flank_affected,HLA-B*49:01,0.5,0,0,0
CHGA_L9G_T17P,NetMHC,with_flanks,flank_affected,HLA-B*49:01,1,0,0,0
CHGA_L9G_T17P,NetMHC,with_flanks,flank_affected,HLA-B*49:01,2,0,0,0
CHGA_L9G_T17P,NetMHC,with_flanks,flank_affected,HLA-C*03:04,0.5,3,0,-3
CHGA_L9G_T17P,NetMHC,with_flanks,flank_affected,HLA-C*03:04,1,6,3,-3
CHGA_L9G_T17P,NetMHC,with_flanks,flank_affected,HLA-C*03:04,2,9,7,-2
CHGA_L9G_T17P,NetMHC,with_flanks,flank_affected,HLA-C*07:01,0.5,1,0,-1
CHGA_L9G_T17P,NetMHC,with_flanks,flank_affected,HLA-C*07:01,1,2,0,-2
CHGA_L9G_T17P,NetMHC,with_flanks,flank_affected,HLA-C*07:01,2,5,2,-3
CHGA_L9G_T17P,MHCflurry,with_flanks,flank_affected,HLA-A*02:01,0.5,0,1,1
CHGA_L9G_T17P,MHCflurry,with_flanks,flank_affected,HLA-A*02:01,1,4,3,-1
CHGA_L9G_T17P,MHCflurry,with_flanks,flank_affected,HLA-A*02:01,2,6,5,-1
CHGA_L9G_T17P,MHCflurry,with_flanks,flank_affected,HLA-A*24:02,0.5,0,0,0
CHGA_L9G_T17P,MHCflurry,with_flanks,flank_affected,HLA-A*24:02,1,0,0,0
CHGA_L9G_T17P,MHCflurry,with_flanks,flank_affected,HLA-A*24:02,2,2,0,-2
CHGA_L9G_T17P,MHCflurry,with_flanks,flank_affected,HLA-A*03:01,0.5,0,0,0
CHGA_L9G_T17P,MHCflurry,with_flanks,flank_affected,HLA-A*03:01,1,0,0,0
CHGA_L9G_T17P,MHCflurry,with_flanks,flank_affected,HLA-A*03:01,2,0,1,1
CHGA_L9G_T17P,MHCflurry,with_flanks,flank_affected,HLA-B*40:01,0.5,0,0,0
CHGA_L9G_T17P,MHCflurry,with_flanks,flank_affected,HLA-B*40:01,1,0,0,0
CHGA_L9G_T17P,MHCflurry,with_flanks,flank_affected,HLA-B*40:01,2,0,0,0
CHGA_L9G_T17P,MHCflurry,with_flanks,flank_affected,HLA-B*49:01,0.5,0,0,0
CHGA_L9G_T17P,MHCflurry,with_flanks,flank_affected,HLA-B*49:01,1,0,0,0
CHGA_L9G_T17P,MHCflurry,with_flanks,flank_affected,HLA-B*49:01,2,0,1,1
CHGA_L9G_T17P,MHCflurry,with_flanks,flank_affected,HLA-C*03:04,0.5,5,1,-4
CHGA_L9G_T17P,MHCflurry,with_flanks,flank_affected,HLA-C*03:04,1,9,4,-5
CHGA_L9G_T17P,MHCflurry,with_flanks,flank_affected,HLA-C*03:04,2,12,11,-1
CHGA_L9G_T17P,MHCflurry,with_flanks,flank_affected,HLA-C*07:01,0.5,4,0,-4
CHGA_L9G_T17P,MHCflurry,with_flanks,flank_affected,HLA-C*07:01,1,6,2,-4
CHGA_L9G_T17P,MHCflurry,with_flanks,flank_affected,HLA-C*07:01,2,8,4,-4
CHGA_baseline,NetMHC,without_flanks,signal_or_junction,HLA-A*02:01,0.5,0,0,0
CHGA_baseline,NetMHC,without_flanks,signal_or_junction,HLA-A*02:01,1,0,0,0
CHGA_baseline,NetMHC,without_flanks,signal_or_junction,HLA-A*02:01,2,4,4,0
CHGA_baseline,NetMHC,without_flanks,signal_or_junction,HLA-A*24:02,0.5,0,0,0
CHGA_baseline,NetMHC,without_flanks,signal_or_junction,HLA-A*24:02,1,0,0,0
CHGA_baseline,NetMHC,without_flanks,signal_or_junction,HLA-A*24:02,2,0,0,0
CHGA_baseline,NetMHC,without_flanks,signal_or_junction,HLA-A*03:01,0.5,0,0,0
CHGA_baseline,NetMHC,without_flanks,signal_or_junction,HLA-A*03:01,1,0,0,0
CHGA_baseline,NetMHC,without_flanks,signal_or_junction,HLA-A*03:01,2,0,0,0
CHGA_baseline,NetMHC,without_flanks,signal_or_junction,HLA-B*40:01,0.5,0,0,0
CHGA_baseline,NetMHC,without_flanks,signal_or_junction,HLA-B*40:01,1,0,0,0
CHGA_baseline,NetMHC,without_flanks,signal_or_junction,HLA-B*40:01,2,0,0,0
CHGA_baseline,NetMHC,without_flanks,signal_or_junction,HLA-B*49:01,0.5,0,0,0
CHGA_baseline,NetMHC,without_flanks,signal_or_junction,HLA-B*49:01,1,0,0,0
CHGA_baseline,NetMHC,without_flanks,signal_or_junction,HLA-B*49:01,2,0,0,0
CHGA_baseline,NetMHC,without_flanks,signal_or_junction,HLA-C*03:04,0.5,3,3,0
CHGA_baseline,NetMHC,without_flanks,signal_or_junction,HLA-C*03:04,1,6,6,0
CHGA_baseline,NetMHC,without_flanks,signal_or_junction,HLA-C*03:04,2,8,8,0
CHGA_baseline,NetMHC,without_flanks,signal_or_junction,HLA-C*07:01,0.5,1,1,0
CHGA_baseline,NetMHC,without_flanks,signal_or_junction,HLA-C*07:01,1,2,2,0
CHGA_baseline,NetMHC,without_flanks,signal_or_junction,HLA-C*07:01,2,5,5,0
CHGA_baseline,MHCflurry,without_flanks,signal_or_junction,HLA-A*02:01,0.5,0,0,0
CHGA_baseline,MHCflurry,without_flanks,signal_or_junction,HLA-A*02:01,1,2,2,0
CHGA_baseline,MHCflurry,without_flanks,signal_or_junction,HLA-A*02:01,2,6,6,0
CHGA_baseline,MHCflurry,without_flanks,signal_or_junction,HLA-A*24:02,0.5,0,0,0
CHGA_baseline,MHCflurry,without_flanks,signal_or_junction,HLA-A*24:02,1,0,0,0
CHGA_baseline,MHCflurry,without_flanks,signal_or_junction,HLA-A*24:02,2,0,0,0
CHGA_baseline,MHCflurry,without_flanks,signal_or_junction,HLA-A*03:01,0.5,0,0,0
CHGA_baseline,MHCflurry,without_flanks,signal_or_junction,HLA-A*03:01,1,0,0,0
CHGA_baseline,MHCflurry,without_flanks,signal_or_junction,HLA-A*03:01,2,0,0,0
CHGA_baseline,MHCflurry,without_flanks,signal_or_junction,HLA-B*40:01,0.5,0,0,0
CHGA_baseline,MHCflurry,without_flanks,signal_or_junction,HLA-B*40:01,1,0,0,0
CHGA_baseline,MHCflurry,without_flanks,signal_or_junction,HLA-B*40:01,2,0,0,0
CHGA_baseline,MHCflurry,without_flanks,signal_or_junction,HLA-B*49:01,0.5,0,0,0
CHGA_baseline,MHCflurry,without_flanks,signal_or_junction,HLA-B*49:01,1,0,0,0
CHGA_baseline,MHCflurry,without_flanks,signal_or_junction,HLA-B*49:01,2,0,0,0
CHGA_baseline,MHCflurry,without_flanks,signal_or_junction,HLA-C*03:04,0.5,3,3,0
CHGA_baseline,MHCflurry,without_flanks,signal_or_junction,HLA-C*03:04,1,7,7,0
CHGA_baseline,MHCflurry,without_flanks,signal_or_junction,HLA-C*03:04,2,10,10,0
CHGA_baseline,MHCflurry,without_flanks,signal_or_junction,HLA-C*07:01,0.5,1,1,0
CHGA_baseline,MHCflurry,without_flanks,signal_or_junction,HLA-C*07:01,1,3,3,0
CHGA_baseline,MHCflurry,without_flanks,signal_or_junction,HLA-C*07:01,2,5,5,0
CHGA_L9C,NetMHC,without_flanks,signal_or_junction,HLA-A*02:01,0.5,0,0,0
CHGA_L9C,NetMHC,without_flanks,signal_or_junction,HLA-A*02:01,1,0,0,0
CHGA_L9C,NetMHC,without_flanks,signal_or_junction,HLA-A*02:01,2,4,1,-3
CHGA_L9C,NetMHC,without_flanks,signal_or_junction,HLA-A*24:02,0.5,0,0,0
CHGA_L9C,NetMHC,without_flanks,signal_or_junction,HLA-A*24:02,1,0,0,0
CHGA_L9C,NetMHC,without_flanks,signal_or_junction,HLA-A*24:02,2,0,0,0
CHGA_L9C,NetMHC,without_flanks,signal_or_junction,HLA-A*03:01,0.5,0,0,0
CHGA_L9C,NetMHC,without_flanks,signal_or_junction,HLA-A*03:01,1,0,0,0
CHGA_L9C,NetMHC,without_flanks,signal_or_junction,HLA-A*03:01,2,0,0,0
CHGA_L9C,NetMHC,without_flanks,signal_or_junction,HLA-B*40:01,0.5,0,0,0
CHGA_L9C,NetMHC,without_flanks,signal_or_junction,HLA-B*40:01,1,0,0,0
CHGA_L9C,NetMHC,without_flanks,signal_or_junction,HLA-B*40:01,2,0,0,0
CHGA_L9C,NetMHC,without_flanks,signal_or_junction,HLA-B*49:01,0.5,0,0,0
CHGA_L9C,NetMHC,without_flanks,signal_or_junction,HLA-B*49:01,1,0,0,0
CHGA_L9C,NetMHC,without_flanks,signal_or_junction,HLA-B*49:01,2,0,0,0
CHGA_L9C,NetMHC,without_flanks,signal_or_junction,HLA-C*03:04,0.5,3,2,-1
CHGA_L9C,NetMHC,without_flanks,signal_or_junction,HLA-C*03:04,1,6,3,-3
CHGA_L9C,NetMHC,without_flanks,signal_or_junction,HLA-C*03:04,2,8,6,-2
CHGA_L9C,NetMHC,without_flanks,signal_or_junction,HLA-C*07:01,0.5,1,0,-1
CHGA_L9C,NetMHC,without_flanks,signal_or_junction,HLA-C*07:01,1,2,0,-2
CHGA_L9C,NetMHC,without_flanks,signal_or_junction,HLA-C*07:01,2,5,4,-1
CHGA_L9C,MHCflurry,without_flanks,signal_or_junction,HLA-A*02:01,0.5,0,0,0
CHGA_L9C,MHCflurry,without_flanks,signal_or_junction,HLA-A*02:01,1,2,1,-1
CHGA_L9C,MHCflurry,without_flanks,signal_or_junction,HLA-A*02:01,2,6,3,-3
CHGA_L9C,MHCflurry,without_flanks,signal_or_junction,HLA-A*24:02,0.5,0,0,0
CHGA_L9C,MHCflurry,without_flanks,signal_or_junction,HLA-A*24:02,1,0,0,0
CHGA_L9C,MHCflurry,without_flanks,signal_or_junction,HLA-A*24:02,2,0,0,0
CHGA_L9C,MHCflurry,without_flanks,signal_or_junction,HLA-A*03:01,0.5,0,0,0
CHGA_L9C,MHCflurry,without_flanks,signal_or_junction,HLA-A*03:01,1,0,0,0
CHGA_L9C,MHCflurry,without_flanks,signal_or_junction,HLA-A*03:01,2,0,0,0
CHGA_L9C,MHCflurry,without_flanks,signal_or_junction,HLA-B*40:01,0.5,0,0,0
CHGA_L9C,MHCflurry,without_flanks,signal_or_junction,HLA-B*40:01,1,0,0,0
CHGA_L9C,MHCflurry,without_flanks,signal_or_junction,HLA-B*40:01,2,0,0,0
CHGA_L9C,MHCflurry,without_flanks,signal_or_junction,HLA-B*49:01,0.5,0,0,0
CHGA_L9C,MHCflurry,without_flanks,signal_or_junction,HLA-B*49:01,1,0,0,0
CHGA_L9C,MHCflurry,without_flanks,signal_or_junction,HLA-B*49:01,2,0,0,0
CHGA_L9C,MHCflurry,without_flanks,signal_or_junction,HLA-C*03:04,0.5,3,2,-1
CHGA_L9C,MHCflurry,without_flanks,signal_or_junction,HLA-C*03:04,1,7,5,-2
CHGA_L9C,MHCflurry,without_flanks,signal_or_junction,HLA-C*03:04,2,10,8,-2
CHGA_L9C,MHCflurry,without_flanks,signal_or_junction,HLA-C*07:01,0.5,1,0,-1
CHGA_L9C,MHCflurry,without_flanks,signal_or_junction,HLA-C*07:01,1,3,1,-2
CHGA_L9C,MHCflurry,without_flanks,signal_or_junction,HLA-C*07:01,2,5,4,-1
CHGA_L9G,NetMHC,without_flanks,signal_or_junction,HLA-A*02:01,0.5,0,0,0
CHGA_L9G,NetMHC,without_flanks,signal_or_junction,HLA-A*02:01,1,0,0,0
CHGA_L9G,NetMHC,without_flanks,signal_or_junction,HLA-A*02:01,2,4,4,0
CHGA_L9G,NetMHC,without_flanks,signal_or_junction,HLA-A*24:02,0.5,0,0,0
CHGA_L9G,NetMHC,without_flanks,signal_or_junction,HLA-A*24:02,1,0,0,0
CHGA_L9G,NetMHC,without_flanks,signal_or_junction,HLA-A*24:02,2,0,0,0
CHGA_L9G,NetMHC,without_flanks,signal_or_junction,HLA-A*03:01,0.5,0,0,0
CHGA_L9G,NetMHC,without_flanks,signal_or_junction,HLA-A*03:01,1,0,0,0
CHGA_L9G,NetMHC,without_flanks,signal_or_junction,HLA-A*03:01,2,0,0,0
CHGA_L9G,NetMHC,without_flanks,signal_or_junction,HLA-B*40:01,0.5,0,0,0
CHGA_L9G,NetMHC,without_flanks,signal_or_junction,HLA-B*40:01,1,0,0,0
CHGA_L9G,NetMHC,without_flanks,signal_or_junction,HLA-B*40:01,2,0,0,0
CHGA_L9G,NetMHC,without_flanks,signal_or_junction,HLA-B*49:01,0.5,0,0,0
CHGA_L9G,NetMHC,without_flanks,signal_or_junction,HLA-B*49:01,1,0,0,0
CHGA_L9G,NetMHC,without_flanks,signal_or_junction,HLA-B*49:01,2,0,0,0
CHGA_L9G,NetMHC,without_flanks,signal_or_junction,HLA-C*03:04,0.5,3,2,-1
CHGA_L9G,NetMHC,without_flanks,signal_or_junction,HLA-C*03:04,1,6,4,-2
CHGA_L9G,NetMHC,without_flanks,signal_or_junction,HLA-C*03:04,2,8,7,-1
CHGA_L9G,NetMHC,without_flanks,signal_or_junction,HLA-C*07:01,0.5,1,0,-1
CHGA_L9G,NetMHC,without_flanks,signal_or_junction,HLA-C*07:01,1,2,0,-2
CHGA_L9G,NetMHC,without_flanks,signal_or_junction,HLA-C*07:01,2,5,3,-2
CHGA_L9G,MHCflurry,without_flanks,signal_or_junction,HLA-A*02:01,0.5,0,0,0
CHGA_L9G,MHCflurry,without_flanks,signal_or_junction,HLA-A*02:01,1,2,2,0
CHGA_L9G,MHCflurry,without_flanks,signal_or_junction,HLA-A*02:01,2,6,6,0
CHGA_L9G,MHCflurry,without_flanks,signal_or_junction,HLA-A*24:02,0.5,0,0,0
CHGA_L9G,MHCflurry,without_flanks,signal_or_junction,HLA-A*24:02,1,0,0,0
CHGA_L9G,MHCflurry,without_flanks,signal_or_junction,HLA-A*24:02,2,0,0,0
CHGA_L9G,MHCflurry,without_flanks,signal_or_junction,HLA-A*03:01,0.5,0,0,0
CHGA_L9G,MHCflurry,without_flanks,signal_or_junction,HLA-A*03:01,1,0,0,0
CHGA_L9G,MHCflurry,without_flanks,signal_or_junction,HLA-A*03:01,2,0,0,0
CHGA_L9G,MHCflurry,without_flanks,signal_or_junction,HLA-B*40:01,0.5,0,0,0
CHGA_L9G,MHCflurry,without_flanks,signal_or_junction,HLA-B*40:01,1,0,0,0
CHGA_L9G,MHCflurry,without_flanks,signal_or_junction,HLA-B*40:01,2,0,0,0
CHGA_L9G,MHCflurry,without_flanks,signal_or_junction,HLA-B*49:01,0.5,0,0,0
CHGA_L9G,MHCflurry,without_flanks,signal_or_junction,HLA-B*49:01,1,0,0,0
CHGA_L9G,MHCflurry,without_flanks,signal_or_junction,HLA-B*49:01,2,0,0,0
CHGA_L9G,MHCflurry,without_flanks,signal_or_junction,HLA-C*03:04,0.5,3,2,-1
CHGA_L9G,MHCflurry,without_flanks,signal_or_junction,HLA-C*03:04,1,7,4,-3
CHGA_L9G,MHCflurry,without_flanks,signal_or_junction,HLA-C*03:04,2,10,8,-2
CHGA_L9G,MHCflurry,without_flanks,signal_or_junction,HLA-C*07:01,0.5,1,0,-1
CHGA_L9G,MHCflurry,without_flanks,signal_or_junction,HLA-C*07:01,1,3,1,-2
CHGA_L9G,MHCflurry,without_flanks,signal_or_junction,HLA-C*07:01,2,5,3,-2
CHGA_T17C,NetMHC,without_flanks,signal_or_junction,HLA-A*02:01,0.5,0,0,0
CHGA_T17C,NetMHC,without_flanks,signal_or_junction,HLA-A*02:01,1,0,0,0
CHGA_T17C,NetMHC,without_flanks,signal_or_junction,HLA-A*02:01,2,4,1,-3
CHGA_T17C,NetMHC,without_flanks,signal_or_junction,HLA-A*24:02,0.5,0,0,0
CHGA_T17C,NetMHC,without_flanks,signal_or_junction,HLA-A*24:02,1,0,0,0
CHGA_T17C,NetMHC,without_flanks,signal_or_junction,HLA-A*24:02,2,0,0,0
CHGA_T17C,NetMHC,without_flanks,signal_or_junction,HLA-A*03:01,0.5,0,0,0
CHGA_T17C,NetMHC,without_flanks,signal_or_junction,HLA-A*03:01,1,0,0,0
CHGA_T17C,NetMHC,without_flanks,signal_or_junction,HLA-A*03:01,2,0,0,0
CHGA_T17C,NetMHC,without_flanks,signal_or_junction,HLA-B*40:01,0.5,0,0,0
CHGA_T17C,NetMHC,without_flanks,signal_or_junction,HLA-B*40:01,1,0,0,0
CHGA_T17C,NetMHC,without_flanks,signal_or_junction,HLA-B*40:01,2,0,0,0
CHGA_T17C,NetMHC,without_flanks,signal_or_junction,HLA-B*49:01,0.5,0,0,0
CHGA_T17C,NetMHC,without_flanks,signal_or_junction,HLA-B*49:01,1,0,0,0
CHGA_T17C,NetMHC,without_flanks,signal_or_junction,HLA-B*49:01,2,0,0,0
CHGA_T17C,NetMHC,without_flanks,signal_or_junction,HLA-C*03:04,0.5,3,1,-2
CHGA_T17C,NetMHC,without_flanks,signal_or_junction,HLA-C*03:04,1,6,5,-1
CHGA_T17C,NetMHC,without_flanks,signal_or_junction,HLA-C*03:04,2,8,7,-1
CHGA_T17C,NetMHC,without_flanks,signal_or_junction,HLA-C*07:01,0.5,1,1,0
CHGA_T17C,NetMHC,without_flanks,signal_or_junction,HLA-C*07:01,1,2,2,0
CHGA_T17C,NetMHC,without_flanks,signal_or_junction,HLA-C*07:01,2,5,4,-1
CHGA_T17C,MHCflurry,without_flanks,signal_or_junction,HLA-A*02:01,0.5,0,0,0
CHGA_T17C,MHCflurry,without_flanks,signal_or_junction,HLA-A*02:01,1,2,1,-1
CHGA_T17C,MHCflurry,without_flanks,signal_or_junction,HLA-A*02:01,2,6,5,-1
CHGA_T17C,MHCflurry,without_flanks,signal_or_junction,HLA-A*24:02,0.5,0,0,0
CHGA_T17C,MHCflurry,without_flanks,signal_or_junction,HLA-A*24:02,1,0,0,0
CHGA_T17C,MHCflurry,without_flanks,signal_or_junction,HLA-A*24:02,2,0,0,0
CHGA_T17C,MHCflurry,without_flanks,signal_or_junction,HLA-A*03:01,0.5,0,0,0
CHGA_T17C,MHCflurry,without_flanks,signal_or_junction,HLA-A*03:01,1,0,0,0
CHGA_T17C,MHCflurry,without_flanks,signal_or_junction,HLA-A*03:01,2,0,0,0
CHGA_T17C,MHCflurry,without_flanks,signal_or_junction,HLA-B*40:01,0.5,0,0,0
CHGA_T17C,MHCflurry,without_flanks,signal_or_junction,HLA-B*40:01,1,0,0,0
CHGA_T17C,MHCflurry,without_flanks,signal_or_junction,HLA-B*40:01,2,0,0,0
CHGA_T17C,MHCflurry,without_flanks,signal_or_junction,HLA-B*49:01,0.5,0,0,0
CHGA_T17C,MHCflurry,without_flanks,signal_or_junction,HLA-B*49:01,1,0,0,0
CHGA_T17C,MHCflurry,without_flanks,signal_or_junction,HLA-B*49:01,2,0,0,0
CHGA_T17C,MHCflurry,without_flanks,signal_or_junction,HLA-C*03:04,0.5,3,2,-1
CHGA_T17C,MHCflurry,without_flanks,signal_or_junction,HLA-C*03:04,1,7,6,-1
CHGA_T17C,MHCflurry,without_flanks,signal_or_junction,HLA-C*03:04,2,10,8,-2
CHGA_T17C,MHCflurry,without_flanks,signal_or_junction,HLA-C*07:01,0.5,1,1,0
CHGA_T17C,MHCflurry,without_flanks,signal_or_junction,HLA-C*07:01,1,3,3,0
CHGA_T17C,MHCflurry,without_flanks,signal_or_junction,HLA-C*07:01,2,5,5,0
CHGA_T17G,NetMHC,without_flanks,signal_or_junction,HLA-A*02:01,0.5,0,0,0
CHGA_T17G,NetMHC,without_flanks,signal_or_junction,HLA-A*02:01,1,0,0,0
CHGA_T17G,NetMHC,without_flanks,signal_or_junction,HLA-A*02:01,2,4,1,-3
CHGA_T17G,NetMHC,without_flanks,signal_or_junction,HLA-A*24:02,0.5,0,0,0
CHGA_T17G,NetMHC,without_flanks,signal_or_junction,HLA-A*24:02,1,0,0,0
CHGA_T17G,NetMHC,without_flanks,signal_or_junction,HLA-A*24:02,2,0,0,0
CHGA_T17G,NetMHC,without_flanks,signal_or_junction,HLA-A*03:01,0.5,0,0,0
CHGA_T17G,NetMHC,without_flanks,signal_or_junction,HLA-A*03:01,1,0,0,0
CHGA_T17G,NetMHC,without_flanks,signal_or_junction,HLA-A*03:01,2,0,0,0
CHGA_T17G,NetMHC,without_flanks,signal_or_junction,HLA-B*40:01,0.5,0,0,0
CHGA_T17G,NetMHC,without_flanks,signal_or_junction,HLA-B*40:01,1,0,0,0
CHGA_T17G,NetMHC,without_flanks,signal_or_junction,HLA-B*40:01,2,0,0,0
CHGA_T17G,NetMHC,without_flanks,signal_or_junction,HLA-B*49:01,0.5,0,0,0
CHGA_T17G,NetMHC,without_flanks,signal_or_junction,HLA-B*49:01,1,0,0,0
CHGA_T17G,NetMHC,without_flanks,signal_or_junction,HLA-B*49:01,2,0,0,0
CHGA_T17G,NetMHC,without_flanks,signal_or_junction,HLA-C*03:04,0.5,3,1,-2
CHGA_T17G,NetMHC,without_flanks,signal_or_junction,HLA-C*03:04,1,6,6,0
CHGA_T17G,NetMHC,without_flanks,signal_or_junction,HLA-C*03:04,2,8,7,-1
CHGA_T17G,NetMHC,without_flanks,signal_or_junction,HLA-C*07:01,0.5,1,1,0
CHGA_T17G,NetMHC,without_flanks,signal_or_junction,HLA-C*07:01,1,2,2,0
CHGA_T17G,NetMHC,without_flanks,signal_or_junction,HLA-C*07:01,2,5,4,-1
CHGA_T17G,MHCflurry,without_flanks,signal_or_junction,HLA-A*02:01,0.5,0,0,0
CHGA_T17G,MHCflurry,without_flanks,signal_or_junction,HLA-A*02:01,1,2,2,0
CHGA_T17G,MHCflurry,without_flanks,signal_or_junction,HLA-A*02:01,2,6,6,0
CHGA_T17G,MHCflurry,without_flanks,signal_or_junction,HLA-A*24:02,0.5,0,0,0
CHGA_T17G,MHCflurry,without_flanks,signal_or_junction,HLA-A*24:02,1,0,0,0
CHGA_T17G,MHCflurry,without_flanks,signal_or_junction,HLA-A*24:02,2,0,0,0
CHGA_T17G,MHCflurry,without_flanks,signal_or_junction,HLA-A*03:01,0.5,0,0,0
CHGA_T17G,MHCflurry,without_flanks,signal_or_junction,HLA-A*03:01,1,0,0,0
CHGA_T17G,MHCflurry,without_flanks,signal_or_junction,HLA-A*03:01,2,0,0,0
CHGA_T17G,MHCflurry,without_flanks,signal_or_junction,HLA-B*40:01,0.5,0,0,0
CHGA_T17G,MHCflurry,without_flanks,signal_or_junction,HLA-B*40:01,1,0,0,0
CHGA_T17G,MHCflurry,without_flanks,signal_or_junction,HLA-B*40:01,2,0,0,0
CHGA_T17G,MHCflurry,without_flanks,signal_or_junction,HLA-B*49:01,0.5,0,0,0
CHGA_T17G,MHCflurry,without_flanks,signal_or_junction,HLA-B*49:01,1,0,0,0
CHGA_T17G,MHCflurry,without_flanks,signal_or_junction,HLA-B*49:01,2,0,1,1
CHGA_T17G,MHCflurry,without_flanks,signal_or_junction,HLA-C*03:04,0.5,3,1,-2
CHGA_T17G,MHCflurry,without_flanks,signal_or_junction,HLA-C*03:04,1,7,7,0
CHGA_T17G,MHCflurry,without_flanks,signal_or_junction,HLA-C*03:04,2,10,8,-2
CHGA_T17G,MHCflurry,without_flanks,signal_or_junction,HLA-C*07:01,0.5,1,1,0
CHGA_T17G,MHCflurry,without_flanks,signal_or_junction,HLA-C*07:01,1,3,3,0
CHGA_T17G,MHCflurry,without_flanks,signal_or_junction,HLA-C*07:01,2,5,6,1
CHGA_L9C_T17C,NetMHC,without_flanks,signal_or_junction,HLA-A*02:01,0.5,0,0,0
CHGA_L9C_T17C,NetMHC,without_flanks,signal_or_junction,HLA-A*02:01,1,0,0,0
CHGA_L9C_T17C,NetMHC,without_flanks,signal_or_junction,HLA-A*02:01,2,4,0,-4
CHGA_L9C_T17C,NetMHC,without_flanks,signal_or_junction,HLA-A*24:02,0.5,0,0,0
CHGA_L9C_T17C,NetMHC,without_flanks,signal_or_junction,HLA-A*24:02,1,0,0,0
CHGA_L9C_T17C,NetMHC,without_flanks,signal_or_junction,HLA-A*24:02,2,0,0,0
CHGA_L9C_T17C,NetMHC,without_flanks,signal_or_junction,HLA-A*03:01,0.5,0,0,0
CHGA_L9C_T17C,NetMHC,without_flanks,signal_or_junction,HLA-A*03:01,1,0,0,0
CHGA_L9C_T17C,NetMHC,without_flanks,signal_or_junction,HLA-A*03:01,2,0,0,0
CHGA_L9C_T17C,NetMHC,without_flanks,signal_or_junction,HLA-B*40:01,0.5,0,0,0
CHGA_L9C_T17C,NetMHC,without_flanks,signal_or_junction,HLA-B*40:01,1,0,0,0
CHGA_L9C_T17C,NetMHC,without_flanks,signal_or_junction,HLA-B*40:01,2,0,0,0
CHGA_L9C_T17C,NetMHC,without_flanks,signal_or_junction,HLA-B*49:01,0.5,0,0,0
CHGA_L9C_T17C,NetMHC,without_flanks,signal_or_junction,HLA-B*49:01,1,0,0,0
CHGA_L9C_T17C,NetMHC,without_flanks,signal_or_junction,HLA-B*49:01,2,0,0,0
CHGA_L9C_T17C,NetMHC,without_flanks,signal_or_junction,HLA-C*03:04,0.5,3,0,-3
CHGA_L9C_T17C,NetMHC,without_flanks,signal_or_junction,HLA-C*03:04,1,6,2,-4
CHGA_L9C_T17C,NetMHC,without_flanks,signal_or_junction,HLA-C*03:04,2,8,5,-3
CHGA_L9C_T17C,NetMHC,without_flanks,signal_or_junction,HLA-C*07:01,0.5,1,0,-1
CHGA_L9C_T17C,NetMHC,without_flanks,signal_or_junction,HLA-C*07:01,1,2,0,-2
CHGA_L9C_T17C,NetMHC,without_flanks,signal_or_junction,HLA-C*07:01,2,5,3,-2
CHGA_L9C_T17C,MHCflurry,without_flanks,signal_or_junction,HLA-A*02:01,0.5,0,0,0
CHGA_L9C_T17C,MHCflurry,without_flanks,signal_or_junction,HLA-A*02:01,1,2,0,-2
CHGA_L9C_T17C,MHCflurry,without_flanks,signal_or_junction,HLA-A*02:01,2,6,2,-4
CHGA_L9C_T17C,MHCflurry,without_flanks,signal_or_junction,HLA-A*24:02,0.5,0,0,0
CHGA_L9C_T17C,MHCflurry,without_flanks,signal_or_junction,HLA-A*24:02,1,0,0,0
CHGA_L9C_T17C,MHCflurry,without_flanks,signal_or_junction,HLA-A*24:02,2,0,0,0
CHGA_L9C_T17C,MHCflurry,without_flanks,signal_or_junction,HLA-A*03:01,0.5,0,0,0
CHGA_L9C_T17C,MHCflurry,without_flanks,signal_or_junction,HLA-A*03:01,1,0,0,0
CHGA_L9C_T17C,MHCflurry,without_flanks,signal_or_junction,HLA-A*03:01,2,0,0,0
CHGA_L9C_T17C,MHCflurry,without_flanks,signal_or_junction,HLA-B*40:01,0.5,0,0,0
CHGA_L9C_T17C,MHCflurry,without_flanks,signal_or_junction,HLA-B*40:01,1,0,0,0
CHGA_L9C_T17C,MHCflurry,without_flanks,signal_or_junction,HLA-B*40:01,2,0,0,0
CHGA_L9C_T17C,MHCflurry,without_flanks,signal_or_junction,HLA-B*49:01,0.5,0,0,0
CHGA_L9C_T17C,MHCflurry,without_flanks,signal_or_junction,HLA-B*49:01,1,0,0,0
CHGA_L9C_T17C,MHCflurry,without_flanks,signal_or_junction,HLA-B*49:01,2,0,0,0
CHGA_L9C_T17C,MHCflurry,without_flanks,signal_or_junction,HLA-C*03:04,0.5,3,1,-2
CHGA_L9C_T17C,MHCflurry,without_flanks,signal_or_junction,HLA-C*03:04,1,7,4,-3
CHGA_L9C_T17C,MHCflurry,without_flanks,signal_or_junction,HLA-C*03:04,2,10,6,-4
CHGA_L9C_T17C,MHCflurry,without_flanks,signal_or_junction,HLA-C*07:01,0.5,1,0,-1
CHGA_L9C_T17C,MHCflurry,without_flanks,signal_or_junction,HLA-C*07:01,1,3,1,-2
CHGA_L9C_T17C,MHCflurry,without_flanks,signal_or_junction,HLA-C*07:01,2,5,4,-1
CHGA_L9C_T17G,NetMHC,without_flanks,signal_or_junction,HLA-A*02:01,0.5,0,0,0
CHGA_L9C_T17G,NetMHC,without_flanks,signal_or_junction,HLA-A*02:01,1,0,0,0
CHGA_L9C_T17G,NetMHC,without_flanks,signal_or_junction,HLA-A*02:01,2,4,0,-4
CHGA_L9C_T17G,NetMHC,without_flanks,signal_or_junction,HLA-A*24:02,0.5,0,0,0
CHGA_L9C_T17G,NetMHC,without_flanks,signal_or_junction,HLA-A*24:02,1,0,0,0
CHGA_L9C_T17G,NetMHC,without_flanks,signal_or_junction,HLA-A*24:02,2,0,0,0
CHGA_L9C_T17G,NetMHC,without_flanks,signal_or_junction,HLA-A*03:01,0.5,0,0,0
CHGA_L9C_T17G,NetMHC,without_flanks,signal_or_junction,HLA-A*03:01,1,0,0,0
CHGA_L9C_T17G,NetMHC,without_flanks,signal_or_junction,HLA-A*03:01,2,0,0,0
CHGA_L9C_T17G,NetMHC,without_flanks,signal_or_junction,HLA-B*40:01,0.5,0,0,0
CHGA_L9C_T17G,NetMHC,without_flanks,signal_or_junction,HLA-B*40:01,1,0,0,0
CHGA_L9C_T17G,NetMHC,without_flanks,signal_or_junction,HLA-B*40:01,2,0,0,0
CHGA_L9C_T17G,NetMHC,without_flanks,signal_or_junction,HLA-B*49:01,0.5,0,0,0
CHGA_L9C_T17G,NetMHC,without_flanks,signal_or_junction,HLA-B*49:01,1,0,0,0
CHGA_L9C_T17G,NetMHC,without_flanks,signal_or_junction,HLA-B*49:01,2,0,0,0
CHGA_L9C_T17G,NetMHC,without_flanks,signal_or_junction,HLA-C*03:04,0.5,3,0,-3
CHGA_L9C_T17G,NetMHC,without_flanks,signal_or_junction,HLA-C*03:04,1,6,3,-3
CHGA_L9C_T17G,NetMHC,without_flanks,signal_or_junction,HLA-C*03:04,2,8,5,-3
CHGA_L9C_T17G,NetMHC,without_flanks,signal_or_junction,HLA-C*07:01,0.5,1,0,-1
CHGA_L9C_T17G,NetMHC,without_flanks,signal_or_junction,HLA-C*07:01,1,2,0,-2
CHGA_L9C_T17G,NetMHC,without_flanks,signal_or_junction,HLA-C*07:01,2,5,3,-2
CHGA_L9C_T17G,MHCflurry,without_flanks,signal_or_junction,HLA-A*02:01,0.5,0,0,0
CHGA_L9C_T17G,MHCflurry,without_flanks,signal_or_junction,HLA-A*02:01,1,2,1,-1
CHGA_L9C_T17G,MHCflurry,without_flanks,signal_or_junction,HLA-A*02:01,2,6,3,-3
CHGA_L9C_T17G,MHCflurry,without_flanks,signal_or_junction,HLA-A*24:02,0.5,0,0,0
CHGA_L9C_T17G,MHCflurry,without_flanks,signal_or_junction,HLA-A*24:02,1,0,0,0
CHGA_L9C_T17G,MHCflurry,without_flanks,signal_or_junction,HLA-A*24:02,2,0,0,0
CHGA_L9C_T17G,MHCflurry,without_flanks,signal_or_junction,HLA-A*03:01,0.5,0,0,0
CHGA_L9C_T17G,MHCflurry,without_flanks,signal_or_junction,HLA-A*03:01,1,0,0,0
CHGA_L9C_T17G,MHCflurry,without_flanks,signal_or_junction,HLA-A*03:01,2,0,0,0
CHGA_L9C_T17G,MHCflurry,without_flanks,signal_or_junction,HLA-B*40:01,0.5,0,0,0
CHGA_L9C_T17G,MHCflurry,without_flanks,signal_or_junction,HLA-B*40:01,1,0,0,0
CHGA_L9C_T17G,MHCflurry,without_flanks,signal_or_junction,HLA-B*40:01,2,0,0,0
CHGA_L9C_T17G,MHCflurry,without_flanks,signal_or_junction,HLA-B*49:01,0.5,0,0,0
CHGA_L9C_T17G,MHCflurry,without_flanks,signal_or_junction,HLA-B*49:01,1,0,0,0
CHGA_L9C_T17G,MHCflurry,without_flanks,signal_or_junction,HLA-B*49:01,2,0,1,1
CHGA_L9C_T17G,MHCflurry,without_flanks,signal_or_junction,HLA-C*03:04,0.5,3,0,-3
CHGA_L9C_T17G,MHCflurry,without_flanks,signal_or_junction,HLA-C*03:04,1,7,5,-2
CHGA_L9C_T17G,MHCflurry,without_flanks,signal_or_junction,HLA-C*03:04,2,10,6,-4
CHGA_L9C_T17G,MHCflurry,without_flanks,signal_or_junction,HLA-C*07:01,0.5,1,0,-1
CHGA_L9C_T17G,MHCflurry,without_flanks,signal_or_junction,HLA-C*07:01,1,3,1,-2
CHGA_L9C_T17G,MHCflurry,without_flanks,signal_or_junction,HLA-C*07:01,2,5,5,0
CHGA_L9C_T17D,NetMHC,without_flanks,signal_or_junction,HLA-A*02:01,0.5,0,0,0
CHGA_L9C_T17D,NetMHC,without_flanks,signal_or_junction,HLA-A*02:01,1,0,0,0
CHGA_L9C_T17D,NetMHC,without_flanks,signal_or_junction,HLA-A*02:01,2,4,1,-3
CHGA_L9C_T17D,NetMHC,without_flanks,signal_or_junction,HLA-A*24:02,0.5,0,0,0
CHGA_L9C_T17D,NetMHC,without_flanks,signal_or_junction,HLA-A*24:02,1,0,0,0
CHGA_L9C_T17D,NetMHC,without_flanks,signal_or_junction,HLA-A*24:02,2,0,0,0
CHGA_L9C_T17D,NetMHC,without_flanks,signal_or_junction,HLA-A*03:01,0.5,0,0,0
CHGA_L9C_T17D,NetMHC,without_flanks,signal_or_junction,HLA-A*03:01,1,0,0,0
CHGA_L9C_T17D,NetMHC,without_flanks,signal_or_junction,HLA-A*03:01,2,0,0,0
CHGA_L9C_T17D,NetMHC,without_flanks,signal_or_junction,HLA-B*40:01,0.5,0,0,0
CHGA_L9C_T17D,NetMHC,without_flanks,signal_or_junction,HLA-B*40:01,1,0,0,0
CHGA_L9C_T17D,NetMHC,without_flanks,signal_or_junction,HLA-B*40:01,2,0,2,2
CHGA_L9C_T17D,NetMHC,without_flanks,signal_or_junction,HLA-B*49:01,0.5,0,0,0
CHGA_L9C_T17D,NetMHC,without_flanks,signal_or_junction,HLA-B*49:01,1,0,0,0
CHGA_L9C_T17D,NetMHC,without_flanks,signal_or_junction,HLA-B*49:01,2,0,1,1
CHGA_L9C_T17D,NetMHC,without_flanks,signal_or_junction,HLA-C*03:04,0.5,3,0,-3
CHGA_L9C_T17D,NetMHC,without_flanks,signal_or_junction,HLA-C*03:04,1,6,1,-5
CHGA_L9C_T17D,NetMHC,without_flanks,signal_or_junction,HLA-C*03:04,2,8,3,-5
CHGA_L9C_T17D,NetMHC,without_flanks,signal_or_junction,HLA-C*07:01,0.5,1,0,-1
CHGA_L9C_T17D,NetMHC,without_flanks,signal_or_junction,HLA-C*07:01,1,2,0,-2
CHGA_L9C_T17D,NetMHC,without_flanks,signal_or_junction,HLA-C*07:01,2,5,3,-2
CHGA_L9C_T17D,MHCflurry,without_flanks,signal_or_junction,HLA-A*02:01,0.5,0,0,0
CHGA_L9C_T17D,MHCflurry,without_flanks,signal_or_junction,HLA-A*02:01,1,2,1,-1
CHGA_L9C_T17D,MHCflurry,without_flanks,signal_or_junction,HLA-A*02:01,2,6,2,-4
CHGA_L9C_T17D,MHCflurry,without_flanks,signal_or_junction,HLA-A*24:02,0.5,0,0,0
CHGA_L9C_T17D,MHCflurry,without_flanks,signal_or_junction,HLA-A*24:02,1,0,0,0
CHGA_L9C_T17D,MHCflurry,without_flanks,signal_or_junction,HLA-A*24:02,2,0,0,0
CHGA_L9C_T17D,MHCflurry,without_flanks,signal_or_junction,HLA-A*03:01,0.5,0,0,0
CHGA_L9C_T17D,MHCflurry,without_flanks,signal_or_junction,HLA-A*03:01,1,0,0,0
CHGA_L9C_T17D,MHCflurry,without_flanks,signal_or_junction,HLA-A*03:01,2,0,0,0
CHGA_L9C_T17D,MHCflurry,without_flanks,signal_or_junction,HLA-B*40:01,0.5,0,0,0
CHGA_L9C_T17D,MHCflurry,without_flanks,signal_or_junction,HLA-B*40:01,1,0,0,0
CHGA_L9C_T17D,MHCflurry,without_flanks,signal_or_junction,HLA-B*40:01,2,0,0,0
CHGA_L9C_T17D,MHCflurry,without_flanks,signal_or_junction,HLA-B*49:01,0.5,0,0,0
CHGA_L9C_T17D,MHCflurry,without_flanks,signal_or_junction,HLA-B*49:01,1,0,0,0
CHGA_L9C_T17D,MHCflurry,without_flanks,signal_or_junction,HLA-B*49:01,2,0,2,2
CHGA_L9C_T17D,MHCflurry,without_flanks,signal_or_junction,HLA-C*03:04,0.5,3,1,-2
CHGA_L9C_T17D,MHCflurry,without_flanks,signal_or_junction,HLA-C*03:04,1,7,4,-3
CHGA_L9C_T17D,MHCflurry,without_flanks,signal_or_junction,HLA-C*03:04,2,10,6,-4
CHGA_L9C_T17D,MHCflurry,without_flanks,signal_or_junction,HLA-C*07:01,0.5,1,0,-1
CHGA_L9C_T17D,MHCflurry,without_flanks,signal_or_junction,HLA-C*07:01,1,3,1,-2
CHGA_L9C_T17D,MHCflurry,without_flanks,signal_or_junction,HLA-C*07:01,2,5,5,0
CHGA_L9C_T17P,NetMHC,without_flanks,signal_or_junction,HLA-A*02:01,0.5,0,0,0
CHGA_L9C_T17P,NetMHC,without_flanks,signal_or_junction,HLA-A*02:01,1,0,0,0
CHGA_L9C_T17P,NetMHC,without_flanks,signal_or_junction,HLA-A*02:01,2,4,0,-4
CHGA_L9C_T17P,NetMHC,without_flanks,signal_or_junction,HLA-A*24:02,0.5,0,0,0
CHGA_L9C_T17P,NetMHC,without_flanks,signal_or_junction,HLA-A*24:02,1,0,0,0
CHGA_L9C_T17P,NetMHC,without_flanks,signal_or_junction,HLA-A*24:02,2,0,0,0
CHGA_L9C_T17P,NetMHC,without_flanks,signal_or_junction,HLA-A*03:01,0.5,0,0,0
CHGA_L9C_T17P,NetMHC,without_flanks,signal_or_junction,HLA-A*03:01,1,0,0,0
CHGA_L9C_T17P,NetMHC,without_flanks,signal_or_junction,HLA-A*03:01,2,0,0,0
CHGA_L9C_T17P,NetMHC,without_flanks,signal_or_junction,HLA-B*40:01,0.5,0,0,0
CHGA_L9C_T17P,NetMHC,without_flanks,signal_or_junction,HLA-B*40:01,1,0,0,0
CHGA_L9C_T17P,NetMHC,without_flanks,signal_or_junction,HLA-B*40:01,2,0,1,1
CHGA_L9C_T17P,NetMHC,without_flanks,signal_or_junction,HLA-B*49:01,0.5,0,0,0
CHGA_L9C_T17P,NetMHC,without_flanks,signal_or_junction,HLA-B*49:01,1,0,0,0
CHGA_L9C_T17P,NetMHC,without_flanks,signal_or_junction,HLA-B*49:01,2,0,0,0
CHGA_L9C_T17P,NetMHC,without_flanks,signal_or_junction,HLA-C*03:04,0.5,3,0,-3
CHGA_L9C_T17P,NetMHC,without_flanks,signal_or_junction,HLA-C*03:04,1,6,2,-4
CHGA_L9C_T17P,NetMHC,without_flanks,signal_or_junction,HLA-C*03:04,2,8,5,-3
CHGA_L9C_T17P,NetMHC,without_flanks,signal_or_junction,HLA-C*07:01,0.5,1,0,-1
CHGA_L9C_T17P,NetMHC,without_flanks,signal_or_junction,HLA-C*07:01,1,2,0,-2
CHGA_L9C_T17P,NetMHC,without_flanks,signal_or_junction,HLA-C*07:01,2,5,3,-2
CHGA_L9C_T17P,MHCflurry,without_flanks,signal_or_junction,HLA-A*02:01,0.5,0,0,0
CHGA_L9C_T17P,MHCflurry,without_flanks,signal_or_junction,HLA-A*02:01,1,2,1,-1
CHGA_L9C_T17P,MHCflurry,without_flanks,signal_or_junction,HLA-A*02:01,2,6,3,-3
CHGA_L9C_T17P,MHCflurry,without_flanks,signal_or_junction,HLA-A*24:02,0.5,0,0,0
CHGA_L9C_T17P,MHCflurry,without_flanks,signal_or_junction,HLA-A*24:02,1,0,0,0
CHGA_L9C_T17P,MHCflurry,without_flanks,signal_or_junction,HLA-A*24:02,2,0,0,0
CHGA_L9C_T17P,MHCflurry,without_flanks,signal_or_junction,HLA-A*03:01,0.5,0,0,0
CHGA_L9C_T17P,MHCflurry,without_flanks,signal_or_junction,HLA-A*03:01,1,0,0,0
CHGA_L9C_T17P,MHCflurry,without_flanks,signal_or_junction,HLA-A*03:01,2,0,0,0
CHGA_L9C_T17P,MHCflurry,without_flanks,signal_or_junction,HLA-B*40:01,0.5,0,0,0
CHGA_L9C_T17P,MHCflurry,without_flanks,signal_or_junction,HLA-B*40:01,1,0,0,0
CHGA_L9C_T17P,MHCflurry,without_flanks,signal_or_junction,HLA-B*40:01,2,0,0,0
CHGA_L9C_T17P,MHCflurry,without_flanks,signal_or_junction,HLA-B*49:01,0.5,0,0,0
CHGA_L9C_T17P,MHCflurry,without_flanks,signal_or_junction,HLA-B*49:01,1,0,0,0
CHGA_L9C_T17P,MHCflurry,without_flanks,signal_or_junction,HLA-B*49:01,2,0,1,1
CHGA_L9C_T17P,MHCflurry,without_flanks,signal_or_junction,HLA-C*03:04,0.5,3,0,-3
CHGA_L9C_T17P,MHCflurry,without_flanks,signal_or_junction,HLA-C*03:04,1,7,4,-3
CHGA_L9C_T17P,MHCflurry,without_flanks,signal_or_junction,HLA-C*03:04,2,10,8,-2
CHGA_L9C_T17P,MHCflurry,without_flanks,signal_or_junction,HLA-C*07:01,0.5,1,0,-1
CHGA_L9C_T17P,MHCflurry,without_flanks,signal_or_junction,HLA-C*07:01,1,3,1,-2
CHGA_L9C_T17P,MHCflurry,without_flanks,signal_or_junction,HLA-C*07:01,2,5,5,0
CHGA_L9G_T17C,NetMHC,without_flanks,signal_or_junction,HLA-A*02:01,0.5,0,0,0
CHGA_L9G_T17C,NetMHC,without_flanks,signal_or_junction,HLA-A*02:01,1,0,0,0
CHGA_L9G_T17C,NetMHC,without_flanks,signal_or_junction,HLA-A*02:01,2,4,2,-2
CHGA_L9G_T17C,NetMHC,without_flanks,signal_or_junction,HLA-A*24:02,0.5,0,0,0
CHGA_L9G_T17C,NetMHC,without_flanks,signal_or_junction,HLA-A*24:02,1,0,0,0
CHGA_L9G_T17C,NetMHC,without_flanks,signal_or_junction,HLA-A*24:02,2,0,0,0
CHGA_L9G_T17C,NetMHC,without_flanks,signal_or_junction,HLA-A*03:01,0.5,0,0,0
CHGA_L9G_T17C,NetMHC,without_flanks,signal_or_junction,HLA-A*03:01,1,0,0,0
CHGA_L9G_T17C,NetMHC,without_flanks,signal_or_junction,HLA-A*03:01,2,0,0,0
CHGA_L9G_T17C,NetMHC,without_flanks,signal_or_junction,HLA-B*40:01,0.5,0,0,0
CHGA_L9G_T17C,NetMHC,without_flanks,signal_or_junction,HLA-B*40:01,1,0,0,0
CHGA_L9G_T17C,NetMHC,without_flanks,signal_or_junction,HLA-B*40:01,2,0,0,0
CHGA_L9G_T17C,NetMHC,without_flanks,signal_or_junction,HLA-B*49:01,0.5,0,0,0
CHGA_L9G_T17C,NetMHC,without_flanks,signal_or_junction,HLA-B*49:01,1,0,0,0
CHGA_L9G_T17C,NetMHC,without_flanks,signal_or_junction,HLA-B*49:01,2,0,0,0
CHGA_L9G_T17C,NetMHC,without_flanks,signal_or_junction,HLA-C*03:04,0.5,3,0,-3
CHGA_L9G_T17C,NetMHC,without_flanks,signal_or_junction,HLA-C*03:04,1,6,3,-3
CHGA_L9G_T17C,NetMHC,without_flanks,signal_or_junction,HLA-C*03:04,2,8,6,-2
CHGA_L9G_T17C,NetMHC,without_flanks,signal_or_junction,HLA-C*07:01,0.5,1,0,-1
CHGA_L9G_T17C,NetMHC,without_flanks,signal_or_junction,HLA-C*07:01,1,2,0,-2
CHGA_L9G_T17C,NetMHC,without_flanks,signal_or_junction,HLA-C*07:01,2,5,2,-3
CHGA_L9G_T17C,MHCflurry,without_flanks,signal_or_junction,HLA-A*02:01,0.5,0,0,0
CHGA_L9G_T17C,MHCflurry,without_flanks,signal_or_junction,HLA-A*02:01,1,2,1,-1
CHGA_L9G_T17C,MHCflurry,without_flanks,signal_or_junction,HLA-A*02:01,2,6,5,-1
CHGA_L9G_T17C,MHCflurry,without_flanks,signal_or_junction,HLA-A*24:02,0.5,0,0,0
CHGA_L9G_T17C,MHCflurry,without_flanks,signal_or_junction,HLA-A*24:02,1,0,0,0
CHGA_L9G_T17C,MHCflurry,without_flanks,signal_or_junction,HLA-A*24:02,2,0,0,0
CHGA_L9G_T17C,MHCflurry,without_flanks,signal_or_junction,HLA-A*03:01,0.5,0,0,0
CHGA_L9G_T17C,MHCflurry,without_flanks,signal_or_junction,HLA-A*03:01,1,0,0,0
CHGA_L9G_T17C,MHCflurry,without_flanks,signal_or_junction,HLA-A*03:01,2,0,0,0
CHGA_L9G_T17C,MHCflurry,without_flanks,signal_or_junction,HLA-B*40:01,0.5,0,0,0
CHGA_L9G_T17C,MHCflurry,without_flanks,signal_or_junction,HLA-B*40:01,1,0,0,0
CHGA_L9G_T17C,MHCflurry,without_flanks,signal_or_junction,HLA-B*40:01,2,0,0,0
CHGA_L9G_T17C,MHCflurry,without_flanks,signal_or_junction,HLA-B*49:01,0.5,0,0,0
CHGA_L9G_T17C,MHCflurry,without_flanks,signal_or_junction,HLA-B*49:01,1,0,0,0
CHGA_L9G_T17C,MHCflurry,without_flanks,signal_or_junction,HLA-B*49:01,2,0,0,0
CHGA_L9G_T17C,MHCflurry,without_flanks,signal_or_junction,HLA-C*03:04,0.5,3,1,-2
CHGA_L9G_T17C,MHCflurry,without_flanks,signal_or_junction,HLA-C*03:04,1,7,3,-4
CHGA_L9G_T17C,MHCflurry,without_flanks,signal_or_junction,HLA-C*03:04,2,10,6,-4
CHGA_L9G_T17C,MHCflurry,without_flanks,signal_or_junction,HLA-C*07:01,0.5,1,0,-1
CHGA_L9G_T17C,MHCflurry,without_flanks,signal_or_junction,HLA-C*07:01,1,3,1,-2
CHGA_L9G_T17C,MHCflurry,without_flanks,signal_or_junction,HLA-C*07:01,2,5,3,-2
CHGA_L9G_T17G,NetMHC,without_flanks,signal_or_junction,HLA-A*02:01,0.5,0,0,0
CHGA_L9G_T17G,NetMHC,without_flanks,signal_or_junction,HLA-A*02:01,1,0,0,0
CHGA_L9G_T17G,NetMHC,without_flanks,signal_or_junction,HLA-A*02:01,2,4,2,-2
CHGA_L9G_T17G,NetMHC,without_flanks,signal_or_junction,HLA-A*24:02,0.5,0,0,0
CHGA_L9G_T17G,NetMHC,without_flanks,signal_or_junction,HLA-A*24:02,1,0,0,0
CHGA_L9G_T17G,NetMHC,without_flanks,signal_or_junction,HLA-A*24:02,2,0,0,0
CHGA_L9G_T17G,NetMHC,without_flanks,signal_or_junction,HLA-A*03:01,0.5,0,0,0
CHGA_L9G_T17G,NetMHC,without_flanks,signal_or_junction,HLA-A*03:01,1,0,0,0
CHGA_L9G_T17G,NetMHC,without_flanks,signal_or_junction,HLA-A*03:01,2,0,0,0
CHGA_L9G_T17G,NetMHC,without_flanks,signal_or_junction,HLA-B*40:01,0.5,0,0,0
CHGA_L9G_T17G,NetMHC,without_flanks,signal_or_junction,HLA-B*40:01,1,0,0,0
CHGA_L9G_T17G,NetMHC,without_flanks,signal_or_junction,HLA-B*40:01,2,0,0,0
CHGA_L9G_T17G,NetMHC,without_flanks,signal_or_junction,HLA-B*49:01,0.5,0,0,0
CHGA_L9G_T17G,NetMHC,without_flanks,signal_or_junction,HLA-B*49:01,1,0,0,0
CHGA_L9G_T17G,NetMHC,without_flanks,signal_or_junction,HLA-B*49:01,2,0,0,0
CHGA_L9G_T17G,NetMHC,without_flanks,signal_or_junction,HLA-C*03:04,0.5,3,0,-3
CHGA_L9G_T17G,NetMHC,without_flanks,signal_or_junction,HLA-C*03:04,1,6,4,-2
CHGA_L9G_T17G,NetMHC,without_flanks,signal_or_junction,HLA-C*03:04,2,8,6,-2
CHGA_L9G_T17G,NetMHC,without_flanks,signal_or_junction,HLA-C*07:01,0.5,1,0,-1
CHGA_L9G_T17G,NetMHC,without_flanks,signal_or_junction,HLA-C*07:01,1,2,0,-2
CHGA_L9G_T17G,NetMHC,without_flanks,signal_or_junction,HLA-C*07:01,2,5,2,-3
CHGA_L9G_T17G,MHCflurry,without_flanks,signal_or_junction,HLA-A*02:01,0.5,0,0,0
CHGA_L9G_T17G,MHCflurry,without_flanks,signal_or_junction,HLA-A*02:01,1,2,2,0
CHGA_L9G_T17G,MHCflurry,without_flanks,signal_or_junction,HLA-A*02:01,2,6,6,0
CHGA_L9G_T17G,MHCflurry,without_flanks,signal_or_junction,HLA-A*24:02,0.5,0,0,0
CHGA_L9G_T17G,MHCflurry,without_flanks,signal_or_junction,HLA-A*24:02,1,0,0,0
CHGA_L9G_T17G,MHCflurry,without_flanks,signal_or_junction,HLA-A*24:02,2,0,0,0
CHGA_L9G_T17G,MHCflurry,without_flanks,signal_or_junction,HLA-A*03:01,0.5,0,0,0
CHGA_L9G_T17G,MHCflurry,without_flanks,signal_or_junction,HLA-A*03:01,1,0,0,0
CHGA_L9G_T17G,MHCflurry,without_flanks,signal_or_junction,HLA-A*03:01,2,0,0,0
CHGA_L9G_T17G,MHCflurry,without_flanks,signal_or_junction,HLA-B*40:01,0.5,0,0,0
CHGA_L9G_T17G,MHCflurry,without_flanks,signal_or_junction,HLA-B*40:01,1,0,0,0
CHGA_L9G_T17G,MHCflurry,without_flanks,signal_or_junction,HLA-B*40:01,2,0,0,0
CHGA_L9G_T17G,MHCflurry,without_flanks,signal_or_junction,HLA-B*49:01,0.5,0,0,0
CHGA_L9G_T17G,MHCflurry,without_flanks,signal_or_junction,HLA-B*49:01,1,0,0,0
CHGA_L9G_T17G,MHCflurry,without_flanks,signal_or_junction,HLA-B*49:01,2,0,1,1
CHGA_L9G_T17G,MHCflurry,without_flanks,signal_or_junction,HLA-C*03:04,0.5,3,0,-3
CHGA_L9G_T17G,MHCflurry,without_flanks,signal_or_junction,HLA-C*03:04,1,7,4,-3
CHGA_L9G_T17G,MHCflurry,without_flanks,signal_or_junction,HLA-C*03:04,2,10,6,-4
CHGA_L9G_T17G,MHCflurry,without_flanks,signal_or_junction,HLA-C*07:01,0.5,1,0,-1
CHGA_L9G_T17G,MHCflurry,without_flanks,signal_or_junction,HLA-C*07:01,1,3,1,-2
CHGA_L9G_T17G,MHCflurry,without_flanks,signal_or_junction,HLA-C*07:01,2,5,4,-1
CHGA_L9G_T17D,NetMHC,without_flanks,signal_or_junction,HLA-A*02:01,0.5,0,0,0
CHGA_L9G_T17D,NetMHC,without_flanks,signal_or_junction,HLA-A*02:01,1,0,0,0
CHGA_L9G_T17D,NetMHC,without_flanks,signal_or_junction,HLA-A*02:01,2,4,3,-1
CHGA_L9G_T17D,NetMHC,without_flanks,signal_or_junction,HLA-A*24:02,0.5,0,0,0
CHGA_L9G_T17D,NetMHC,without_flanks,signal_or_junction,HLA-A*24:02,1,0,0,0
CHGA_L9G_T17D,NetMHC,without_flanks,signal_or_junction,HLA-A*24:02,2,0,0,0
CHGA_L9G_T17D,NetMHC,without_flanks,signal_or_junction,HLA-A*03:01,0.5,0,0,0
CHGA_L9G_T17D,NetMHC,without_flanks,signal_or_junction,HLA-A*03:01,1,0,0,0
CHGA_L9G_T17D,NetMHC,without_flanks,signal_or_junction,HLA-A*03:01,2,0,0,0
CHGA_L9G_T17D,NetMHC,without_flanks,signal_or_junction,HLA-B*40:01,0.5,0,0,0
CHGA_L9G_T17D,NetMHC,without_flanks,signal_or_junction,HLA-B*40:01,1,0,0,0
CHGA_L9G_T17D,NetMHC,without_flanks,signal_or_junction,HLA-B*40:01,2,0,2,2
CHGA_L9G_T17D,NetMHC,without_flanks,signal_or_junction,HLA-B*49:01,0.5,0,0,0
CHGA_L9G_T17D,NetMHC,without_flanks,signal_or_junction,HLA-B*49:01,1,0,0,0
CHGA_L9G_T17D,NetMHC,without_flanks,signal_or_junction,HLA-B*49:01,2,0,1,1
CHGA_L9G_T17D,NetMHC,without_flanks,signal_or_junction,HLA-C*03:04,0.5,3,0,-3
CHGA_L9G_T17D,NetMHC,without_flanks,signal_or_junction,HLA-C*03:04,1,6,2,-4
CHGA_L9G_T17D,NetMHC,without_flanks,signal_or_junction,HLA-C*03:04,2,8,4,-4
CHGA_L9G_T17D,NetMHC,without_flanks,signal_or_junction,HLA-C*07:01,0.5,1,0,-1
CHGA_L9G_T17D,NetMHC,without_flanks,signal_or_junction,HLA-C*07:01,1,2,0,-2
CHGA_L9G_T17D,NetMHC,without_flanks,signal_or_junction,HLA-C*07:01,2,5,2,-3
CHGA_L9G_T17D,MHCflurry,without_flanks,signal_or_junction,HLA-A*02:01,0.5,0,0,0
CHGA_L9G_T17D,MHCflurry,without_flanks,signal_or_junction,HLA-A*02:01,1,2,2,0
CHGA_L9G_T17D,MHCflurry,without_flanks,signal_or_junction,HLA-A*02:01,2,6,4,-2
CHGA_L9G_T17D,MHCflurry,without_flanks,signal_or_junction,HLA-A*24:02,0.5,0,0,0
CHGA_L9G_T17D,MHCflurry,without_flanks,signal_or_junction,HLA-A*24:02,1,0,0,0
CHGA_L9G_T17D,MHCflurry,without_flanks,signal_or_junction,HLA-A*24:02,2,0,0,0
CHGA_L9G_T17D,MHCflurry,without_flanks,signal_or_junction,HLA-A*03:01,0.5,0,0,0
CHGA_L9G_T17D,MHCflurry,without_flanks,signal_or_junction,HLA-A*03:01,1,0,0,0
CHGA_L9G_T17D,MHCflurry,without_flanks,signal_or_junction,HLA-A*03:01,2,0,0,0
CHGA_L9G_T17D,MHCflurry,without_flanks,signal_or_junction,HLA-B*40:01,0.5,0,0,0
CHGA_L9G_T17D,MHCflurry,without_flanks,signal_or_junction,HLA-B*40:01,1,0,0,0
CHGA_L9G_T17D,MHCflurry,without_flanks,signal_or_junction,HLA-B*40:01,2,0,0,0
CHGA_L9G_T17D,MHCflurry,without_flanks,signal_or_junction,HLA-B*49:01,0.5,0,0,0
CHGA_L9G_T17D,MHCflurry,without_flanks,signal_or_junction,HLA-B*49:01,1,0,0,0
CHGA_L9G_T17D,MHCflurry,without_flanks,signal_or_junction,HLA-B*49:01,2,0,2,2
CHGA_L9G_T17D,MHCflurry,without_flanks,signal_or_junction,HLA-C*03:04,0.5,3,1,-2
CHGA_L9G_T17D,MHCflurry,without_flanks,signal_or_junction,HLA-C*03:04,1,7,3,-4
CHGA_L9G_T17D,MHCflurry,without_flanks,signal_or_junction,HLA-C*03:04,2,10,6,-4
CHGA_L9G_T17D,MHCflurry,without_flanks,signal_or_junction,HLA-C*07:01,0.5,1,0,-1
CHGA_L9G_T17D,MHCflurry,without_flanks,signal_or_junction,HLA-C*07:01,1,3,1,-2
CHGA_L9G_T17D,MHCflurry,without_flanks,signal_or_junction,HLA-C*07:01,2,5,4,-1
CHGA_L9G_T17P,NetMHC,without_flanks,signal_or_junction,HLA-A*02:01,0.5,0,0,0
CHGA_L9G_T17P,NetMHC,without_flanks,signal_or_junction,HLA-A*02:01,1,0,0,0
CHGA_L9G_T17P,NetMHC,without_flanks,signal_or_junction,HLA-A*02:01,2,4,2,-2
CHGA_L9G_T17P,NetMHC,without_flanks,signal_or_junction,HLA-A*24:02,0.5,0,0,0
CHGA_L9G_T17P,NetMHC,without_flanks,signal_or_junction,HLA-A*24:02,1,0,0,0
CHGA_L9G_T17P,NetMHC,without_flanks,signal_or_junction,HLA-A*24:02,2,0,0,0
CHGA_L9G_T17P,NetMHC,without_flanks,signal_or_junction,HLA-A*03:01,0.5,0,0,0
CHGA_L9G_T17P,NetMHC,without_flanks,signal_or_junction,HLA-A*03:01,1,0,0,0
CHGA_L9G_T17P,NetMHC,without_flanks,signal_or_junction,HLA-A*03:01,2,0,0,0
CHGA_L9G_T17P,NetMHC,without_flanks,signal_or_junction,HLA-B*40:01,0.5,0,0,0
CHGA_L9G_T17P,NetMHC,without_flanks,signal_or_junction,HLA-B*40:01,1,0,0,0
CHGA_L9G_T17P,NetMHC,without_flanks,signal_or_junction,HLA-B*40:01,2,0,1,1
CHGA_L9G_T17P,NetMHC,without_flanks,signal_or_junction,HLA-B*49:01,0.5,0,0,0
CHGA_L9G_T17P,NetMHC,without_flanks,signal_or_junction,HLA-B*49:01,1,0,0,0
CHGA_L9G_T17P,NetMHC,without_flanks,signal_or_junction,HLA-B*49:01,2,0,0,0
CHGA_L9G_T17P,NetMHC,without_flanks,signal_or_junction,HLA-C*03:04,0.5,3,0,-3
CHGA_L9G_T17P,NetMHC,without_flanks,signal_or_junction,HLA-C*03:04,1,6,3,-3
CHGA_L9G_T17P,NetMHC,without_flanks,signal_or_junction,HLA-C*03:04,2,8,6,-2
CHGA_L9G_T17P,NetMHC,without_flanks,signal_or_junction,HLA-C*07:01,0.5,1,0,-1
CHGA_L9G_T17P,NetMHC,without_flanks,signal_or_junction,HLA-C*07:01,1,2,0,-2
CHGA_L9G_T17P,NetMHC,without_flanks,signal_or_junction,HLA-C*07:01,2,5,2,-3
CHGA_L9G_T17P,MHCflurry,without_flanks,signal_or_junction,HLA-A*02:01,0.5,0,0,0
CHGA_L9G_T17P,MHCflurry,without_flanks,signal_or_junction,HLA-A*02:01,1,2,2,0
CHGA_L9G_T17P,MHCflurry,without_flanks,signal_or_junction,HLA-A*02:01,2,6,6,0
CHGA_L9G_T17P,MHCflurry,without_flanks,signal_or_junction,HLA-A*24:02,0.5,0,0,0
CHGA_L9G_T17P,MHCflurry,without_flanks,signal_or_junction,HLA-A*24:02,1,0,0,0
CHGA_L9G_T17P,MHCflurry,without_flanks,signal_or_junction,HLA-A*24:02,2,0,0,0
CHGA_L9G_T17P,MHCflurry,without_flanks,signal_or_junction,HLA-A*03:01,0.5,0,0,0
CHGA_L9G_T17P,MHCflurry,without_flanks,signal_or_junction,HLA-A*03:01,1,0,0,0
CHGA_L9G_T17P,MHCflurry,without_flanks,signal_or_junction,HLA-A*03:01,2,0,0,0
CHGA_L9G_T17P,MHCflurry,without_flanks,signal_or_junction,HLA-B*40:01,0.5,0,0,0
CHGA_L9G_T17P,MHCflurry,without_flanks,signal_or_junction,HLA-B*40:01,1,0,0,0
CHGA_L9G_T17P,MHCflurry,without_flanks,signal_or_junction,HLA-B*40:01,2,0,0,0
CHGA_L9G_T17P,MHCflurry,without_flanks,signal_or_junction,HLA-B*49:01,0.5,0,0,0
CHGA_L9G_T17P,MHCflurry,without_flanks,signal_or_junction,HLA-B*49:01,1,0,0,0
CHGA_L9G_T17P,MHCflurry,without_flanks,signal_or_junction,HLA-B*49:01,2,0,1,1
CHGA_L9G_T17P,MHCflurry,without_flanks,signal_or_junction,HLA-C*03:04,0.5,3,0,-3
CHGA_L9G_T17P,MHCflurry,without_flanks,signal_or_junction,HLA-C*03:04,1,7,3,-4
CHGA_L9G_T17P,MHCflurry,without_flanks,signal_or_junction,HLA-C*03:04,2,10,8,-2
CHGA_L9G_T17P,MHCflurry,without_flanks,signal_or_junction,HLA-C*07:01,0.5,1,0,-1
CHGA_L9G_T17P,MHCflurry,without_flanks,signal_or_junction,HLA-C*07:01,1,3,1,-2
CHGA_L9G_T17P,MHCflurry,without_flanks,signal_or_junction,HLA-C*07:01,2,5,4,-1
CHGA_baseline,NetMHC,without_flanks,full_precursor,HLA-A*02:01,0.5,2,2,0
CHGA_baseline,NetMHC,without_flanks,full_precursor,HLA-A*02:01,1,5,5,0
CHGA_baseline,NetMHC,without_flanks,full_precursor,HLA-A*02:01,2,12,12,0
CHGA_baseline,NetMHC,without_flanks,full_precursor,HLA-A*24:02,0.5,1,1,0
CHGA_baseline,NetMHC,without_flanks,full_precursor,HLA-A*24:02,1,2,2,0
CHGA_baseline,NetMHC,without_flanks,full_precursor,HLA-A*24:02,2,2,2,0
CHGA_baseline,NetMHC,without_flanks,full_precursor,HLA-A*03:01,0.5,0,0,0
CHGA_baseline,NetMHC,without_flanks,full_precursor,HLA-A*03:01,1,1,1,0
CHGA_baseline,NetMHC,without_flanks,full_precursor,HLA-A*03:01,2,6,6,0
CHGA_baseline,NetMHC,without_flanks,full_precursor,HLA-B*40:01,0.5,3,3,0
CHGA_baseline,NetMHC,without_flanks,full_precursor,HLA-B*40:01,1,6,6,0
CHGA_baseline,NetMHC,without_flanks,full_precursor,HLA-B*40:01,2,9,9,0
CHGA_baseline,NetMHC,without_flanks,full_precursor,HLA-B*49:01,0.5,5,5,0
CHGA_baseline,NetMHC,without_flanks,full_precursor,HLA-B*49:01,1,6,6,0
CHGA_baseline,NetMHC,without_flanks,full_precursor,HLA-B*49:01,2,9,9,0
CHGA_baseline,NetMHC,without_flanks,full_precursor,HLA-C*03:04,0.5,3,3,0
CHGA_baseline,NetMHC,without_flanks,full_precursor,HLA-C*03:04,1,8,8,0
CHGA_baseline,NetMHC,without_flanks,full_precursor,HLA-C*03:04,2,13,13,0
CHGA_baseline,NetMHC,without_flanks,full_precursor,HLA-C*07:01,0.5,1,1,0
CHGA_baseline,NetMHC,without_flanks,full_precursor,HLA-C*07:01,1,2,2,0
CHGA_baseline,NetMHC,without_flanks,full_precursor,HLA-C*07:01,2,8,8,0
CHGA_baseline,MHCflurry,without_flanks,full_precursor,HLA-A*02:01,0.5,1,1,0
CHGA_baseline,MHCflurry,without_flanks,full_precursor,HLA-A*02:01,1,4,4,0
CHGA_baseline,MHCflurry,without_flanks,full_precursor,HLA-A*02:01,2,10,10,0
CHGA_baseline,MHCflurry,without_flanks,full_precursor,HLA-A*24:02,0.5,2,2,0
CHGA_baseline,MHCflurry,without_flanks,full_precursor,HLA-A*24:02,1,2,2,0
CHGA_baseline,MHCflurry,without_flanks,full_precursor,HLA-A*24:02,2,3,3,0
CHGA_baseline,MHCflurry,without_flanks,full_precursor,HLA-A*03:01,0.5,1,1,0
CHGA_baseline,MHCflurry,without_flanks,full_precursor,HLA-A*03:01,1,2,2,0
CHGA_baseline,MHCflurry,without_flanks,full_precursor,HLA-A*03:01,2,3,3,0
CHGA_baseline,MHCflurry,without_flanks,full_precursor,HLA-B*40:01,0.5,3,3,0
CHGA_baseline,MHCflurry,without_flanks,full_precursor,HLA-B*40:01,1,5,5,0
CHGA_baseline,MHCflurry,without_flanks,full_precursor,HLA-B*40:01,2,8,8,0
CHGA_baseline,MHCflurry,without_flanks,full_precursor,HLA-B*49:01,0.5,5,5,0
CHGA_baseline,MHCflurry,without_flanks,full_precursor,HLA-B*49:01,1,8,8,0
CHGA_baseline,MHCflurry,without_flanks,full_precursor,HLA-B*49:01,2,12,12,0
CHGA_baseline,MHCflurry,without_flanks,full_precursor,HLA-C*03:04,0.5,3,3,0
CHGA_baseline,MHCflurry,without_flanks,full_precursor,HLA-C*03:04,1,8,8,0
CHGA_baseline,MHCflurry,without_flanks,full_precursor,HLA-C*03:04,2,21,21,0
CHGA_baseline,MHCflurry,without_flanks,full_precursor,HLA-C*07:01,0.5,2,2,0
CHGA_baseline,MHCflurry,without_flanks,full_precursor,HLA-C*07:01,1,5,5,0
CHGA_baseline,MHCflurry,without_flanks,full_precursor,HLA-C*07:01,2,10,10,0
CHGA_L9C,NetMHC,without_flanks,full_precursor,HLA-A*02:01,0.5,2,2,0
CHGA_L9C,NetMHC,without_flanks,full_precursor,HLA-A*02:01,1,5,5,0
CHGA_L9C,NetMHC,without_flanks,full_precursor,HLA-A*02:01,2,12,9,-3
CHGA_L9C,NetMHC,without_flanks,full_precursor,HLA-A*24:02,0.5,1,1,0
CHGA_L9C,NetMHC,without_flanks,full_precursor,HLA-A*24:02,1,2,2,0
CHGA_L9C,NetMHC,without_flanks,full_precursor,HLA-A*24:02,2,2,2,0
CHGA_L9C,NetMHC,without_flanks,full_precursor,HLA-A*03:01,0.5,0,0,0
CHGA_L9C,NetMHC,without_flanks,full_precursor,HLA-A*03:01,1,1,1,0
CHGA_L9C,NetMHC,without_flanks,full_precursor,HLA-A*03:01,2,6,6,0
CHGA_L9C,NetMHC,without_flanks,full_precursor,HLA-B*40:01,0.5,3,3,0
CHGA_L9C,NetMHC,without_flanks,full_precursor,HLA-B*40:01,1,6,6,0
CHGA_L9C,NetMHC,without_flanks,full_precursor,HLA-B*40:01,2,9,9,0
CHGA_L9C,NetMHC,without_flanks,full_precursor,HLA-B*49:01,0.5,5,5,0
CHGA_L9C,NetMHC,without_flanks,full_precursor,HLA-B*49:01,1,6,6,0
CHGA_L9C,NetMHC,without_flanks,full_precursor,HLA-B*49:01,2,9,9,0
CHGA_L9C,NetMHC,without_flanks,full_precursor,HLA-C*03:04,0.5,3,2,-1
CHGA_L9C,NetMHC,without_flanks,full_precursor,HLA-C*03:04,1,8,5,-3
CHGA_L9C,NetMHC,without_flanks,full_precursor,HLA-C*03:04,2,13,11,-2
CHGA_L9C,NetMHC,without_flanks,full_precursor,HLA-C*07:01,0.5,1,0,-1
CHGA_L9C,NetMHC,without_flanks,full_precursor,HLA-C*07:01,1,2,0,-2
CHGA_L9C,NetMHC,without_flanks,full_precursor,HLA-C*07:01,2,8,7,-1
CHGA_L9C,MHCflurry,without_flanks,full_precursor,HLA-A*02:01,0.5,1,1,0
CHGA_L9C,MHCflurry,without_flanks,full_precursor,HLA-A*02:01,1,4,3,-1
CHGA_L9C,MHCflurry,without_flanks,full_precursor,HLA-A*02:01,2,10,7,-3
CHGA_L9C,MHCflurry,without_flanks,full_precursor,HLA-A*24:02,0.5,2,2,0
CHGA_L9C,MHCflurry,without_flanks,full_precursor,HLA-A*24:02,1,2,2,0
CHGA_L9C,MHCflurry,without_flanks,full_precursor,HLA-A*24:02,2,3,3,0
CHGA_L9C,MHCflurry,without_flanks,full_precursor,HLA-A*03:01,0.5,1,1,0
CHGA_L9C,MHCflurry,without_flanks,full_precursor,HLA-A*03:01,1,2,2,0
CHGA_L9C,MHCflurry,without_flanks,full_precursor,HLA-A*03:01,2,3,3,0
CHGA_L9C,MHCflurry,without_flanks,full_precursor,HLA-B*40:01,0.5,3,3,0
CHGA_L9C,MHCflurry,without_flanks,full_precursor,HLA-B*40:01,1,5,5,0
CHGA_L9C,MHCflurry,without_flanks,full_precursor,HLA-B*40:01,2,8,8,0
CHGA_L9C,MHCflurry,without_flanks,full_precursor,HLA-B*49:01,0.5,5,5,0
CHGA_L9C,MHCflurry,without_flanks,full_precursor,HLA-B*49:01,1,8,8,0
CHGA_L9C,MHCflurry,without_flanks,full_precursor,HLA-B*49:01,2,12,12,0
CHGA_L9C,MHCflurry,without_flanks,full_precursor,HLA-C*03:04,0.5,3,2,-1
CHGA_L9C,MHCflurry,without_flanks,full_precursor,HLA-C*03:04,1,8,6,-2
CHGA_L9C,MHCflurry,without_flanks,full_precursor,HLA-C*03:04,2,21,19,-2
CHGA_L9C,MHCflurry,without_flanks,full_precursor,HLA-C*07:01,0.5,2,1,-1
CHGA_L9C,MHCflurry,without_flanks,full_precursor,HLA-C*07:01,1,5,3,-2
CHGA_L9C,MHCflurry,without_flanks,full_precursor,HLA-C*07:01,2,10,9,-1
CHGA_L9G,NetMHC,without_flanks,full_precursor,HLA-A*02:01,0.5,2,2,0
CHGA_L9G,NetMHC,without_flanks,full_precursor,HLA-A*02:01,1,5,5,0
CHGA_L9G,NetMHC,without_flanks,full_precursor,HLA-A*02:01,2,12,12,0
CHGA_L9G,NetMHC,without_flanks,full_precursor,HLA-A*24:02,0.5,1,1,0
CHGA_L9G,NetMHC,without_flanks,full_precursor,HLA-A*24:02,1,2,2,0
CHGA_L9G,NetMHC,without_flanks,full_precursor,HLA-A*24:02,2,2,2,0
CHGA_L9G,NetMHC,without_flanks,full_precursor,HLA-A*03:01,0.5,0,0,0
CHGA_L9G,NetMHC,without_flanks,full_precursor,HLA-A*03:01,1,1,1,0
CHGA_L9G,NetMHC,without_flanks,full_precursor,HLA-A*03:01,2,6,6,0
CHGA_L9G,NetMHC,without_flanks,full_precursor,HLA-B*40:01,0.5,3,3,0
CHGA_L9G,NetMHC,without_flanks,full_precursor,HLA-B*40:01,1,6,6,0
CHGA_L9G,NetMHC,without_flanks,full_precursor,HLA-B*40:01,2,9,9,0
CHGA_L9G,NetMHC,without_flanks,full_precursor,HLA-B*49:01,0.5,5,5,0
CHGA_L9G,NetMHC,without_flanks,full_precursor,HLA-B*49:01,1,6,6,0
CHGA_L9G,NetMHC,without_flanks,full_precursor,HLA-B*49:01,2,9,9,0
CHGA_L9G,NetMHC,without_flanks,full_precursor,HLA-C*03:04,0.5,3,2,-1
CHGA_L9G,NetMHC,without_flanks,full_precursor,HLA-C*03:04,1,8,6,-2
CHGA_L9G,NetMHC,without_flanks,full_precursor,HLA-C*03:04,2,13,12,-1
CHGA_L9G,NetMHC,without_flanks,full_precursor,HLA-C*07:01,0.5,1,0,-1
CHGA_L9G,NetMHC,without_flanks,full_precursor,HLA-C*07:01,1,2,0,-2
CHGA_L9G,NetMHC,without_flanks,full_precursor,HLA-C*07:01,2,8,6,-2
CHGA_L9G,MHCflurry,without_flanks,full_precursor,HLA-A*02:01,0.5,1,1,0
CHGA_L9G,MHCflurry,without_flanks,full_precursor,HLA-A*02:01,1,4,4,0
CHGA_L9G,MHCflurry,without_flanks,full_precursor,HLA-A*02:01,2,10,10,0
CHGA_L9G,MHCflurry,without_flanks,full_precursor,HLA-A*24:02,0.5,2,2,0
CHGA_L9G,MHCflurry,without_flanks,full_precursor,HLA-A*24:02,1,2,2,0
CHGA_L9G,MHCflurry,without_flanks,full_precursor,HLA-A*24:02,2,3,3,0
CHGA_L9G,MHCflurry,without_flanks,full_precursor,HLA-A*03:01,0.5,1,1,0
CHGA_L9G,MHCflurry,without_flanks,full_precursor,HLA-A*03:01,1,2,2,0
CHGA_L9G,MHCflurry,without_flanks,full_precursor,HLA-A*03:01,2,3,3,0
CHGA_L9G,MHCflurry,without_flanks,full_precursor,HLA-B*40:01,0.5,3,3,0
CHGA_L9G,MHCflurry,without_flanks,full_precursor,HLA-B*40:01,1,5,5,0
CHGA_L9G,MHCflurry,without_flanks,full_precursor,HLA-B*40:01,2,8,8,0
CHGA_L9G,MHCflurry,without_flanks,full_precursor,HLA-B*49:01,0.5,5,5,0
CHGA_L9G,MHCflurry,without_flanks,full_precursor,HLA-B*49:01,1,8,8,0
CHGA_L9G,MHCflurry,without_flanks,full_precursor,HLA-B*49:01,2,12,12,0
CHGA_L9G,MHCflurry,without_flanks,full_precursor,HLA-C*03:04,0.5,3,2,-1
CHGA_L9G,MHCflurry,without_flanks,full_precursor,HLA-C*03:04,1,8,5,-3
CHGA_L9G,MHCflurry,without_flanks,full_precursor,HLA-C*03:04,2,21,19,-2
CHGA_L9G,MHCflurry,without_flanks,full_precursor,HLA-C*07:01,0.5,2,1,-1
CHGA_L9G,MHCflurry,without_flanks,full_precursor,HLA-C*07:01,1,5,3,-2
CHGA_L9G,MHCflurry,without_flanks,full_precursor,HLA-C*07:01,2,10,8,-2
CHGA_T17C,NetMHC,without_flanks,full_precursor,HLA-A*02:01,0.5,2,2,0
CHGA_T17C,NetMHC,without_flanks,full_precursor,HLA-A*02:01,1,5,5,0
CHGA_T17C,NetMHC,without_flanks,full_precursor,HLA-A*02:01,2,12,9,-3
CHGA_T17C,NetMHC,without_flanks,full_precursor,HLA-A*24:02,0.5,1,1,0
CHGA_T17C,NetMHC,without_flanks,full_precursor,HLA-A*24:02,1,2,2,0
CHGA_T17C,NetMHC,without_flanks,full_precursor,HLA-A*24:02,2,2,2,0
CHGA_T17C,NetMHC,without_flanks,full_precursor,HLA-A*03:01,0.5,0,0,0
CHGA_T17C,NetMHC,without_flanks,full_precursor,HLA-A*03:01,1,1,1,0
CHGA_T17C,NetMHC,without_flanks,full_precursor,HLA-A*03:01,2,6,6,0
CHGA_T17C,NetMHC,without_flanks,full_precursor,HLA-B*40:01,0.5,3,3,0
CHGA_T17C,NetMHC,without_flanks,full_precursor,HLA-B*40:01,1,6,6,0
CHGA_T17C,NetMHC,without_flanks,full_precursor,HLA-B*40:01,2,9,9,0
CHGA_T17C,NetMHC,without_flanks,full_precursor,HLA-B*49:01,0.5,5,5,0
CHGA_T17C,NetMHC,without_flanks,full_precursor,HLA-B*49:01,1,6,6,0
CHGA_T17C,NetMHC,without_flanks,full_precursor,HLA-B*49:01,2,9,9,0
CHGA_T17C,NetMHC,without_flanks,full_precursor,HLA-C*03:04,0.5,3,1,-2
CHGA_T17C,NetMHC,without_flanks,full_precursor,HLA-C*03:04,1,8,7,-1
CHGA_T17C,NetMHC,without_flanks,full_precursor,HLA-C*03:04,2,13,12,-1
CHGA_T17C,NetMHC,without_flanks,full_precursor,HLA-C*07:01,0.5,1,1,0
CHGA_T17C,NetMHC,without_flanks,full_precursor,HLA-C*07:01,1,2,2,0
CHGA_T17C,NetMHC,without_flanks,full_precursor,HLA-C*07:01,2,8,7,-1
CHGA_T17C,MHCflurry,without_flanks,full_precursor,HLA-A*02:01,0.5,1,1,0
CHGA_T17C,MHCflurry,without_flanks,full_precursor,HLA-A*02:01,1,4,3,-1
CHGA_T17C,MHCflurry,without_flanks,full_precursor,HLA-A*02:01,2,10,9,-1
CHGA_T17C,MHCflurry,without_flanks,full_precursor,HLA-A*24:02,0.5,2,2,0
CHGA_T17C,MHCflurry,without_flanks,full_precursor,HLA-A*24:02,1,2,2,0
CHGA_T17C,MHCflurry,without_flanks,full_precursor,HLA-A*24:02,2,3,3,0
CHGA_T17C,MHCflurry,without_flanks,full_precursor,HLA-A*03:01,0.5,1,1,0
CHGA_T17C,MHCflurry,without_flanks,full_precursor,HLA-A*03:01,1,2,2,0
CHGA_T17C,MHCflurry,without_flanks,full_precursor,HLA-A*03:01,2,3,3,0
CHGA_T17C,MHCflurry,without_flanks,full_precursor,HLA-B*40:01,0.5,3,3,0
CHGA_T17C,MHCflurry,without_flanks,full_precursor,HLA-B*40:01,1,5,5,0
CHGA_T17C,MHCflurry,without_flanks,full_precursor,HLA-B*40:01,2,8,8,0
CHGA_T17C,MHCflurry,without_flanks,full_precursor,HLA-B*49:01,0.5,5,5,0
CHGA_T17C,MHCflurry,without_flanks,full_precursor,HLA-B*49:01,1,8,8,0
CHGA_T17C,MHCflurry,without_flanks,full_precursor,HLA-B*49:01,2,12,12,0
CHGA_T17C,MHCflurry,without_flanks,full_precursor,HLA-C*03:04,0.5,3,2,-1
CHGA_T17C,MHCflurry,without_flanks,full_precursor,HLA-C*03:04,1,8,7,-1
CHGA_T17C,MHCflurry,without_flanks,full_precursor,HLA-C*03:04,2,21,19,-2
CHGA_T17C,MHCflurry,without_flanks,full_precursor,HLA-C*07:01,0.5,2,2,0
CHGA_T17C,MHCflurry,without_flanks,full_precursor,HLA-C*07:01,1,5,5,0
CHGA_T17C,MHCflurry,without_flanks,full_precursor,HLA-C*07:01,2,10,10,0
CHGA_T17G,NetMHC,without_flanks,full_precursor,HLA-A*02:01,0.5,2,2,0
CHGA_T17G,NetMHC,without_flanks,full_precursor,HLA-A*02:01,1,5,5,0
CHGA_T17G,NetMHC,without_flanks,full_precursor,HLA-A*02:01,2,12,9,-3
CHGA_T17G,NetMHC,without_flanks,full_precursor,HLA-A*24:02,0.5,1,1,0
CHGA_T17G,NetMHC,without_flanks,full_precursor,HLA-A*24:02,1,2,2,0
CHGA_T17G,NetMHC,without_flanks,full_precursor,HLA-A*24:02,2,2,2,0
CHGA_T17G,NetMHC,without_flanks,full_precursor,HLA-A*03:01,0.5,0,0,0
CHGA_T17G,NetMHC,without_flanks,full_precursor,HLA-A*03:01,1,1,1,0
CHGA_T17G,NetMHC,without_flanks,full_precursor,HLA-A*03:01,2,6,6,0
CHGA_T17G,NetMHC,without_flanks,full_precursor,HLA-B*40:01,0.5,3,3,0
CHGA_T17G,NetMHC,without_flanks,full_precursor,HLA-B*40:01,1,6,6,0
CHGA_T17G,NetMHC,without_flanks,full_precursor,HLA-B*40:01,2,9,9,0
CHGA_T17G,NetMHC,without_flanks,full_precursor,HLA-B*49:01,0.5,5,5,0
CHGA_T17G,NetMHC,without_flanks,full_precursor,HLA-B*49:01,1,6,6,0
CHGA_T17G,NetMHC,without_flanks,full_precursor,HLA-B*49:01,2,9,9,0
CHGA_T17G,NetMHC,without_flanks,full_precursor,HLA-C*03:04,0.5,3,1,-2
CHGA_T17G,NetMHC,without_flanks,full_precursor,HLA-C*03:04,1,8,8,0
CHGA_T17G,NetMHC,without_flanks,full_precursor,HLA-C*03:04,2,13,12,-1
CHGA_T17G,NetMHC,without_flanks,full_precursor,HLA-C*07:01,0.5,1,1,0
CHGA_T17G,NetMHC,without_flanks,full_precursor,HLA-C*07:01,1,2,2,0
CHGA_T17G,NetMHC,without_flanks,full_precursor,HLA-C*07:01,2,8,7,-1
CHGA_T17G,MHCflurry,without_flanks,full_precursor,HLA-A*02:01,0.5,1,1,0
CHGA_T17G,MHCflurry,without_flanks,full_precursor,HLA-A*02:01,1,4,4,0
CHGA_T17G,MHCflurry,without_flanks,full_precursor,HLA-A*02:01,2,10,10,0
CHGA_T17G,MHCflurry,without_flanks,full_precursor,HLA-A*24:02,0.5,2,2,0
CHGA_T17G,MHCflurry,without_flanks,full_precursor,HLA-A*24:02,1,2,2,0
CHGA_T17G,MHCflurry,without_flanks,full_precursor,HLA-A*24:02,2,3,3,0
CHGA_T17G,MHCflurry,without_flanks,full_precursor,HLA-A*03:01,0.5,1,1,0
CHGA_T17G,MHCflurry,without_flanks,full_precursor,HLA-A*03:01,1,2,2,0
CHGA_T17G,MHCflurry,without_flanks,full_precursor,HLA-A*03:01,2,3,3,0
CHGA_T17G,MHCflurry,without_flanks,full_precursor,HLA-B*40:01,0.5,3,3,0
CHGA_T17G,MHCflurry,without_flanks,full_precursor,HLA-B*40:01,1,5,5,0
CHGA_T17G,MHCflurry,without_flanks,full_precursor,HLA-B*40:01,2,8,8,0
CHGA_T17G,MHCflurry,without_flanks,full_precursor,HLA-B*49:01,0.5,5,5,0
CHGA_T17G,MHCflurry,without_flanks,full_precursor,HLA-B*49:01,1,8,8,0
CHGA_T17G,MHCflurry,without_flanks,full_precursor,HLA-B*49:01,2,12,13,1
CHGA_T17G,MHCflurry,without_flanks,full_precursor,HLA-C*03:04,0.5,3,1,-2
CHGA_T17G,MHCflurry,without_flanks,full_precursor,HLA-C*03:04,1,8,8,0
CHGA_T17G,MHCflurry,without_flanks,full_precursor,HLA-C*03:04,2,21,19,-2
CHGA_T17G,MHCflurry,without_flanks,full_precursor,HLA-C*07:01,0.5,2,2,0
CHGA_T17G,MHCflurry,without_flanks,full_precursor,HLA-C*07:01,1,5,5,0
CHGA_T17G,MHCflurry,without_flanks,full_precursor,HLA-C*07:01,2,10,11,1
CHGA_L9C_T17C,NetMHC,without_flanks,full_precursor,HLA-A*02:01,0.5,2,2,0
CHGA_L9C_T17C,NetMHC,without_flanks,full_precursor,HLA-A*02:01,1,5,5,0
CHGA_L9C_T17C,NetMHC,without_flanks,full_precursor,HLA-A*02:01,2,12,8,-4
CHGA_L9C_T17C,NetMHC,without_flanks,full_precursor,HLA-A*24:02,0.5,1,1,0
CHGA_L9C_T17C,NetMHC,without_flanks,full_precursor,HLA-A*24:02,1,2,2,0
CHGA_L9C_T17C,NetMHC,without_flanks,full_precursor,HLA-A*24:02,2,2,2,0
CHGA_L9C_T17C,NetMHC,without_flanks,full_precursor,HLA-A*03:01,0.5,0,0,0
CHGA_L9C_T17C,NetMHC,without_flanks,full_precursor,HLA-A*03:01,1,1,1,0
CHGA_L9C_T17C,NetMHC,without_flanks,full_precursor,HLA-A*03:01,2,6,6,0
CHGA_L9C_T17C,NetMHC,without_flanks,full_precursor,HLA-B*40:01,0.5,3,3,0
CHGA_L9C_T17C,NetMHC,without_flanks,full_precursor,HLA-B*40:01,1,6,6,0
CHGA_L9C_T17C,NetMHC,without_flanks,full_precursor,HLA-B*40:01,2,9,9,0
CHGA_L9C_T17C,NetMHC,without_flanks,full_precursor,HLA-B*49:01,0.5,5,5,0
CHGA_L9C_T17C,NetMHC,without_flanks,full_precursor,HLA-B*49:01,1,6,6,0
CHGA_L9C_T17C,NetMHC,without_flanks,full_precursor,HLA-B*49:01,2,9,9,0
CHGA_L9C_T17C,NetMHC,without_flanks,full_precursor,HLA-C*03:04,0.5,3,0,-3
CHGA_L9C_T17C,NetMHC,without_flanks,full_precursor,HLA-C*03:04,1,8,4,-4
CHGA_L9C_T17C,NetMHC,without_flanks,full_precursor,HLA-C*03:04,2,13,10,-3
CHGA_L9C_T17C,NetMHC,without_flanks,full_precursor,HLA-C*07:01,0.5,1,0,-1
CHGA_L9C_T17C,NetMHC,without_flanks,full_precursor,HLA-C*07:01,1,2,0,-2
CHGA_L9C_T17C,NetMHC,without_flanks,full_precursor,HLA-C*07:01,2,8,6,-2
CHGA_L9C_T17C,MHCflurry,without_flanks,full_precursor,HLA-A*02:01,0.5,1,1,0
CHGA_L9C_T17C,MHCflurry,without_flanks,full_precursor,HLA-A*02:01,1,4,2,-2
CHGA_L9C_T17C,MHCflurry,without_flanks,full_precursor,HLA-A*02:01,2,10,6,-4
CHGA_L9C_T17C,MHCflurry,without_flanks,full_precursor,HLA-A*24:02,0.5,2,2,0
CHGA_L9C_T17C,MHCflurry,without_flanks,full_precursor,HLA-A*24:02,1,2,2,0
CHGA_L9C_T17C,MHCflurry,without_flanks,full_precursor,HLA-A*24:02,2,3,3,0
CHGA_L9C_T17C,MHCflurry,without_flanks,full_precursor,HLA-A*03:01,0.5,1,1,0
CHGA_L9C_T17C,MHCflurry,without_flanks,full_precursor,HLA-A*03:01,1,2,2,0
CHGA_L9C_T17C,MHCflurry,without_flanks,full_precursor,HLA-A*03:01,2,3,3,0
CHGA_L9C_T17C,MHCflurry,without_flanks,full_precursor,HLA-B*40:01,0.5,3,3,0
CHGA_L9C_T17C,MHCflurry,without_flanks,full_precursor,HLA-B*40:01,1,5,5,0
CHGA_L9C_T17C,MHCflurry,without_flanks,full_precursor,HLA-B*40:01,2,8,8,0
CHGA_L9C_T17C,MHCflurry,without_flanks,full_precursor,HLA-B*49:01,0.5,5,5,0
CHGA_L9C_T17C,MHCflurry,without_flanks,full_precursor,HLA-B*49:01,1,8,8,0
CHGA_L9C_T17C,MHCflurry,without_flanks,full_precursor,HLA-B*49:01,2,12,12,0
CHGA_L9C_T17C,MHCflurry,without_flanks,full_precursor,HLA-C*03:04,0.5,3,1,-2
CHGA_L9C_T17C,MHCflurry,without_flanks,full_precursor,HLA-C*03:04,1,8,5,-3
CHGA_L9C_T17C,MHCflurry,without_flanks,full_precursor,HLA-C*03:04,2,21,17,-4
CHGA_L9C_T17C,MHCflurry,without_flanks,full_precursor,HLA-C*07:01,0.5,2,1,-1
CHGA_L9C_T17C,MHCflurry,without_flanks,full_precursor,HLA-C*07:01,1,5,3,-2
CHGA_L9C_T17C,MHCflurry,without_flanks,full_precursor,HLA-C*07:01,2,10,9,-1
CHGA_L9C_T17G,NetMHC,without_flanks,full_precursor,HLA-A*02:01,0.5,2,2,0
CHGA_L9C_T17G,NetMHC,without_flanks,full_precursor,HLA-A*02:01,1,5,5,0
CHGA_L9C_T17G,NetMHC,without_flanks,full_precursor,HLA-A*02:01,2,12,8,-4
CHGA_L9C_T17G,NetMHC,without_flanks,full_precursor,HLA-A*24:02,0.5,1,1,0
CHGA_L9C_T17G,NetMHC,without_flanks,full_precursor,HLA-A*24:02,1,2,2,0
CHGA_L9C_T17G,NetMHC,without_flanks,full_precursor,HLA-A*24:02,2,2,2,0
CHGA_L9C_T17G,NetMHC,without_flanks,full_precursor,HLA-A*03:01,0.5,0,0,0
CHGA_L9C_T17G,NetMHC,without_flanks,full_precursor,HLA-A*03:01,1,1,1,0
CHGA_L9C_T17G,NetMHC,without_flanks,full_precursor,HLA-A*03:01,2,6,6,0
CHGA_L9C_T17G,NetMHC,without_flanks,full_precursor,HLA-B*40:01,0.5,3,3,0
CHGA_L9C_T17G,NetMHC,without_flanks,full_precursor,HLA-B*40:01,1,6,6,0
CHGA_L9C_T17G,NetMHC,without_flanks,full_precursor,HLA-B*40:01,2,9,9,0
CHGA_L9C_T17G,NetMHC,without_flanks,full_precursor,HLA-B*49:01,0.5,5,5,0
CHGA_L9C_T17G,NetMHC,without_flanks,full_precursor,HLA-B*49:01,1,6,6,0
CHGA_L9C_T17G,NetMHC,without_flanks,full_precursor,HLA-B*49:01,2,9,9,0
CHGA_L9C_T17G,NetMHC,without_flanks,full_precursor,HLA-C*03:04,0.5,3,0,-3
CHGA_L9C_T17G,NetMHC,without_flanks,full_precursor,HLA-C*03:04,1,8,5,-3
CHGA_L9C_T17G,NetMHC,without_flanks,full_precursor,HLA-C*03:04,2,13,10,-3
CHGA_L9C_T17G,NetMHC,without_flanks,full_precursor,HLA-C*07:01,0.5,1,0,-1
CHGA_L9C_T17G,NetMHC,without_flanks,full_precursor,HLA-C*07:01,1,2,0,-2
CHGA_L9C_T17G,NetMHC,without_flanks,full_precursor,HLA-C*07:01,2,8,6,-2
CHGA_L9C_T17G,MHCflurry,without_flanks,full_precursor,HLA-A*02:01,0.5,1,1,0
CHGA_L9C_T17G,MHCflurry,without_flanks,full_precursor,HLA-A*02:01,1,4,3,-1
CHGA_L9C_T17G,MHCflurry,without_flanks,full_precursor,HLA-A*02:01,2,10,7,-3
CHGA_L9C_T17G,MHCflurry,without_flanks,full_precursor,HLA-A*24:02,0.5,2,2,0
CHGA_L9C_T17G,MHCflurry,without_flanks,full_precursor,HLA-A*24:02,1,2,2,0
CHGA_L9C_T17G,MHCflurry,without_flanks,full_precursor,HLA-A*24:02,2,3,3,0
CHGA_L9C_T17G,MHCflurry,without_flanks,full_precursor,HLA-A*03:01,0.5,1,1,0
CHGA_L9C_T17G,MHCflurry,without_flanks,full_precursor,HLA-A*03:01,1,2,2,0
CHGA_L9C_T17G,MHCflurry,without_flanks,full_precursor,HLA-A*03:01,2,3,3,0
CHGA_L9C_T17G,MHCflurry,without_flanks,full_precursor,HLA-B*40:01,0.5,3,3,0
CHGA_L9C_T17G,MHCflurry,without_flanks,full_precursor,HLA-B*40:01,1,5,5,0
CHGA_L9C_T17G,MHCflurry,without_flanks,full_precursor,HLA-B*40:01,2,8,8,0
CHGA_L9C_T17G,MHCflurry,without_flanks,full_precursor,HLA-B*49:01,0.5,5,5,0
CHGA_L9C_T17G,MHCflurry,without_flanks,full_precursor,HLA-B*49:01,1,8,8,0
CHGA_L9C_T17G,MHCflurry,without_flanks,full_precursor,HLA-B*49:01,2,12,13,1
CHGA_L9C_T17G,MHCflurry,without_flanks,full_precursor,HLA-C*03:04,0.5,3,0,-3
CHGA_L9C_T17G,MHCflurry,without_flanks,full_precursor,HLA-C*03:04,1,8,6,-2
CHGA_L9C_T17G,MHCflurry,without_flanks,full_precursor,HLA-C*03:04,2,21,17,-4
CHGA_L9C_T17G,MHCflurry,without_flanks,full_precursor,HLA-C*07:01,0.5,2,1,-1
CHGA_L9C_T17G,MHCflurry,without_flanks,full_precursor,HLA-C*07:01,1,5,3,-2
CHGA_L9C_T17G,MHCflurry,without_flanks,full_precursor,HLA-C*07:01,2,10,10,0
CHGA_L9C_T17D,NetMHC,without_flanks,full_precursor,HLA-A*02:01,0.5,2,2,0
CHGA_L9C_T17D,NetMHC,without_flanks,full_precursor,HLA-A*02:01,1,5,5,0
CHGA_L9C_T17D,NetMHC,without_flanks,full_precursor,HLA-A*02:01,2,12,9,-3
CHGA_L9C_T17D,NetMHC,without_flanks,full_precursor,HLA-A*24:02,0.5,1,1,0
CHGA_L9C_T17D,NetMHC,without_flanks,full_precursor,HLA-A*24:02,1,2,2,0
CHGA_L9C_T17D,NetMHC,without_flanks,full_precursor,HLA-A*24:02,2,2,2,0
CHGA_L9C_T17D,NetMHC,without_flanks,full_precursor,HLA-A*03:01,0.5,0,0,0
CHGA_L9C_T17D,NetMHC,without_flanks,full_precursor,HLA-A*03:01,1,1,1,0
CHGA_L9C_T17D,NetMHC,without_flanks,full_precursor,HLA-A*03:01,2,6,6,0
CHGA_L9C_T17D,NetMHC,without_flanks,full_precursor,HLA-B*40:01,0.5,3,3,0
CHGA_L9C_T17D,NetMHC,without_flanks,full_precursor,HLA-B*40:01,1,6,6,0
CHGA_L9C_T17D,NetMHC,without_flanks,full_precursor,HLA-B*40:01,2,9,11,2
CHGA_L9C_T17D,NetMHC,without_flanks,full_precursor,HLA-B*49:01,0.5,5,5,0
CHGA_L9C_T17D,NetMHC,without_flanks,full_precursor,HLA-B*49:01,1,6,6,0
CHGA_L9C_T17D,NetMHC,without_flanks,full_precursor,HLA-B*49:01,2,9,10,1
CHGA_L9C_T17D,NetMHC,without_flanks,full_precursor,HLA-C*03:04,0.5,3,0,-3
CHGA_L9C_T17D,NetMHC,without_flanks,full_precursor,HLA-C*03:04,1,8,3,-5
CHGA_L9C_T17D,NetMHC,without_flanks,full_precursor,HLA-C*03:04,2,13,8,-5
CHGA_L9C_T17D,NetMHC,without_flanks,full_precursor,HLA-C*07:01,0.5,1,0,-1
CHGA_L9C_T17D,NetMHC,without_flanks,full_precursor,HLA-C*07:01,1,2,0,-2
CHGA_L9C_T17D,NetMHC,without_flanks,full_precursor,HLA-C*07:01,2,8,6,-2
CHGA_L9C_T17D,MHCflurry,without_flanks,full_precursor,HLA-A*02:01,0.5,1,1,0
CHGA_L9C_T17D,MHCflurry,without_flanks,full_precursor,HLA-A*02:01,1,4,3,-1
CHGA_L9C_T17D,MHCflurry,without_flanks,full_precursor,HLA-A*02:01,2,10,6,-4
CHGA_L9C_T17D,MHCflurry,without_flanks,full_precursor,HLA-A*24:02,0.5,2,2,0
CHGA_L9C_T17D,MHCflurry,without_flanks,full_precursor,HLA-A*24:02,1,2,2,0
CHGA_L9C_T17D,MHCflurry,without_flanks,full_precursor,HLA-A*24:02,2,3,3,0
CHGA_L9C_T17D,MHCflurry,without_flanks,full_precursor,HLA-A*03:01,0.5,1,1,0
CHGA_L9C_T17D,MHCflurry,without_flanks,full_precursor,HLA-A*03:01,1,2,2,0
CHGA_L9C_T17D,MHCflurry,without_flanks,full_precursor,HLA-A*03:01,2,3,3,0
CHGA_L9C_T17D,MHCflurry,without_flanks,full_precursor,HLA-B*40:01,0.5,3,3,0
CHGA_L9C_T17D,MHCflurry,without_flanks,full_precursor,HLA-B*40:01,1,5,5,0
CHGA_L9C_T17D,MHCflurry,without_flanks,full_precursor,HLA-B*40:01,2,8,8,0
CHGA_L9C_T17D,MHCflurry,without_flanks,full_precursor,HLA-B*49:01,0.5,5,5,0
CHGA_L9C_T17D,MHCflurry,without_flanks,full_precursor,HLA-B*49:01,1,8,8,0
CHGA_L9C_T17D,MHCflurry,without_flanks,full_precursor,HLA-B*49:01,2,12,14,2
CHGA_L9C_T17D,MHCflurry,without_flanks,full_precursor,HLA-C*03:04,0.5,3,1,-2
CHGA_L9C_T17D,MHCflurry,without_flanks,full_precursor,HLA-C*03:04,1,8,5,-3
CHGA_L9C_T17D,MHCflurry,without_flanks,full_precursor,HLA-C*03:04,2,21,17,-4
CHGA_L9C_T17D,MHCflurry,without_flanks,full_precursor,HLA-C*07:01,0.5,2,1,-1
CHGA_L9C_T17D,MHCflurry,without_flanks,full_precursor,HLA-C*07:01,1,5,3,-2
CHGA_L9C_T17D,MHCflurry,without_flanks,full_precursor,HLA-C*07:01,2,10,10,0
CHGA_L9C_T17P,NetMHC,without_flanks,full_precursor,HLA-A*02:01,0.5,2,2,0
CHGA_L9C_T17P,NetMHC,without_flanks,full_precursor,HLA-A*02:01,1,5,5,0
CHGA_L9C_T17P,NetMHC,without_flanks,full_precursor,HLA-A*02:01,2,12,8,-4
CHGA_L9C_T17P,NetMHC,without_flanks,full_precursor,HLA-A*24:02,0.5,1,1,0
CHGA_L9C_T17P,NetMHC,without_flanks,full_precursor,HLA-A*24:02,1,2,2,0
CHGA_L9C_T17P,NetMHC,without_flanks,full_precursor,HLA-A*24:02,2,2,2,0
CHGA_L9C_T17P,NetMHC,without_flanks,full_precursor,HLA-A*03:01,0.5,0,0,0
CHGA_L9C_T17P,NetMHC,without_flanks,full_precursor,HLA-A*03:01,1,1,1,0
CHGA_L9C_T17P,NetMHC,without_flanks,full_precursor,HLA-A*03:01,2,6,6,0
CHGA_L9C_T17P,NetMHC,without_flanks,full_precursor,HLA-B*40:01,0.5,3,3,0
CHGA_L9C_T17P,NetMHC,without_flanks,full_precursor,HLA-B*40:01,1,6,6,0
CHGA_L9C_T17P,NetMHC,without_flanks,full_precursor,HLA-B*40:01,2,9,10,1
CHGA_L9C_T17P,NetMHC,without_flanks,full_precursor,HLA-B*49:01,0.5,5,5,0
CHGA_L9C_T17P,NetMHC,without_flanks,full_precursor,HLA-B*49:01,1,6,6,0
CHGA_L9C_T17P,NetMHC,without_flanks,full_precursor,HLA-B*49:01,2,9,9,0
CHGA_L9C_T17P,NetMHC,without_flanks,full_precursor,HLA-C*03:04,0.5,3,0,-3
CHGA_L9C_T17P,NetMHC,without_flanks,full_precursor,HLA-C*03:04,1,8,4,-4
CHGA_L9C_T17P,NetMHC,without_flanks,full_precursor,HLA-C*03:04,2,13,10,-3
CHGA_L9C_T17P,NetMHC,without_flanks,full_precursor,HLA-C*07:01,0.5,1,0,-1
CHGA_L9C_T17P,NetMHC,without_flanks,full_precursor,HLA-C*07:01,1,2,0,-2
CHGA_L9C_T17P,NetMHC,without_flanks,full_precursor,HLA-C*07:01,2,8,6,-2
CHGA_L9C_T17P,MHCflurry,without_flanks,full_precursor,HLA-A*02:01,0.5,1,1,0
CHGA_L9C_T17P,MHCflurry,without_flanks,full_precursor,HLA-A*02:01,1,4,3,-1
CHGA_L9C_T17P,MHCflurry,without_flanks,full_precursor,HLA-A*02:01,2,10,7,-3
CHGA_L9C_T17P,MHCflurry,without_flanks,full_precursor,HLA-A*24:02,0.5,2,2,0
CHGA_L9C_T17P,MHCflurry,without_flanks,full_precursor,HLA-A*24:02,1,2,2,0
CHGA_L9C_T17P,MHCflurry,without_flanks,full_precursor,HLA-A*24:02,2,3,3,0
CHGA_L9C_T17P,MHCflurry,without_flanks,full_precursor,HLA-A*03:01,0.5,1,1,0
CHGA_L9C_T17P,MHCflurry,without_flanks,full_precursor,HLA-A*03:01,1,2,2,0
CHGA_L9C_T17P,MHCflurry,without_flanks,full_precursor,HLA-A*03:01,2,3,3,0
CHGA_L9C_T17P,MHCflurry,without_flanks,full_precursor,HLA-B*40:01,0.5,3,3,0
CHGA_L9C_T17P,MHCflurry,without_flanks,full_precursor,HLA-B*40:01,1,5,5,0
CHGA_L9C_T17P,MHCflurry,without_flanks,full_precursor,HLA-B*40:01,2,8,8,0
CHGA_L9C_T17P,MHCflurry,without_flanks,full_precursor,HLA-B*49:01,0.5,5,5,0
CHGA_L9C_T17P,MHCflurry,without_flanks,full_precursor,HLA-B*49:01,1,8,8,0
CHGA_L9C_T17P,MHCflurry,without_flanks,full_precursor,HLA-B*49:01,2,12,13,1
CHGA_L9C_T17P,MHCflurry,without_flanks,full_precursor,HLA-C*03:04,0.5,3,0,-3
CHGA_L9C_T17P,MHCflurry,without_flanks,full_precursor,HLA-C*03:04,1,8,5,-3
CHGA_L9C_T17P,MHCflurry,without_flanks,full_precursor,HLA-C*03:04,2,21,19,-2
CHGA_L9C_T17P,MHCflurry,without_flanks,full_precursor,HLA-C*07:01,0.5,2,1,-1
CHGA_L9C_T17P,MHCflurry,without_flanks,full_precursor,HLA-C*07:01,1,5,3,-2
CHGA_L9C_T17P,MHCflurry,without_flanks,full_precursor,HLA-C*07:01,2,10,10,0
CHGA_L9G_T17C,NetMHC,without_flanks,full_precursor,HLA-A*02:01,0.5,2,2,0
CHGA_L9G_T17C,NetMHC,without_flanks,full_precursor,HLA-A*02:01,1,5,5,0
CHGA_L9G_T17C,NetMHC,without_flanks,full_precursor,HLA-A*02:01,2,12,10,-2
CHGA_L9G_T17C,NetMHC,without_flanks,full_precursor,HLA-A*24:02,0.5,1,1,0
CHGA_L9G_T17C,NetMHC,without_flanks,full_precursor,HLA-A*24:02,1,2,2,0
CHGA_L9G_T17C,NetMHC,without_flanks,full_precursor,HLA-A*24:02,2,2,2,0
CHGA_L9G_T17C,NetMHC,without_flanks,full_precursor,HLA-A*03:01,0.5,0,0,0
CHGA_L9G_T17C,NetMHC,without_flanks,full_precursor,HLA-A*03:01,1,1,1,0
CHGA_L9G_T17C,NetMHC,without_flanks,full_precursor,HLA-A*03:01,2,6,6,0
CHGA_L9G_T17C,NetMHC,without_flanks,full_precursor,HLA-B*40:01,0.5,3,3,0
CHGA_L9G_T17C,NetMHC,without_flanks,full_precursor,HLA-B*40:01,1,6,6,0
CHGA_L9G_T17C,NetMHC,without_flanks,full_precursor,HLA-B*40:01,2,9,9,0
CHGA_L9G_T17C,NetMHC,without_flanks,full_precursor,HLA-B*49:01,0.5,5,5,0
CHGA_L9G_T17C,NetMHC,without_flanks,full_precursor,HLA-B*49:01,1,6,6,0
CHGA_L9G_T17C,NetMHC,without_flanks,full_precursor,HLA-B*49:01,2,9,9,0
CHGA_L9G_T17C,NetMHC,without_flanks,full_precursor,HLA-C*03:04,0.5,3,0,-3
CHGA_L9G_T17C,NetMHC,without_flanks,full_precursor,HLA-C*03:04,1,8,5,-3
CHGA_L9G_T17C,NetMHC,without_flanks,full_precursor,HLA-C*03:04,2,13,11,-2
CHGA_L9G_T17C,NetMHC,without_flanks,full_precursor,HLA-C*07:01,0.5,1,0,-1
CHGA_L9G_T17C,NetMHC,without_flanks,full_precursor,HLA-C*07:01,1,2,0,-2
CHGA_L9G_T17C,NetMHC,without_flanks,full_precursor,HLA-C*07:01,2,8,5,-3
CHGA_L9G_T17C,MHCflurry,without_flanks,full_precursor,HLA-A*02:01,0.5,1,1,0
CHGA_L9G_T17C,MHCflurry,without_flanks,full_precursor,HLA-A*02:01,1,4,3,-1
CHGA_L9G_T17C,MHCflurry,without_flanks,full_precursor,HLA-A*02:01,2,10,9,-1
CHGA_L9G_T17C,MHCflurry,without_flanks,full_precursor,HLA-A*24:02,0.5,2,2,0
CHGA_L9G_T17C,MHCflurry,without_flanks,full_precursor,HLA-A*24:02,1,2,2,0
CHGA_L9G_T17C,MHCflurry,without_flanks,full_precursor,HLA-A*24:02,2,3,3,0
CHGA_L9G_T17C,MHCflurry,without_flanks,full_precursor,HLA-A*03:01,0.5,1,1,0
CHGA_L9G_T17C,MHCflurry,without_flanks,full_precursor,HLA-A*03:01,1,2,2,0
CHGA_L9G_T17C,MHCflurry,without_flanks,full_precursor,HLA-A*03:01,2,3,3,0
CHGA_L9G_T17C,MHCflurry,without_flanks,full_precursor,HLA-B*40:01,0.5,3,3,0
CHGA_L9G_T17C,MHCflurry,without_flanks,full_precursor,HLA-B*40:01,1,5,5,0
CHGA_L9G_T17C,MHCflurry,without_flanks,full_precursor,HLA-B*40:01,2,8,8,0
CHGA_L9G_T17C,MHCflurry,without_flanks,full_precursor,HLA-B*49:01,0.5,5,5,0
CHGA_L9G_T17C,MHCflurry,without_flanks,full_precursor,HLA-B*49:01,1,8,8,0
CHGA_L9G_T17C,MHCflurry,without_flanks,full_precursor,HLA-B*49:01,2,12,12,0
CHGA_L9G_T17C,MHCflurry,without_flanks,full_precursor,HLA-C*03:04,0.5,3,1,-2
CHGA_L9G_T17C,MHCflurry,without_flanks,full_precursor,HLA-C*03:04,1,8,4,-4
CHGA_L9G_T17C,MHCflurry,without_flanks,full_precursor,HLA-C*03:04,2,21,17,-4
CHGA_L9G_T17C,MHCflurry,without_flanks,full_precursor,HLA-C*07:01,0.5,2,1,-1
CHGA_L9G_T17C,MHCflurry,without_flanks,full_precursor,HLA-C*07:01,1,5,3,-2
CHGA_L9G_T17C,MHCflurry,without_flanks,full_precursor,HLA-C*07:01,2,10,8,-2
CHGA_L9G_T17G,NetMHC,without_flanks,full_precursor,HLA-A*02:01,0.5,2,2,0
CHGA_L9G_T17G,NetMHC,without_flanks,full_precursor,HLA-A*02:01,1,5,5,0
CHGA_L9G_T17G,NetMHC,without_flanks,full_precursor,HLA-A*02:01,2,12,10,-2
CHGA_L9G_T17G,NetMHC,without_flanks,full_precursor,HLA-A*24:02,0.5,1,1,0
CHGA_L9G_T17G,NetMHC,without_flanks,full_precursor,HLA-A*24:02,1,2,2,0
CHGA_L9G_T17G,NetMHC,without_flanks,full_precursor,HLA-A*24:02,2,2,2,0
CHGA_L9G_T17G,NetMHC,without_flanks,full_precursor,HLA-A*03:01,0.5,0,0,0
CHGA_L9G_T17G,NetMHC,without_flanks,full_precursor,HLA-A*03:01,1,1,1,0
CHGA_L9G_T17G,NetMHC,without_flanks,full_precursor,HLA-A*03:01,2,6,6,0
CHGA_L9G_T17G,NetMHC,without_flanks,full_precursor,HLA-B*40:01,0.5,3,3,0
CHGA_L9G_T17G,NetMHC,without_flanks,full_precursor,HLA-B*40:01,1,6,6,0
CHGA_L9G_T17G,NetMHC,without_flanks,full_precursor,HLA-B*40:01,2,9,9,0
CHGA_L9G_T17G,NetMHC,without_flanks,full_precursor,HLA-B*49:01,0.5,5,5,0
CHGA_L9G_T17G,NetMHC,without_flanks,full_precursor,HLA-B*49:01,1,6,6,0
CHGA_L9G_T17G,NetMHC,without_flanks,full_precursor,HLA-B*49:01,2,9,9,0
CHGA_L9G_T17G,NetMHC,without_flanks,full_precursor,HLA-C*03:04,0.5,3,0,-3
CHGA_L9G_T17G,NetMHC,without_flanks,full_precursor,HLA-C*03:04,1,8,6,-2
CHGA_L9G_T17G,NetMHC,without_flanks,full_precursor,HLA-C*03:04,2,13,11,-2
CHGA_L9G_T17G,NetMHC,without_flanks,full_precursor,HLA-C*07:01,0.5,1,0,-1
CHGA_L9G_T17G,NetMHC,without_flanks,full_precursor,HLA-C*07:01,1,2,0,-2
CHGA_L9G_T17G,NetMHC,without_flanks,full_precursor,HLA-C*07:01,2,8,5,-3
CHGA_L9G_T17G,MHCflurry,without_flanks,full_precursor,HLA-A*02:01,0.5,1,1,0
CHGA_L9G_T17G,MHCflurry,without_flanks,full_precursor,HLA-A*02:01,1,4,4,0
CHGA_L9G_T17G,MHCflurry,without_flanks,full_precursor,HLA-A*02:01,2,10,10,0
CHGA_L9G_T17G,MHCflurry,without_flanks,full_precursor,HLA-A*24:02,0.5,2,2,0
CHGA_L9G_T17G,MHCflurry,without_flanks,full_precursor,HLA-A*24:02,1,2,2,0
CHGA_L9G_T17G,MHCflurry,without_flanks,full_precursor,HLA-A*24:02,2,3,3,0
CHGA_L9G_T17G,MHCflurry,without_flanks,full_precursor,HLA-A*03:01,0.5,1,1,0
CHGA_L9G_T17G,MHCflurry,without_flanks,full_precursor,HLA-A*03:01,1,2,2,0
CHGA_L9G_T17G,MHCflurry,without_flanks,full_precursor,HLA-A*03:01,2,3,3,0
CHGA_L9G_T17G,MHCflurry,without_flanks,full_precursor,HLA-B*40:01,0.5,3,3,0
CHGA_L9G_T17G,MHCflurry,without_flanks,full_precursor,HLA-B*40:01,1,5,5,0
CHGA_L9G_T17G,MHCflurry,without_flanks,full_precursor,HLA-B*40:01,2,8,8,0
CHGA_L9G_T17G,MHCflurry,without_flanks,full_precursor,HLA-B*49:01,0.5,5,5,0
CHGA_L9G_T17G,MHCflurry,without_flanks,full_precursor,HLA-B*49:01,1,8,8,0
CHGA_L9G_T17G,MHCflurry,without_flanks,full_precursor,HLA-B*49:01,2,12,13,1
CHGA_L9G_T17G,MHCflurry,without_flanks,full_precursor,HLA-C*03:04,0.5,3,0,-3
CHGA_L9G_T17G,MHCflurry,without_flanks,full_precursor,HLA-C*03:04,1,8,5,-3
CHGA_L9G_T17G,MHCflurry,without_flanks,full_precursor,HLA-C*03:04,2,21,17,-4
CHGA_L9G_T17G,MHCflurry,without_flanks,full_precursor,HLA-C*07:01,0.5,2,1,-1
CHGA_L9G_T17G,MHCflurry,without_flanks,full_precursor,HLA-C*07:01,1,5,3,-2
CHGA_L9G_T17G,MHCflurry,without_flanks,full_precursor,HLA-C*07:01,2,10,9,-1
CHGA_L9G_T17D,NetMHC,without_flanks,full_precursor,HLA-A*02:01,0.5,2,2,0
CHGA_L9G_T17D,NetMHC,without_flanks,full_precursor,HLA-A*02:01,1,5,5,0
CHGA_L9G_T17D,NetMHC,without_flanks,full_precursor,HLA-A*02:01,2,12,11,-1
CHGA_L9G_T17D,NetMHC,without_flanks,full_precursor,HLA-A*24:02,0.5,1,1,0
CHGA_L9G_T17D,NetMHC,without_flanks,full_precursor,HLA-A*24:02,1,2,2,0
CHGA_L9G_T17D,NetMHC,without_flanks,full_precursor,HLA-A*24:02,2,2,2,0
CHGA_L9G_T17D,NetMHC,without_flanks,full_precursor,HLA-A*03:01,0.5,0,0,0
CHGA_L9G_T17D,NetMHC,without_flanks,full_precursor,HLA-A*03:01,1,1,1,0
CHGA_L9G_T17D,NetMHC,without_flanks,full_precursor,HLA-A*03:01,2,6,6,0
CHGA_L9G_T17D,NetMHC,without_flanks,full_precursor,HLA-B*40:01,0.5,3,3,0
CHGA_L9G_T17D,NetMHC,without_flanks,full_precursor,HLA-B*40:01,1,6,6,0
CHGA_L9G_T17D,NetMHC,without_flanks,full_precursor,HLA-B*40:01,2,9,11,2
CHGA_L9G_T17D,NetMHC,without_flanks,full_precursor,HLA-B*49:01,0.5,5,5,0
CHGA_L9G_T17D,NetMHC,without_flanks,full_precursor,HLA-B*49:01,1,6,6,0
CHGA_L9G_T17D,NetMHC,without_flanks,full_precursor,HLA-B*49:01,2,9,10,1
CHGA_L9G_T17D,NetMHC,without_flanks,full_precursor,HLA-C*03:04,0.5,3,0,-3
CHGA_L9G_T17D,NetMHC,without_flanks,full_precursor,HLA-C*03:04,1,8,4,-4
CHGA_L9G_T17D,NetMHC,without_flanks,full_precursor,HLA-C*03:04,2,13,9,-4
CHGA_L9G_T17D,NetMHC,without_flanks,full_precursor,HLA-C*07:01,0.5,1,0,-1
CHGA_L9G_T17D,NetMHC,without_flanks,full_precursor,HLA-C*07:01,1,2,0,-2
CHGA_L9G_T17D,NetMHC,without_flanks,full_precursor,HLA-C*07:01,2,8,5,-3
CHGA_L9G_T17D,MHCflurry,without_flanks,full_precursor,HLA-A*02:01,0.5,1,1,0
CHGA_L9G_T17D,MHCflurry,without_flanks,full_precursor,HLA-A*02:01,1,4,4,0
CHGA_L9G_T17D,MHCflurry,without_flanks,full_precursor,HLA-A*02:01,2,10,8,-2
CHGA_L9G_T17D,MHCflurry,without_flanks,full_precursor,HLA-A*24:02,0.5,2,2,0
CHGA_L9G_T17D,MHCflurry,without_flanks,full_precursor,HLA-A*24:02,1,2,2,0
CHGA_L9G_T17D,MHCflurry,without_flanks,full_precursor,HLA-A*24:02,2,3,3,0
CHGA_L9G_T17D,MHCflurry,without_flanks,full_precursor,HLA-A*03:01,0.5,1,1,0
CHGA_L9G_T17D,MHCflurry,without_flanks,full_precursor,HLA-A*03:01,1,2,2,0
CHGA_L9G_T17D,MHCflurry,without_flanks,full_precursor,HLA-A*03:01,2,3,3,0
CHGA_L9G_T17D,MHCflurry,without_flanks,full_precursor,HLA-B*40:01,0.5,3,3,0
CHGA_L9G_T17D,MHCflurry,without_flanks,full_precursor,HLA-B*40:01,1,5,5,0
CHGA_L9G_T17D,MHCflurry,without_flanks,full_precursor,HLA-B*40:01,2,8,8,0
CHGA_L9G_T17D,MHCflurry,without_flanks,full_precursor,HLA-B*49:01,0.5,5,5,0
CHGA_L9G_T17D,MHCflurry,without_flanks,full_precursor,HLA-B*49:01,1,8,8,0
CHGA_L9G_T17D,MHCflurry,without_flanks,full_precursor,HLA-B*49:01,2,12,14,2
CHGA_L9G_T17D,MHCflurry,without_flanks,full_precursor,HLA-C*03:04,0.5,3,1,-2
CHGA_L9G_T17D,MHCflurry,without_flanks,full_precursor,HLA-C*03:04,1,8,4,-4
CHGA_L9G_T17D,MHCflurry,without_flanks,full_precursor,HLA-C*03:04,2,21,17,-4
CHGA_L9G_T17D,MHCflurry,without_flanks,full_precursor,HLA-C*07:01,0.5,2,1,-1
CHGA_L9G_T17D,MHCflurry,without_flanks,full_precursor,HLA-C*07:01,1,5,3,-2
CHGA_L9G_T17D,MHCflurry,without_flanks,full_precursor,HLA-C*07:01,2,10,9,-1
CHGA_L9G_T17P,NetMHC,without_flanks,full_precursor,HLA-A*02:01,0.5,2,2,0
CHGA_L9G_T17P,NetMHC,without_flanks,full_precursor,HLA-A*02:01,1,5,5,0
CHGA_L9G_T17P,NetMHC,without_flanks,full_precursor,HLA-A*02:01,2,12,10,-2
CHGA_L9G_T17P,NetMHC,without_flanks,full_precursor,HLA-A*24:02,0.5,1,1,0
CHGA_L9G_T17P,NetMHC,without_flanks,full_precursor,HLA-A*24:02,1,2,2,0
CHGA_L9G_T17P,NetMHC,without_flanks,full_precursor,HLA-A*24:02,2,2,2,0
CHGA_L9G_T17P,NetMHC,without_flanks,full_precursor,HLA-A*03:01,0.5,0,0,0
CHGA_L9G_T17P,NetMHC,without_flanks,full_precursor,HLA-A*03:01,1,1,1,0
CHGA_L9G_T17P,NetMHC,without_flanks,full_precursor,HLA-A*03:01,2,6,6,0
CHGA_L9G_T17P,NetMHC,without_flanks,full_precursor,HLA-B*40:01,0.5,3,3,0
CHGA_L9G_T17P,NetMHC,without_flanks,full_precursor,HLA-B*40:01,1,6,6,0
CHGA_L9G_T17P,NetMHC,without_flanks,full_precursor,HLA-B*40:01,2,9,10,1
CHGA_L9G_T17P,NetMHC,without_flanks,full_precursor,HLA-B*49:01,0.5,5,5,0
CHGA_L9G_T17P,NetMHC,without_flanks,full_precursor,HLA-B*49:01,1,6,6,0
CHGA_L9G_T17P,NetMHC,without_flanks,full_precursor,HLA-B*49:01,2,9,9,0
CHGA_L9G_T17P,NetMHC,without_flanks,full_precursor,HLA-C*03:04,0.5,3,0,-3
CHGA_L9G_T17P,NetMHC,without_flanks,full_precursor,HLA-C*03:04,1,8,5,-3
CHGA_L9G_T17P,NetMHC,without_flanks,full_precursor,HLA-C*03:04,2,13,11,-2
CHGA_L9G_T17P,NetMHC,without_flanks,full_precursor,HLA-C*07:01,0.5,1,0,-1
CHGA_L9G_T17P,NetMHC,without_flanks,full_precursor,HLA-C*07:01,1,2,0,-2
CHGA_L9G_T17P,NetMHC,without_flanks,full_precursor,HLA-C*07:01,2,8,5,-3
CHGA_L9G_T17P,MHCflurry,without_flanks,full_precursor,HLA-A*02:01,0.5,1,1,0
CHGA_L9G_T17P,MHCflurry,without_flanks,full_precursor,HLA-A*02:01,1,4,4,0
CHGA_L9G_T17P,MHCflurry,without_flanks,full_precursor,HLA-A*02:01,2,10,10,0
CHGA_L9G_T17P,MHCflurry,without_flanks,full_precursor,HLA-A*24:02,0.5,2,2,0
CHGA_L9G_T17P,MHCflurry,without_flanks,full_precursor,HLA-A*24:02,1,2,2,0
CHGA_L9G_T17P,MHCflurry,without_flanks,full_precursor,HLA-A*24:02,2,3,3,0
CHGA_L9G_T17P,MHCflurry,without_flanks,full_precursor,HLA-A*03:01,0.5,1,1,0
CHGA_L9G_T17P,MHCflurry,without_flanks,full_precursor,HLA-A*03:01,1,2,2,0
CHGA_L9G_T17P,MHCflurry,without_flanks,full_precursor,HLA-A*03:01,2,3,3,0
CHGA_L9G_T17P,MHCflurry,without_flanks,full_precursor,HLA-B*40:01,0.5,3,3,0
CHGA_L9G_T17P,MHCflurry,without_flanks,full_precursor,HLA-B*40:01,1,5,5,0
CHGA_L9G_T17P,MHCflurry,without_flanks,full_precursor,HLA-B*40:01,2,8,8,0
CHGA_L9G_T17P,MHCflurry,without_flanks,full_precursor,HLA-B*49:01,0.5,5,5,0
CHGA_L9G_T17P,MHCflurry,without_flanks,full_precursor,HLA-B*49:01,1,8,8,0
CHGA_L9G_T17P,MHCflurry,without_flanks,full_precursor,HLA-B*49:01,2,12,13,1
CHGA_L9G_T17P,MHCflurry,without_flanks,full_precursor,HLA-C*03:04,0.5,3,0,-3
CHGA_L9G_T17P,MHCflurry,without_flanks,full_precursor,HLA-C*03:04,1,8,4,-4
CHGA_L9G_T17P,MHCflurry,without_flanks,full_precursor,HLA-C*03:04,2,21,19,-2
CHGA_L9G_T17P,MHCflurry,without_flanks,full_precursor,HLA-C*07:01,0.5,2,1,-1
CHGA_L9G_T17P,MHCflurry,without_flanks,full_precursor,HLA-C*07:01,1,5,3,-2
CHGA_L9G_T17P,MHCflurry,without_flanks,full_precursor,HLA-C*07:01,2,10,9,-1
CHGA_baseline,NetMHC,without_flanks,unchanged_INS_core,HLA-A*02:01,0.5,2,2,0
CHGA_baseline,NetMHC,without_flanks,unchanged_INS_core,HLA-A*02:01,1,5,5,0
CHGA_baseline,NetMHC,without_flanks,unchanged_INS_core,HLA-A*02:01,2,8,8,0
CHGA_baseline,NetMHC,without_flanks,unchanged_INS_core,HLA-A*24:02,0.5,1,1,0
CHGA_baseline,NetMHC,without_flanks,unchanged_INS_core,HLA-A*24:02,1,2,2,0
CHGA_baseline,NetMHC,without_flanks,unchanged_INS_core,HLA-A*24:02,2,2,2,0
CHGA_baseline,NetMHC,without_flanks,unchanged_INS_core,HLA-A*03:01,0.5,0,0,0
CHGA_baseline,NetMHC,without_flanks,unchanged_INS_core,HLA-A*03:01,1,1,1,0
CHGA_baseline,NetMHC,without_flanks,unchanged_INS_core,HLA-A*03:01,2,6,6,0
CHGA_baseline,NetMHC,without_flanks,unchanged_INS_core,HLA-B*40:01,0.5,3,3,0
CHGA_baseline,NetMHC,without_flanks,unchanged_INS_core,HLA-B*40:01,1,6,6,0
CHGA_baseline,NetMHC,without_flanks,unchanged_INS_core,HLA-B*40:01,2,9,9,0
CHGA_baseline,NetMHC,without_flanks,unchanged_INS_core,HLA-B*49:01,0.5,5,5,0
CHGA_baseline,NetMHC,without_flanks,unchanged_INS_core,HLA-B*49:01,1,6,6,0
CHGA_baseline,NetMHC,without_flanks,unchanged_INS_core,HLA-B*49:01,2,9,9,0
CHGA_baseline,NetMHC,without_flanks,unchanged_INS_core,HLA-C*03:04,0.5,0,0,0
CHGA_baseline,NetMHC,without_flanks,unchanged_INS_core,HLA-C*03:04,1,2,2,0
CHGA_baseline,NetMHC,without_flanks,unchanged_INS_core,HLA-C*03:04,2,5,5,0
CHGA_baseline,NetMHC,without_flanks,unchanged_INS_core,HLA-C*07:01,0.5,0,0,0
CHGA_baseline,NetMHC,without_flanks,unchanged_INS_core,HLA-C*07:01,1,0,0,0
CHGA_baseline,NetMHC,without_flanks,unchanged_INS_core,HLA-C*07:01,2,3,3,0
CHGA_baseline,MHCflurry,without_flanks,unchanged_INS_core,HLA-A*02:01,0.5,1,1,0
CHGA_baseline,MHCflurry,without_flanks,unchanged_INS_core,HLA-A*02:01,1,2,2,0
CHGA_baseline,MHCflurry,without_flanks,unchanged_INS_core,HLA-A*02:01,2,4,4,0
CHGA_baseline,MHCflurry,without_flanks,unchanged_INS_core,HLA-A*24:02,0.5,2,2,0
CHGA_baseline,MHCflurry,without_flanks,unchanged_INS_core,HLA-A*24:02,1,2,2,0
CHGA_baseline,MHCflurry,without_flanks,unchanged_INS_core,HLA-A*24:02,2,3,3,0
CHGA_baseline,MHCflurry,without_flanks,unchanged_INS_core,HLA-A*03:01,0.5,1,1,0
CHGA_baseline,MHCflurry,without_flanks,unchanged_INS_core,HLA-A*03:01,1,2,2,0
CHGA_baseline,MHCflurry,without_flanks,unchanged_INS_core,HLA-A*03:01,2,3,3,0
CHGA_baseline,MHCflurry,without_flanks,unchanged_INS_core,HLA-B*40:01,0.5,3,3,0
CHGA_baseline,MHCflurry,without_flanks,unchanged_INS_core,HLA-B*40:01,1,5,5,0
CHGA_baseline,MHCflurry,without_flanks,unchanged_INS_core,HLA-B*40:01,2,8,8,0
CHGA_baseline,MHCflurry,without_flanks,unchanged_INS_core,HLA-B*49:01,0.5,5,5,0
CHGA_baseline,MHCflurry,without_flanks,unchanged_INS_core,HLA-B*49:01,1,8,8,0
CHGA_baseline,MHCflurry,without_flanks,unchanged_INS_core,HLA-B*49:01,2,12,12,0
CHGA_baseline,MHCflurry,without_flanks,unchanged_INS_core,HLA-C*03:04,0.5,0,0,0
CHGA_baseline,MHCflurry,without_flanks,unchanged_INS_core,HLA-C*03:04,1,1,1,0
CHGA_baseline,MHCflurry,without_flanks,unchanged_INS_core,HLA-C*03:04,2,11,11,0
CHGA_baseline,MHCflurry,without_flanks,unchanged_INS_core,HLA-C*07:01,0.5,1,1,0
CHGA_baseline,MHCflurry,without_flanks,unchanged_INS_core,HLA-C*07:01,1,2,2,0
CHGA_baseline,MHCflurry,without_flanks,unchanged_INS_core,HLA-C*07:01,2,5,5,0
CHGA_L9C,NetMHC,without_flanks,unchanged_INS_core,HLA-A*02:01,0.5,2,2,0
CHGA_L9C,NetMHC,without_flanks,unchanged_INS_core,HLA-A*02:01,1,5,5,0
CHGA_L9C,NetMHC,without_flanks,unchanged_INS_core,HLA-A*02:01,2,8,8,0
CHGA_L9C,NetMHC,without_flanks,unchanged_INS_core,HLA-A*24:02,0.5,1,1,0
CHGA_L9C,NetMHC,without_flanks,unchanged_INS_core,HLA-A*24:02,1,2,2,0
CHGA_L9C,NetMHC,without_flanks,unchanged_INS_core,HLA-A*24:02,2,2,2,0
CHGA_L9C,NetMHC,without_flanks,unchanged_INS_core,HLA-A*03:01,0.5,0,0,0
CHGA_L9C,NetMHC,without_flanks,unchanged_INS_core,HLA-A*03:01,1,1,1,0
CHGA_L9C,NetMHC,without_flanks,unchanged_INS_core,HLA-A*03:01,2,6,6,0
CHGA_L9C,NetMHC,without_flanks,unchanged_INS_core,HLA-B*40:01,0.5,3,3,0
CHGA_L9C,NetMHC,without_flanks,unchanged_INS_core,HLA-B*40:01,1,6,6,0
CHGA_L9C,NetMHC,without_flanks,unchanged_INS_core,HLA-B*40:01,2,9,9,0
CHGA_L9C,NetMHC,without_flanks,unchanged_INS_core,HLA-B*49:01,0.5,5,5,0
CHGA_L9C,NetMHC,without_flanks,unchanged_INS_core,HLA-B*49:01,1,6,6,0
CHGA_L9C,NetMHC,without_flanks,unchanged_INS_core,HLA-B*49:01,2,9,9,0
CHGA_L9C,NetMHC,without_flanks,unchanged_INS_core,HLA-C*03:04,0.5,0,0,0
CHGA_L9C,NetMHC,without_flanks,unchanged_INS_core,HLA-C*03:04,1,2,2,0
CHGA_L9C,NetMHC,without_flanks,unchanged_INS_core,HLA-C*03:04,2,5,5,0
CHGA_L9C,NetMHC,without_flanks,unchanged_INS_core,HLA-C*07:01,0.5,0,0,0
CHGA_L9C,NetMHC,without_flanks,unchanged_INS_core,HLA-C*07:01,1,0,0,0
CHGA_L9C,NetMHC,without_flanks,unchanged_INS_core,HLA-C*07:01,2,3,3,0
CHGA_L9C,MHCflurry,without_flanks,unchanged_INS_core,HLA-A*02:01,0.5,1,1,0
CHGA_L9C,MHCflurry,without_flanks,unchanged_INS_core,HLA-A*02:01,1,2,2,0
CHGA_L9C,MHCflurry,without_flanks,unchanged_INS_core,HLA-A*02:01,2,4,4,0
CHGA_L9C,MHCflurry,without_flanks,unchanged_INS_core,HLA-A*24:02,0.5,2,2,0
CHGA_L9C,MHCflurry,without_flanks,unchanged_INS_core,HLA-A*24:02,1,2,2,0
CHGA_L9C,MHCflurry,without_flanks,unchanged_INS_core,HLA-A*24:02,2,3,3,0
CHGA_L9C,MHCflurry,without_flanks,unchanged_INS_core,HLA-A*03:01,0.5,1,1,0
CHGA_L9C,MHCflurry,without_flanks,unchanged_INS_core,HLA-A*03:01,1,2,2,0
CHGA_L9C,MHCflurry,without_flanks,unchanged_INS_core,HLA-A*03:01,2,3,3,0
CHGA_L9C,MHCflurry,without_flanks,unchanged_INS_core,HLA-B*40:01,0.5,3,3,0
CHGA_L9C,MHCflurry,without_flanks,unchanged_INS_core,HLA-B*40:01,1,5,5,0
CHGA_L9C,MHCflurry,without_flanks,unchanged_INS_core,HLA-B*40:01,2,8,8,0
CHGA_L9C,MHCflurry,without_flanks,unchanged_INS_core,HLA-B*49:01,0.5,5,5,0
CHGA_L9C,MHCflurry,without_flanks,unchanged_INS_core,HLA-B*49:01,1,8,8,0
CHGA_L9C,MHCflurry,without_flanks,unchanged_INS_core,HLA-B*49:01,2,12,12,0
CHGA_L9C,MHCflurry,without_flanks,unchanged_INS_core,HLA-C*03:04,0.5,0,0,0
CHGA_L9C,MHCflurry,without_flanks,unchanged_INS_core,HLA-C*03:04,1,1,1,0
CHGA_L9C,MHCflurry,without_flanks,unchanged_INS_core,HLA-C*03:04,2,11,11,0
CHGA_L9C,MHCflurry,without_flanks,unchanged_INS_core,HLA-C*07:01,0.5,1,1,0
CHGA_L9C,MHCflurry,without_flanks,unchanged_INS_core,HLA-C*07:01,1,2,2,0
CHGA_L9C,MHCflurry,without_flanks,unchanged_INS_core,HLA-C*07:01,2,5,5,0
CHGA_L9G,NetMHC,without_flanks,unchanged_INS_core,HLA-A*02:01,0.5,2,2,0
CHGA_L9G,NetMHC,without_flanks,unchanged_INS_core,HLA-A*02:01,1,5,5,0
CHGA_L9G,NetMHC,without_flanks,unchanged_INS_core,HLA-A*02:01,2,8,8,0
CHGA_L9G,NetMHC,without_flanks,unchanged_INS_core,HLA-A*24:02,0.5,1,1,0
CHGA_L9G,NetMHC,without_flanks,unchanged_INS_core,HLA-A*24:02,1,2,2,0
CHGA_L9G,NetMHC,without_flanks,unchanged_INS_core,HLA-A*24:02,2,2,2,0
CHGA_L9G,NetMHC,without_flanks,unchanged_INS_core,HLA-A*03:01,0.5,0,0,0
CHGA_L9G,NetMHC,without_flanks,unchanged_INS_core,HLA-A*03:01,1,1,1,0
CHGA_L9G,NetMHC,without_flanks,unchanged_INS_core,HLA-A*03:01,2,6,6,0
CHGA_L9G,NetMHC,without_flanks,unchanged_INS_core,HLA-B*40:01,0.5,3,3,0
CHGA_L9G,NetMHC,without_flanks,unchanged_INS_core,HLA-B*40:01,1,6,6,0
CHGA_L9G,NetMHC,without_flanks,unchanged_INS_core,HLA-B*40:01,2,9,9,0
CHGA_L9G,NetMHC,without_flanks,unchanged_INS_core,HLA-B*49:01,0.5,5,5,0
CHGA_L9G,NetMHC,without_flanks,unchanged_INS_core,HLA-B*49:01,1,6,6,0
CHGA_L9G,NetMHC,without_flanks,unchanged_INS_core,HLA-B*49:01,2,9,9,0
CHGA_L9G,NetMHC,without_flanks,unchanged_INS_core,HLA-C*03:04,0.5,0,0,0
CHGA_L9G,NetMHC,without_flanks,unchanged_INS_core,HLA-C*03:04,1,2,2,0
CHGA_L9G,NetMHC,without_flanks,unchanged_INS_core,HLA-C*03:04,2,5,5,0
CHGA_L9G,NetMHC,without_flanks,unchanged_INS_core,HLA-C*07:01,0.5,0,0,0
CHGA_L9G,NetMHC,without_flanks,unchanged_INS_core,HLA-C*07:01,1,0,0,0
CHGA_L9G,NetMHC,without_flanks,unchanged_INS_core,HLA-C*07:01,2,3,3,0
CHGA_L9G,MHCflurry,without_flanks,unchanged_INS_core,HLA-A*02:01,0.5,1,1,0
CHGA_L9G,MHCflurry,without_flanks,unchanged_INS_core,HLA-A*02:01,1,2,2,0
CHGA_L9G,MHCflurry,without_flanks,unchanged_INS_core,HLA-A*02:01,2,4,4,0
CHGA_L9G,MHCflurry,without_flanks,unchanged_INS_core,HLA-A*24:02,0.5,2,2,0
CHGA_L9G,MHCflurry,without_flanks,unchanged_INS_core,HLA-A*24:02,1,2,2,0
CHGA_L9G,MHCflurry,without_flanks,unchanged_INS_core,HLA-A*24:02,2,3,3,0
CHGA_L9G,MHCflurry,without_flanks,unchanged_INS_core,HLA-A*03:01,0.5,1,1,0
CHGA_L9G,MHCflurry,without_flanks,unchanged_INS_core,HLA-A*03:01,1,2,2,0
CHGA_L9G,MHCflurry,without_flanks,unchanged_INS_core,HLA-A*03:01,2,3,3,0
CHGA_L9G,MHCflurry,without_flanks,unchanged_INS_core,HLA-B*40:01,0.5,3,3,0
CHGA_L9G,MHCflurry,without_flanks,unchanged_INS_core,HLA-B*40:01,1,5,5,0
CHGA_L9G,MHCflurry,without_flanks,unchanged_INS_core,HLA-B*40:01,2,8,8,0
CHGA_L9G,MHCflurry,without_flanks,unchanged_INS_core,HLA-B*49:01,0.5,5,5,0
CHGA_L9G,MHCflurry,without_flanks,unchanged_INS_core,HLA-B*49:01,1,8,8,0
CHGA_L9G,MHCflurry,without_flanks,unchanged_INS_core,HLA-B*49:01,2,12,12,0
CHGA_L9G,MHCflurry,without_flanks,unchanged_INS_core,HLA-C*03:04,0.5,0,0,0
CHGA_L9G,MHCflurry,without_flanks,unchanged_INS_core,HLA-C*03:04,1,1,1,0
CHGA_L9G,MHCflurry,without_flanks,unchanged_INS_core,HLA-C*03:04,2,11,11,0
CHGA_L9G,MHCflurry,without_flanks,unchanged_INS_core,HLA-C*07:01,0.5,1,1,0
CHGA_L9G,MHCflurry,without_flanks,unchanged_INS_core,HLA-C*07:01,1,2,2,0
CHGA_L9G,MHCflurry,without_flanks,unchanged_INS_core,HLA-C*07:01,2,5,5,0
CHGA_T17C,NetMHC,without_flanks,unchanged_INS_core,HLA-A*02:01,0.5,2,2,0
CHGA_T17C,NetMHC,without_flanks,unchanged_INS_core,HLA-A*02:01,1,5,5,0
CHGA_T17C,NetMHC,without_flanks,unchanged_INS_core,HLA-A*02:01,2,8,8,0
CHGA_T17C,NetMHC,without_flanks,unchanged_INS_core,HLA-A*24:02,0.5,1,1,0
CHGA_T17C,NetMHC,without_flanks,unchanged_INS_core,HLA-A*24:02,1,2,2,0
CHGA_T17C,NetMHC,without_flanks,unchanged_INS_core,HLA-A*24:02,2,2,2,0
CHGA_T17C,NetMHC,without_flanks,unchanged_INS_core,HLA-A*03:01,0.5,0,0,0
CHGA_T17C,NetMHC,without_flanks,unchanged_INS_core,HLA-A*03:01,1,1,1,0
CHGA_T17C,NetMHC,without_flanks,unchanged_INS_core,HLA-A*03:01,2,6,6,0
CHGA_T17C,NetMHC,without_flanks,unchanged_INS_core,HLA-B*40:01,0.5,3,3,0
CHGA_T17C,NetMHC,without_flanks,unchanged_INS_core,HLA-B*40:01,1,6,6,0
CHGA_T17C,NetMHC,without_flanks,unchanged_INS_core,HLA-B*40:01,2,9,9,0
CHGA_T17C,NetMHC,without_flanks,unchanged_INS_core,HLA-B*49:01,0.5,5,5,0
CHGA_T17C,NetMHC,without_flanks,unchanged_INS_core,HLA-B*49:01,1,6,6,0
CHGA_T17C,NetMHC,without_flanks,unchanged_INS_core,HLA-B*49:01,2,9,9,0
CHGA_T17C,NetMHC,without_flanks,unchanged_INS_core,HLA-C*03:04,0.5,0,0,0
CHGA_T17C,NetMHC,without_flanks,unchanged_INS_core,HLA-C*03:04,1,2,2,0
CHGA_T17C,NetMHC,without_flanks,unchanged_INS_core,HLA-C*03:04,2,5,5,0
CHGA_T17C,NetMHC,without_flanks,unchanged_INS_core,HLA-C*07:01,0.5,0,0,0
CHGA_T17C,NetMHC,without_flanks,unchanged_INS_core,HLA-C*07:01,1,0,0,0
CHGA_T17C,NetMHC,without_flanks,unchanged_INS_core,HLA-C*07:01,2,3,3,0
CHGA_T17C,MHCflurry,without_flanks,unchanged_INS_core,HLA-A*02:01,0.5,1,1,0
CHGA_T17C,MHCflurry,without_flanks,unchanged_INS_core,HLA-A*02:01,1,2,2,0
CHGA_T17C,MHCflurry,without_flanks,unchanged_INS_core,HLA-A*02:01,2,4,4,0
CHGA_T17C,MHCflurry,without_flanks,unchanged_INS_core,HLA-A*24:02,0.5,2,2,0
CHGA_T17C,MHCflurry,without_flanks,unchanged_INS_core,HLA-A*24:02,1,2,2,0
CHGA_T17C,MHCflurry,without_flanks,unchanged_INS_core,HLA-A*24:02,2,3,3,0
CHGA_T17C,MHCflurry,without_flanks,unchanged_INS_core,HLA-A*03:01,0.5,1,1,0
CHGA_T17C,MHCflurry,without_flanks,unchanged_INS_core,HLA-A*03:01,1,2,2,0
CHGA_T17C,MHCflurry,without_flanks,unchanged_INS_core,HLA-A*03:01,2,3,3,0
CHGA_T17C,MHCflurry,without_flanks,unchanged_INS_core,HLA-B*40:01,0.5,3,3,0
CHGA_T17C,MHCflurry,without_flanks,unchanged_INS_core,HLA-B*40:01,1,5,5,0
CHGA_T17C,MHCflurry,without_flanks,unchanged_INS_core,HLA-B*40:01,2,8,8,0
CHGA_T17C,MHCflurry,without_flanks,unchanged_INS_core,HLA-B*49:01,0.5,5,5,0
CHGA_T17C,MHCflurry,without_flanks,unchanged_INS_core,HLA-B*49:01,1,8,8,0
CHGA_T17C,MHCflurry,without_flanks,unchanged_INS_core,HLA-B*49:01,2,12,12,0
CHGA_T17C,MHCflurry,without_flanks,unchanged_INS_core,HLA-C*03:04,0.5,0,0,0
CHGA_T17C,MHCflurry,without_flanks,unchanged_INS_core,HLA-C*03:04,1,1,1,0
CHGA_T17C,MHCflurry,without_flanks,unchanged_INS_core,HLA-C*03:04,2,11,11,0
CHGA_T17C,MHCflurry,without_flanks,unchanged_INS_core,HLA-C*07:01,0.5,1,1,0
CHGA_T17C,MHCflurry,without_flanks,unchanged_INS_core,HLA-C*07:01,1,2,2,0
CHGA_T17C,MHCflurry,without_flanks,unchanged_INS_core,HLA-C*07:01,2,5,5,0
CHGA_T17G,NetMHC,without_flanks,unchanged_INS_core,HLA-A*02:01,0.5,2,2,0
CHGA_T17G,NetMHC,without_flanks,unchanged_INS_core,HLA-A*02:01,1,5,5,0
CHGA_T17G,NetMHC,without_flanks,unchanged_INS_core,HLA-A*02:01,2,8,8,0
CHGA_T17G,NetMHC,without_flanks,unchanged_INS_core,HLA-A*24:02,0.5,1,1,0
CHGA_T17G,NetMHC,without_flanks,unchanged_INS_core,HLA-A*24:02,1,2,2,0
CHGA_T17G,NetMHC,without_flanks,unchanged_INS_core,HLA-A*24:02,2,2,2,0
CHGA_T17G,NetMHC,without_flanks,unchanged_INS_core,HLA-A*03:01,0.5,0,0,0
CHGA_T17G,NetMHC,without_flanks,unchanged_INS_core,HLA-A*03:01,1,1,1,0
CHGA_T17G,NetMHC,without_flanks,unchanged_INS_core,HLA-A*03:01,2,6,6,0
CHGA_T17G,NetMHC,without_flanks,unchanged_INS_core,HLA-B*40:01,0.5,3,3,0
CHGA_T17G,NetMHC,without_flanks,unchanged_INS_core,HLA-B*40:01,1,6,6,0
CHGA_T17G,NetMHC,without_flanks,unchanged_INS_core,HLA-B*40:01,2,9,9,0
CHGA_T17G,NetMHC,without_flanks,unchanged_INS_core,HLA-B*49:01,0.5,5,5,0
CHGA_T17G,NetMHC,without_flanks,unchanged_INS_core,HLA-B*49:01,1,6,6,0
CHGA_T17G,NetMHC,without_flanks,unchanged_INS_core,HLA-B*49:01,2,9,9,0
CHGA_T17G,NetMHC,without_flanks,unchanged_INS_core,HLA-C*03:04,0.5,0,0,0
CHGA_T17G,NetMHC,without_flanks,unchanged_INS_core,HLA-C*03:04,1,2,2,0
CHGA_T17G,NetMHC,without_flanks,unchanged_INS_core,HLA-C*03:04,2,5,5,0
CHGA_T17G,NetMHC,without_flanks,unchanged_INS_core,HLA-C*07:01,0.5,0,0,0
CHGA_T17G,NetMHC,without_flanks,unchanged_INS_core,HLA-C*07:01,1,0,0,0
CHGA_T17G,NetMHC,without_flanks,unchanged_INS_core,HLA-C*07:01,2,3,3,0
CHGA_T17G,MHCflurry,without_flanks,unchanged_INS_core,HLA-A*02:01,0.5,1,1,0
CHGA_T17G,MHCflurry,without_flanks,unchanged_INS_core,HLA-A*02:01,1,2,2,0
CHGA_T17G,MHCflurry,without_flanks,unchanged_INS_core,HLA-A*02:01,2,4,4,0
CHGA_T17G,MHCflurry,without_flanks,unchanged_INS_core,HLA-A*24:02,0.5,2,2,0
CHGA_T17G,MHCflurry,without_flanks,unchanged_INS_core,HLA-A*24:02,1,2,2,0
CHGA_T17G,MHCflurry,without_flanks,unchanged_INS_core,HLA-A*24:02,2,3,3,0
CHGA_T17G,MHCflurry,without_flanks,unchanged_INS_core,HLA-A*03:01,0.5,1,1,0
CHGA_T17G,MHCflurry,without_flanks,unchanged_INS_core,HLA-A*03:01,1,2,2,0
CHGA_T17G,MHCflurry,without_flanks,unchanged_INS_core,HLA-A*03:01,2,3,3,0
CHGA_T17G,MHCflurry,without_flanks,unchanged_INS_core,HLA-B*40:01,0.5,3,3,0
CHGA_T17G,MHCflurry,without_flanks,unchanged_INS_core,HLA-B*40:01,1,5,5,0
CHGA_T17G,MHCflurry,without_flanks,unchanged_INS_core,HLA-B*40:01,2,8,8,0
CHGA_T17G,MHCflurry,without_flanks,unchanged_INS_core,HLA-B*49:01,0.5,5,5,0
CHGA_T17G,MHCflurry,without_flanks,unchanged_INS_core,HLA-B*49:01,1,8,8,0
CHGA_T17G,MHCflurry,without_flanks,unchanged_INS_core,HLA-B*49:01,2,12,12,0
CHGA_T17G,MHCflurry,without_flanks,unchanged_INS_core,HLA-C*03:04,0.5,0,0,0
CHGA_T17G,MHCflurry,without_flanks,unchanged_INS_core,HLA-C*03:04,1,1,1,0
CHGA_T17G,MHCflurry,without_flanks,unchanged_INS_core,HLA-C*03:04,2,11,11,0
CHGA_T17G,MHCflurry,without_flanks,unchanged_INS_core,HLA-C*07:01,0.5,1,1,0
CHGA_T17G,MHCflurry,without_flanks,unchanged_INS_core,HLA-C*07:01,1,2,2,0
CHGA_T17G,MHCflurry,without_flanks,unchanged_INS_core,HLA-C*07:01,2,5,5,0
CHGA_L9C_T17C,NetMHC,without_flanks,unchanged_INS_core,HLA-A*02:01,0.5,2,2,0
CHGA_L9C_T17C,NetMHC,without_flanks,unchanged_INS_core,HLA-A*02:01,1,5,5,0
CHGA_L9C_T17C,NetMHC,without_flanks,unchanged_INS_core,HLA-A*02:01,2,8,8,0
CHGA_L9C_T17C,NetMHC,without_flanks,unchanged_INS_core,HLA-A*24:02,0.5,1,1,0
CHGA_L9C_T17C,NetMHC,without_flanks,unchanged_INS_core,HLA-A*24:02,1,2,2,0
CHGA_L9C_T17C,NetMHC,without_flanks,unchanged_INS_core,HLA-A*24:02,2,2,2,0
CHGA_L9C_T17C,NetMHC,without_flanks,unchanged_INS_core,HLA-A*03:01,0.5,0,0,0
CHGA_L9C_T17C,NetMHC,without_flanks,unchanged_INS_core,HLA-A*03:01,1,1,1,0
CHGA_L9C_T17C,NetMHC,without_flanks,unchanged_INS_core,HLA-A*03:01,2,6,6,0
CHGA_L9C_T17C,NetMHC,without_flanks,unchanged_INS_core,HLA-B*40:01,0.5,3,3,0
CHGA_L9C_T17C,NetMHC,without_flanks,unchanged_INS_core,HLA-B*40:01,1,6,6,0
CHGA_L9C_T17C,NetMHC,without_flanks,unchanged_INS_core,HLA-B*40:01,2,9,9,0
CHGA_L9C_T17C,NetMHC,without_flanks,unchanged_INS_core,HLA-B*49:01,0.5,5,5,0
CHGA_L9C_T17C,NetMHC,without_flanks,unchanged_INS_core,HLA-B*49:01,1,6,6,0
CHGA_L9C_T17C,NetMHC,without_flanks,unchanged_INS_core,HLA-B*49:01,2,9,9,0
CHGA_L9C_T17C,NetMHC,without_flanks,unchanged_INS_core,HLA-C*03:04,0.5,0,0,0
CHGA_L9C_T17C,NetMHC,without_flanks,unchanged_INS_core,HLA-C*03:04,1,2,2,0
CHGA_L9C_T17C,NetMHC,without_flanks,unchanged_INS_core,HLA-C*03:04,2,5,5,0
CHGA_L9C_T17C,NetMHC,without_flanks,unchanged_INS_core,HLA-C*07:01,0.5,0,0,0
CHGA_L9C_T17C,NetMHC,without_flanks,unchanged_INS_core,HLA-C*07:01,1,0,0,0
CHGA_L9C_T17C,NetMHC,without_flanks,unchanged_INS_core,HLA-C*07:01,2,3,3,0
CHGA_L9C_T17C,MHCflurry,without_flanks,unchanged_INS_core,HLA-A*02:01,0.5,1,1,0
CHGA_L9C_T17C,MHCflurry,without_flanks,unchanged_INS_core,HLA-A*02:01,1,2,2,0
CHGA_L9C_T17C,MHCflurry,without_flanks,unchanged_INS_core,HLA-A*02:01,2,4,4,0
CHGA_L9C_T17C,MHCflurry,without_flanks,unchanged_INS_core,HLA-A*24:02,0.5,2,2,0
CHGA_L9C_T17C,MHCflurry,without_flanks,unchanged_INS_core,HLA-A*24:02,1,2,2,0
CHGA_L9C_T17C,MHCflurry,without_flanks,unchanged_INS_core,HLA-A*24:02,2,3,3,0
CHGA_L9C_T17C,MHCflurry,without_flanks,unchanged_INS_core,HLA-A*03:01,0.5,1,1,0
CHGA_L9C_T17C,MHCflurry,without_flanks,unchanged_INS_core,HLA-A*03:01,1,2,2,0
CHGA_L9C_T17C,MHCflurry,without_flanks,unchanged_INS_core,HLA-A*03:01,2,3,3,0
CHGA_L9C_T17C,MHCflurry,without_flanks,unchanged_INS_core,HLA-B*40:01,0.5,3,3,0
CHGA_L9C_T17C,MHCflurry,without_flanks,unchanged_INS_core,HLA-B*40:01,1,5,5,0
CHGA_L9C_T17C,MHCflurry,without_flanks,unchanged_INS_core,HLA-B*40:01,2,8,8,0
CHGA_L9C_T17C,MHCflurry,without_flanks,unchanged_INS_core,HLA-B*49:01,0.5,5,5,0
CHGA_L9C_T17C,MHCflurry,without_flanks,unchanged_INS_core,HLA-B*49:01,1,8,8,0
CHGA_L9C_T17C,MHCflurry,without_flanks,unchanged_INS_core,HLA-B*49:01,2,12,12,0
CHGA_L9C_T17C,MHCflurry,without_flanks,unchanged_INS_core,HLA-C*03:04,0.5,0,0,0
CHGA_L9C_T17C,MHCflurry,without_flanks,unchanged_INS_core,HLA-C*03:04,1,1,1,0
CHGA_L9C_T17C,MHCflurry,without_flanks,unchanged_INS_core,HLA-C*03:04,2,11,11,0
CHGA_L9C_T17C,MHCflurry,without_flanks,unchanged_INS_core,HLA-C*07:01,0.5,1,1,0
CHGA_L9C_T17C,MHCflurry,without_flanks,unchanged_INS_core,HLA-C*07:01,1,2,2,0
CHGA_L9C_T17C,MHCflurry,without_flanks,unchanged_INS_core,HLA-C*07:01,2,5,5,0
CHGA_L9C_T17G,NetMHC,without_flanks,unchanged_INS_core,HLA-A*02:01,0.5,2,2,0
CHGA_L9C_T17G,NetMHC,without_flanks,unchanged_INS_core,HLA-A*02:01,1,5,5,0
CHGA_L9C_T17G,NetMHC,without_flanks,unchanged_INS_core,HLA-A*02:01,2,8,8,0
CHGA_L9C_T17G,NetMHC,without_flanks,unchanged_INS_core,HLA-A*24:02,0.5,1,1,0
CHGA_L9C_T17G,NetMHC,without_flanks,unchanged_INS_core,HLA-A*24:02,1,2,2,0
CHGA_L9C_T17G,NetMHC,without_flanks,unchanged_INS_core,HLA-A*24:02,2,2,2,0
CHGA_L9C_T17G,NetMHC,without_flanks,unchanged_INS_core,HLA-A*03:01,0.5,0,0,0
CHGA_L9C_T17G,NetMHC,without_flanks,unchanged_INS_core,HLA-A*03:01,1,1,1,0
CHGA_L9C_T17G,NetMHC,without_flanks,unchanged_INS_core,HLA-A*03:01,2,6,6,0
CHGA_L9C_T17G,NetMHC,without_flanks,unchanged_INS_core,HLA-B*40:01,0.5,3,3,0
CHGA_L9C_T17G,NetMHC,without_flanks,unchanged_INS_core,HLA-B*40:01,1,6,6,0
CHGA_L9C_T17G,NetMHC,without_flanks,unchanged_INS_core,HLA-B*40:01,2,9,9,0
CHGA_L9C_T17G,NetMHC,without_flanks,unchanged_INS_core,HLA-B*49:01,0.5,5,5,0
CHGA_L9C_T17G,NetMHC,without_flanks,unchanged_INS_core,HLA-B*49:01,1,6,6,0
CHGA_L9C_T17G,NetMHC,without_flanks,unchanged_INS_core,HLA-B*49:01,2,9,9,0
CHGA_L9C_T17G,NetMHC,without_flanks,unchanged_INS_core,HLA-C*03:04,0.5,0,0,0
CHGA_L9C_T17G,NetMHC,without_flanks,unchanged_INS_core,HLA-C*03:04,1,2,2,0
CHGA_L9C_T17G,NetMHC,without_flanks,unchanged_INS_core,HLA-C*03:04,2,5,5,0
CHGA_L9C_T17G,NetMHC,without_flanks,unchanged_INS_core,HLA-C*07:01,0.5,0,0,0
CHGA_L9C_T17G,NetMHC,without_flanks,unchanged_INS_core,HLA-C*07:01,1,0,0,0
CHGA_L9C_T17G,NetMHC,without_flanks,unchanged_INS_core,HLA-C*07:01,2,3,3,0
CHGA_L9C_T17G,MHCflurry,without_flanks,unchanged_INS_core,HLA-A*02:01,0.5,1,1,0
CHGA_L9C_T17G,MHCflurry,without_flanks,unchanged_INS_core,HLA-A*02:01,1,2,2,0
CHGA_L9C_T17G,MHCflurry,without_flanks,unchanged_INS_core,HLA-A*02:01,2,4,4,0
CHGA_L9C_T17G,MHCflurry,without_flanks,unchanged_INS_core,HLA-A*24:02,0.5,2,2,0
CHGA_L9C_T17G,MHCflurry,without_flanks,unchanged_INS_core,HLA-A*24:02,1,2,2,0
CHGA_L9C_T17G,MHCflurry,without_flanks,unchanged_INS_core,HLA-A*24:02,2,3,3,0
CHGA_L9C_T17G,MHCflurry,without_flanks,unchanged_INS_core,HLA-A*03:01,0.5,1,1,0
CHGA_L9C_T17G,MHCflurry,without_flanks,unchanged_INS_core,HLA-A*03:01,1,2,2,0
CHGA_L9C_T17G,MHCflurry,without_flanks,unchanged_INS_core,HLA-A*03:01,2,3,3,0
CHGA_L9C_T17G,MHCflurry,without_flanks,unchanged_INS_core,HLA-B*40:01,0.5,3,3,0
CHGA_L9C_T17G,MHCflurry,without_flanks,unchanged_INS_core,HLA-B*40:01,1,5,5,0
CHGA_L9C_T17G,MHCflurry,without_flanks,unchanged_INS_core,HLA-B*40:01,2,8,8,0
CHGA_L9C_T17G,MHCflurry,without_flanks,unchanged_INS_core,HLA-B*49:01,0.5,5,5,0
CHGA_L9C_T17G,MHCflurry,without_flanks,unchanged_INS_core,HLA-B*49:01,1,8,8,0
CHGA_L9C_T17G,MHCflurry,without_flanks,unchanged_INS_core,HLA-B*49:01,2,12,12,0
CHGA_L9C_T17G,MHCflurry,without_flanks,unchanged_INS_core,HLA-C*03:04,0.5,0,0,0
CHGA_L9C_T17G,MHCflurry,without_flanks,unchanged_INS_core,HLA-C*03:04,1,1,1,0
CHGA_L9C_T17G,MHCflurry,without_flanks,unchanged_INS_core,HLA-C*03:04,2,11,11,0
CHGA_L9C_T17G,MHCflurry,without_flanks,unchanged_INS_core,HLA-C*07:01,0.5,1,1,0
CHGA_L9C_T17G,MHCflurry,without_flanks,unchanged_INS_core,HLA-C*07:01,1,2,2,0
CHGA_L9C_T17G,MHCflurry,without_flanks,unchanged_INS_core,HLA-C*07:01,2,5,5,0
CHGA_L9C_T17D,NetMHC,without_flanks,unchanged_INS_core,HLA-A*02:01,0.5,2,2,0
CHGA_L9C_T17D,NetMHC,without_flanks,unchanged_INS_core,HLA-A*02:01,1,5,5,0
CHGA_L9C_T17D,NetMHC,without_flanks,unchanged_INS_core,HLA-A*02:01,2,8,8,0
CHGA_L9C_T17D,NetMHC,without_flanks,unchanged_INS_core,HLA-A*24:02,0.5,1,1,0
CHGA_L9C_T17D,NetMHC,without_flanks,unchanged_INS_core,HLA-A*24:02,1,2,2,0
CHGA_L9C_T17D,NetMHC,without_flanks,unchanged_INS_core,HLA-A*24:02,2,2,2,0
CHGA_L9C_T17D,NetMHC,without_flanks,unchanged_INS_core,HLA-A*03:01,0.5,0,0,0
CHGA_L9C_T17D,NetMHC,without_flanks,unchanged_INS_core,HLA-A*03:01,1,1,1,0
CHGA_L9C_T17D,NetMHC,without_flanks,unchanged_INS_core,HLA-A*03:01,2,6,6,0
CHGA_L9C_T17D,NetMHC,without_flanks,unchanged_INS_core,HLA-B*40:01,0.5,3,3,0
CHGA_L9C_T17D,NetMHC,without_flanks,unchanged_INS_core,HLA-B*40:01,1,6,6,0
CHGA_L9C_T17D,NetMHC,without_flanks,unchanged_INS_core,HLA-B*40:01,2,9,9,0
CHGA_L9C_T17D,NetMHC,without_flanks,unchanged_INS_core,HLA-B*49:01,0.5,5,5,0
CHGA_L9C_T17D,NetMHC,without_flanks,unchanged_INS_core,HLA-B*49:01,1,6,6,0
CHGA_L9C_T17D,NetMHC,without_flanks,unchanged_INS_core,HLA-B*49:01,2,9,9,0
CHGA_L9C_T17D,NetMHC,without_flanks,unchanged_INS_core,HLA-C*03:04,0.5,0,0,0
CHGA_L9C_T17D,NetMHC,without_flanks,unchanged_INS_core,HLA-C*03:04,1,2,2,0
CHGA_L9C_T17D,NetMHC,without_flanks,unchanged_INS_core,HLA-C*03:04,2,5,5,0
CHGA_L9C_T17D,NetMHC,without_flanks,unchanged_INS_core,HLA-C*07:01,0.5,0,0,0
CHGA_L9C_T17D,NetMHC,without_flanks,unchanged_INS_core,HLA-C*07:01,1,0,0,0
CHGA_L9C_T17D,NetMHC,without_flanks,unchanged_INS_core,HLA-C*07:01,2,3,3,0
CHGA_L9C_T17D,MHCflurry,without_flanks,unchanged_INS_core,HLA-A*02:01,0.5,1,1,0
CHGA_L9C_T17D,MHCflurry,without_flanks,unchanged_INS_core,HLA-A*02:01,1,2,2,0
CHGA_L9C_T17D,MHCflurry,without_flanks,unchanged_INS_core,HLA-A*02:01,2,4,4,0
CHGA_L9C_T17D,MHCflurry,without_flanks,unchanged_INS_core,HLA-A*24:02,0.5,2,2,0
CHGA_L9C_T17D,MHCflurry,without_flanks,unchanged_INS_core,HLA-A*24:02,1,2,2,0
CHGA_L9C_T17D,MHCflurry,without_flanks,unchanged_INS_core,HLA-A*24:02,2,3,3,0
CHGA_L9C_T17D,MHCflurry,without_flanks,unchanged_INS_core,HLA-A*03:01,0.5,1,1,0
CHGA_L9C_T17D,MHCflurry,without_flanks,unchanged_INS_core,HLA-A*03:01,1,2,2,0
CHGA_L9C_T17D,MHCflurry,without_flanks,unchanged_INS_core,HLA-A*03:01,2,3,3,0
CHGA_L9C_T17D,MHCflurry,without_flanks,unchanged_INS_core,HLA-B*40:01,0.5,3,3,0
CHGA_L9C_T17D,MHCflurry,without_flanks,unchanged_INS_core,HLA-B*40:01,1,5,5,0
CHGA_L9C_T17D,MHCflurry,without_flanks,unchanged_INS_core,HLA-B*40:01,2,8,8,0
CHGA_L9C_T17D,MHCflurry,without_flanks,unchanged_INS_core,HLA-B*49:01,0.5,5,5,0
CHGA_L9C_T17D,MHCflurry,without_flanks,unchanged_INS_core,HLA-B*49:01,1,8,8,0
CHGA_L9C_T17D,MHCflurry,without_flanks,unchanged_INS_core,HLA-B*49:01,2,12,12,0
CHGA_L9C_T17D,MHCflurry,without_flanks,unchanged_INS_core,HLA-C*03:04,0.5,0,0,0
CHGA_L9C_T17D,MHCflurry,without_flanks,unchanged_INS_core,HLA-C*03:04,1,1,1,0
CHGA_L9C_T17D,MHCflurry,without_flanks,unchanged_INS_core,HLA-C*03:04,2,11,11,0
CHGA_L9C_T17D,MHCflurry,without_flanks,unchanged_INS_core,HLA-C*07:01,0.5,1,1,0
CHGA_L9C_T17D,MHCflurry,without_flanks,unchanged_INS_core,HLA-C*07:01,1,2,2,0
CHGA_L9C_T17D,MHCflurry,without_flanks,unchanged_INS_core,HLA-C*07:01,2,5,5,0
CHGA_L9C_T17P,NetMHC,without_flanks,unchanged_INS_core,HLA-A*02:01,0.5,2,2,0
CHGA_L9C_T17P,NetMHC,without_flanks,unchanged_INS_core,HLA-A*02:01,1,5,5,0
CHGA_L9C_T17P,NetMHC,without_flanks,unchanged_INS_core,HLA-A*02:01,2,8,8,0
CHGA_L9C_T17P,NetMHC,without_flanks,unchanged_INS_core,HLA-A*24:02,0.5,1,1,0
CHGA_L9C_T17P,NetMHC,without_flanks,unchanged_INS_core,HLA-A*24:02,1,2,2,0
CHGA_L9C_T17P,NetMHC,without_flanks,unchanged_INS_core,HLA-A*24:02,2,2,2,0
CHGA_L9C_T17P,NetMHC,without_flanks,unchanged_INS_core,HLA-A*03:01,0.5,0,0,0
CHGA_L9C_T17P,NetMHC,without_flanks,unchanged_INS_core,HLA-A*03:01,1,1,1,0
CHGA_L9C_T17P,NetMHC,without_flanks,unchanged_INS_core,HLA-A*03:01,2,6,6,0
CHGA_L9C_T17P,NetMHC,without_flanks,unchanged_INS_core,HLA-B*40:01,0.5,3,3,0
CHGA_L9C_T17P,NetMHC,without_flanks,unchanged_INS_core,HLA-B*40:01,1,6,6,0
CHGA_L9C_T17P,NetMHC,without_flanks,unchanged_INS_core,HLA-B*40:01,2,9,9,0
CHGA_L9C_T17P,NetMHC,without_flanks,unchanged_INS_core,HLA-B*49:01,0.5,5,5,0
CHGA_L9C_T17P,NetMHC,without_flanks,unchanged_INS_core,HLA-B*49:01,1,6,6,0
CHGA_L9C_T17P,NetMHC,without_flanks,unchanged_INS_core,HLA-B*49:01,2,9,9,0
CHGA_L9C_T17P,NetMHC,without_flanks,unchanged_INS_core,HLA-C*03:04,0.5,0,0,0
CHGA_L9C_T17P,NetMHC,without_flanks,unchanged_INS_core,HLA-C*03:04,1,2,2,0
CHGA_L9C_T17P,NetMHC,without_flanks,unchanged_INS_core,HLA-C*03:04,2,5,5,0
CHGA_L9C_T17P,NetMHC,without_flanks,unchanged_INS_core,HLA-C*07:01,0.5,0,0,0
CHGA_L9C_T17P,NetMHC,without_flanks,unchanged_INS_core,HLA-C*07:01,1,0,0,0
CHGA_L9C_T17P,NetMHC,without_flanks,unchanged_INS_core,HLA-C*07:01,2,3,3,0
CHGA_L9C_T17P,MHCflurry,without_flanks,unchanged_INS_core,HLA-A*02:01,0.5,1,1,0
CHGA_L9C_T17P,MHCflurry,without_flanks,unchanged_INS_core,HLA-A*02:01,1,2,2,0
CHGA_L9C_T17P,MHCflurry,without_flanks,unchanged_INS_core,HLA-A*02:01,2,4,4,0
CHGA_L9C_T17P,MHCflurry,without_flanks,unchanged_INS_core,HLA-A*24:02,0.5,2,2,0
CHGA_L9C_T17P,MHCflurry,without_flanks,unchanged_INS_core,HLA-A*24:02,1,2,2,0
CHGA_L9C_T17P,MHCflurry,without_flanks,unchanged_INS_core,HLA-A*24:02,2,3,3,0
CHGA_L9C_T17P,MHCflurry,without_flanks,unchanged_INS_core,HLA-A*03:01,0.5,1,1,0
CHGA_L9C_T17P,MHCflurry,without_flanks,unchanged_INS_core,HLA-A*03:01,1,2,2,0
CHGA_L9C_T17P,MHCflurry,without_flanks,unchanged_INS_core,HLA-A*03:01,2,3,3,0
CHGA_L9C_T17P,MHCflurry,without_flanks,unchanged_INS_core,HLA-B*40:01,0.5,3,3,0
CHGA_L9C_T17P,MHCflurry,without_flanks,unchanged_INS_core,HLA-B*40:01,1,5,5,0
CHGA_L9C_T17P,MHCflurry,without_flanks,unchanged_INS_core,HLA-B*40:01,2,8,8,0
CHGA_L9C_T17P,MHCflurry,without_flanks,unchanged_INS_core,HLA-B*49:01,0.5,5,5,0
CHGA_L9C_T17P,MHCflurry,without_flanks,unchanged_INS_core,HLA-B*49:01,1,8,8,0
CHGA_L9C_T17P,MHCflurry,without_flanks,unchanged_INS_core,HLA-B*49:01,2,12,12,0
CHGA_L9C_T17P,MHCflurry,without_flanks,unchanged_INS_core,HLA-C*03:04,0.5,0,0,0
CHGA_L9C_T17P,MHCflurry,without_flanks,unchanged_INS_core,HLA-C*03:04,1,1,1,0
CHGA_L9C_T17P,MHCflurry,without_flanks,unchanged_INS_core,HLA-C*03:04,2,11,11,0
CHGA_L9C_T17P,MHCflurry,without_flanks,unchanged_INS_core,HLA-C*07:01,0.5,1,1,0
CHGA_L9C_T17P,MHCflurry,without_flanks,unchanged_INS_core,HLA-C*07:01,1,2,2,0
CHGA_L9C_T17P,MHCflurry,without_flanks,unchanged_INS_core,HLA-C*07:01,2,5,5,0
CHGA_L9G_T17C,NetMHC,without_flanks,unchanged_INS_core,HLA-A*02:01,0.5,2,2,0
CHGA_L9G_T17C,NetMHC,without_flanks,unchanged_INS_core,HLA-A*02:01,1,5,5,0
CHGA_L9G_T17C,NetMHC,without_flanks,unchanged_INS_core,HLA-A*02:01,2,8,8,0
CHGA_L9G_T17C,NetMHC,without_flanks,unchanged_INS_core,HLA-A*24:02,0.5,1,1,0
CHGA_L9G_T17C,NetMHC,without_flanks,unchanged_INS_core,HLA-A*24:02,1,2,2,0
CHGA_L9G_T17C,NetMHC,without_flanks,unchanged_INS_core,HLA-A*24:02,2,2,2,0
CHGA_L9G_T17C,NetMHC,without_flanks,unchanged_INS_core,HLA-A*03:01,0.5,0,0,0
CHGA_L9G_T17C,NetMHC,without_flanks,unchanged_INS_core,HLA-A*03:01,1,1,1,0
CHGA_L9G_T17C,NetMHC,without_flanks,unchanged_INS_core,HLA-A*03:01,2,6,6,0
CHGA_L9G_T17C,NetMHC,without_flanks,unchanged_INS_core,HLA-B*40:01,0.5,3,3,0
CHGA_L9G_T17C,NetMHC,without_flanks,unchanged_INS_core,HLA-B*40:01,1,6,6,0
CHGA_L9G_T17C,NetMHC,without_flanks,unchanged_INS_core,HLA-B*40:01,2,9,9,0
CHGA_L9G_T17C,NetMHC,without_flanks,unchanged_INS_core,HLA-B*49:01,0.5,5,5,0
CHGA_L9G_T17C,NetMHC,without_flanks,unchanged_INS_core,HLA-B*49:01,1,6,6,0
CHGA_L9G_T17C,NetMHC,without_flanks,unchanged_INS_core,HLA-B*49:01,2,9,9,0
CHGA_L9G_T17C,NetMHC,without_flanks,unchanged_INS_core,HLA-C*03:04,0.5,0,0,0
CHGA_L9G_T17C,NetMHC,without_flanks,unchanged_INS_core,HLA-C*03:04,1,2,2,0
CHGA_L9G_T17C,NetMHC,without_flanks,unchanged_INS_core,HLA-C*03:04,2,5,5,0
CHGA_L9G_T17C,NetMHC,without_flanks,unchanged_INS_core,HLA-C*07:01,0.5,0,0,0
CHGA_L9G_T17C,NetMHC,without_flanks,unchanged_INS_core,HLA-C*07:01,1,0,0,0
CHGA_L9G_T17C,NetMHC,without_flanks,unchanged_INS_core,HLA-C*07:01,2,3,3,0
CHGA_L9G_T17C,MHCflurry,without_flanks,unchanged_INS_core,HLA-A*02:01,0.5,1,1,0
CHGA_L9G_T17C,MHCflurry,without_flanks,unchanged_INS_core,HLA-A*02:01,1,2,2,0
CHGA_L9G_T17C,MHCflurry,without_flanks,unchanged_INS_core,HLA-A*02:01,2,4,4,0
CHGA_L9G_T17C,MHCflurry,without_flanks,unchanged_INS_core,HLA-A*24:02,0.5,2,2,0
CHGA_L9G_T17C,MHCflurry,without_flanks,unchanged_INS_core,HLA-A*24:02,1,2,2,0
CHGA_L9G_T17C,MHCflurry,without_flanks,unchanged_INS_core,HLA-A*24:02,2,3,3,0
CHGA_L9G_T17C,MHCflurry,without_flanks,unchanged_INS_core,HLA-A*03:01,0.5,1,1,0
CHGA_L9G_T17C,MHCflurry,without_flanks,unchanged_INS_core,HLA-A*03:01,1,2,2,0
CHGA_L9G_T17C,MHCflurry,without_flanks,unchanged_INS_core,HLA-A*03:01,2,3,3,0
CHGA_L9G_T17C,MHCflurry,without_flanks,unchanged_INS_core,HLA-B*40:01,0.5,3,3,0
CHGA_L9G_T17C,MHCflurry,without_flanks,unchanged_INS_core,HLA-B*40:01,1,5,5,0
CHGA_L9G_T17C,MHCflurry,without_flanks,unchanged_INS_core,HLA-B*40:01,2,8,8,0
CHGA_L9G_T17C,MHCflurry,without_flanks,unchanged_INS_core,HLA-B*49:01,0.5,5,5,0
CHGA_L9G_T17C,MHCflurry,without_flanks,unchanged_INS_core,HLA-B*49:01,1,8,8,0
CHGA_L9G_T17C,MHCflurry,without_flanks,unchanged_INS_core,HLA-B*49:01,2,12,12,0
CHGA_L9G_T17C,MHCflurry,without_flanks,unchanged_INS_core,HLA-C*03:04,0.5,0,0,0
CHGA_L9G_T17C,MHCflurry,without_flanks,unchanged_INS_core,HLA-C*03:04,1,1,1,0
CHGA_L9G_T17C,MHCflurry,without_flanks,unchanged_INS_core,HLA-C*03:04,2,11,11,0
CHGA_L9G_T17C,MHCflurry,without_flanks,unchanged_INS_core,HLA-C*07:01,0.5,1,1,0
CHGA_L9G_T17C,MHCflurry,without_flanks,unchanged_INS_core,HLA-C*07:01,1,2,2,0
CHGA_L9G_T17C,MHCflurry,without_flanks,unchanged_INS_core,HLA-C*07:01,2,5,5,0
CHGA_L9G_T17G,NetMHC,without_flanks,unchanged_INS_core,HLA-A*02:01,0.5,2,2,0
CHGA_L9G_T17G,NetMHC,without_flanks,unchanged_INS_core,HLA-A*02:01,1,5,5,0
CHGA_L9G_T17G,NetMHC,without_flanks,unchanged_INS_core,HLA-A*02:01,2,8,8,0
CHGA_L9G_T17G,NetMHC,without_flanks,unchanged_INS_core,HLA-A*24:02,0.5,1,1,0
CHGA_L9G_T17G,NetMHC,without_flanks,unchanged_INS_core,HLA-A*24:02,1,2,2,0
CHGA_L9G_T17G,NetMHC,without_flanks,unchanged_INS_core,HLA-A*24:02,2,2,2,0
CHGA_L9G_T17G,NetMHC,without_flanks,unchanged_INS_core,HLA-A*03:01,0.5,0,0,0
CHGA_L9G_T17G,NetMHC,without_flanks,unchanged_INS_core,HLA-A*03:01,1,1,1,0
CHGA_L9G_T17G,NetMHC,without_flanks,unchanged_INS_core,HLA-A*03:01,2,6,6,0
CHGA_L9G_T17G,NetMHC,without_flanks,unchanged_INS_core,HLA-B*40:01,0.5,3,3,0
CHGA_L9G_T17G,NetMHC,without_flanks,unchanged_INS_core,HLA-B*40:01,1,6,6,0
CHGA_L9G_T17G,NetMHC,without_flanks,unchanged_INS_core,HLA-B*40:01,2,9,9,0
CHGA_L9G_T17G,NetMHC,without_flanks,unchanged_INS_core,HLA-B*49:01,0.5,5,5,0
CHGA_L9G_T17G,NetMHC,without_flanks,unchanged_INS_core,HLA-B*49:01,1,6,6,0
CHGA_L9G_T17G,NetMHC,without_flanks,unchanged_INS_core,HLA-B*49:01,2,9,9,0
CHGA_L9G_T17G,NetMHC,without_flanks,unchanged_INS_core,HLA-C*03:04,0.5,0,0,0
CHGA_L9G_T17G,NetMHC,without_flanks,unchanged_INS_core,HLA-C*03:04,1,2,2,0
CHGA_L9G_T17G,NetMHC,without_flanks,unchanged_INS_core,HLA-C*03:04,2,5,5,0
CHGA_L9G_T17G,NetMHC,without_flanks,unchanged_INS_core,HLA-C*07:01,0.5,0,0,0
CHGA_L9G_T17G,NetMHC,without_flanks,unchanged_INS_core,HLA-C*07:01,1,0,0,0
CHGA_L9G_T17G,NetMHC,without_flanks,unchanged_INS_core,HLA-C*07:01,2,3,3,0
CHGA_L9G_T17G,MHCflurry,without_flanks,unchanged_INS_core,HLA-A*02:01,0.5,1,1,0
CHGA_L9G_T17G,MHCflurry,without_flanks,unchanged_INS_core,HLA-A*02:01,1,2,2,0
CHGA_L9G_T17G,MHCflurry,without_flanks,unchanged_INS_core,HLA-A*02:01,2,4,4,0
CHGA_L9G_T17G,MHCflurry,without_flanks,unchanged_INS_core,HLA-A*24:02,0.5,2,2,0
CHGA_L9G_T17G,MHCflurry,without_flanks,unchanged_INS_core,HLA-A*24:02,1,2,2,0
CHGA_L9G_T17G,MHCflurry,without_flanks,unchanged_INS_core,HLA-A*24:02,2,3,3,0
CHGA_L9G_T17G,MHCflurry,without_flanks,unchanged_INS_core,HLA-A*03:01,0.5,1,1,0
CHGA_L9G_T17G,MHCflurry,without_flanks,unchanged_INS_core,HLA-A*03:01,1,2,2,0
CHGA_L9G_T17G,MHCflurry,without_flanks,unchanged_INS_core,HLA-A*03:01,2,3,3,0
CHGA_L9G_T17G,MHCflurry,without_flanks,unchanged_INS_core,HLA-B*40:01,0.5,3,3,0
CHGA_L9G_T17G,MHCflurry,without_flanks,unchanged_INS_core,HLA-B*40:01,1,5,5,0
CHGA_L9G_T17G,MHCflurry,without_flanks,unchanged_INS_core,HLA-B*40:01,2,8,8,0
CHGA_L9G_T17G,MHCflurry,without_flanks,unchanged_INS_core,HLA-B*49:01,0.5,5,5,0
CHGA_L9G_T17G,MHCflurry,without_flanks,unchanged_INS_core,HLA-B*49:01,1,8,8,0
CHGA_L9G_T17G,MHCflurry,without_flanks,unchanged_INS_core,HLA-B*49:01,2,12,12,0
CHGA_L9G_T17G,MHCflurry,without_flanks,unchanged_INS_core,HLA-C*03:04,0.5,0,0,0
CHGA_L9G_T17G,MHCflurry,without_flanks,unchanged_INS_core,HLA-C*03:04,1,1,1,0
CHGA_L9G_T17G,MHCflurry,without_flanks,unchanged_INS_core,HLA-C*03:04,2,11,11,0
CHGA_L9G_T17G,MHCflurry,without_flanks,unchanged_INS_core,HLA-C*07:01,0.5,1,1,0
CHGA_L9G_T17G,MHCflurry,without_flanks,unchanged_INS_core,HLA-C*07:01,1,2,2,0
CHGA_L9G_T17G,MHCflurry,without_flanks,unchanged_INS_core,HLA-C*07:01,2,5,5,0
CHGA_L9G_T17D,NetMHC,without_flanks,unchanged_INS_core,HLA-A*02:01,0.5,2,2,0
CHGA_L9G_T17D,NetMHC,without_flanks,unchanged_INS_core,HLA-A*02:01,1,5,5,0
CHGA_L9G_T17D,NetMHC,without_flanks,unchanged_INS_core,HLA-A*02:01,2,8,8,0
CHGA_L9G_T17D,NetMHC,without_flanks,unchanged_INS_core,HLA-A*24:02,0.5,1,1,0
CHGA_L9G_T17D,NetMHC,without_flanks,unchanged_INS_core,HLA-A*24:02,1,2,2,0
CHGA_L9G_T17D,NetMHC,without_flanks,unchanged_INS_core,HLA-A*24:02,2,2,2,0
CHGA_L9G_T17D,NetMHC,without_flanks,unchanged_INS_core,HLA-A*03:01,0.5,0,0,0
CHGA_L9G_T17D,NetMHC,without_flanks,unchanged_INS_core,HLA-A*03:01,1,1,1,0
CHGA_L9G_T17D,NetMHC,without_flanks,unchanged_INS_core,HLA-A*03:01,2,6,6,0
CHGA_L9G_T17D,NetMHC,without_flanks,unchanged_INS_core,HLA-B*40:01,0.5,3,3,0
CHGA_L9G_T17D,NetMHC,without_flanks,unchanged_INS_core,HLA-B*40:01,1,6,6,0
CHGA_L9G_T17D,NetMHC,without_flanks,unchanged_INS_core,HLA-B*40:01,2,9,9,0
CHGA_L9G_T17D,NetMHC,without_flanks,unchanged_INS_core,HLA-B*49:01,0.5,5,5,0
CHGA_L9G_T17D,NetMHC,without_flanks,unchanged_INS_core,HLA-B*49:01,1,6,6,0
CHGA_L9G_T17D,NetMHC,without_flanks,unchanged_INS_core,HLA-B*49:01,2,9,9,0
CHGA_L9G_T17D,NetMHC,without_flanks,unchanged_INS_core,HLA-C*03:04,0.5,0,0,0
CHGA_L9G_T17D,NetMHC,without_flanks,unchanged_INS_core,HLA-C*03:04,1,2,2,0
CHGA_L9G_T17D,NetMHC,without_flanks,unchanged_INS_core,HLA-C*03:04,2,5,5,0
CHGA_L9G_T17D,NetMHC,without_flanks,unchanged_INS_core,HLA-C*07:01,0.5,0,0,0
CHGA_L9G_T17D,NetMHC,without_flanks,unchanged_INS_core,HLA-C*07:01,1,0,0,0
CHGA_L9G_T17D,NetMHC,without_flanks,unchanged_INS_core,HLA-C*07:01,2,3,3,0
CHGA_L9G_T17D,MHCflurry,without_flanks,unchanged_INS_core,HLA-A*02:01,0.5,1,1,0
CHGA_L9G_T17D,MHCflurry,without_flanks,unchanged_INS_core,HLA-A*02:01,1,2,2,0
CHGA_L9G_T17D,MHCflurry,without_flanks,unchanged_INS_core,HLA-A*02:01,2,4,4,0
CHGA_L9G_T17D,MHCflurry,without_flanks,unchanged_INS_core,HLA-A*24:02,0.5,2,2,0
CHGA_L9G_T17D,MHCflurry,without_flanks,unchanged_INS_core,HLA-A*24:02,1,2,2,0
CHGA_L9G_T17D,MHCflurry,without_flanks,unchanged_INS_core,HLA-A*24:02,2,3,3,0
CHGA_L9G_T17D,MHCflurry,without_flanks,unchanged_INS_core,HLA-A*03:01,0.5,1,1,0
CHGA_L9G_T17D,MHCflurry,without_flanks,unchanged_INS_core,HLA-A*03:01,1,2,2,0
CHGA_L9G_T17D,MHCflurry,without_flanks,unchanged_INS_core,HLA-A*03:01,2,3,3,0
CHGA_L9G_T17D,MHCflurry,without_flanks,unchanged_INS_core,HLA-B*40:01,0.5,3,3,0
CHGA_L9G_T17D,MHCflurry,without_flanks,unchanged_INS_core,HLA-B*40:01,1,5,5,0
CHGA_L9G_T17D,MHCflurry,without_flanks,unchanged_INS_core,HLA-B*40:01,2,8,8,0
CHGA_L9G_T17D,MHCflurry,without_flanks,unchanged_INS_core,HLA-B*49:01,0.5,5,5,0
CHGA_L9G_T17D,MHCflurry,without_flanks,unchanged_INS_core,HLA-B*49:01,1,8,8,0
CHGA_L9G_T17D,MHCflurry,without_flanks,unchanged_INS_core,HLA-B*49:01,2,12,12,0
CHGA_L9G_T17D,MHCflurry,without_flanks,unchanged_INS_core,HLA-C*03:04,0.5,0,0,0
CHGA_L9G_T17D,MHCflurry,without_flanks,unchanged_INS_core,HLA-C*03:04,1,1,1,0
CHGA_L9G_T17D,MHCflurry,without_flanks,unchanged_INS_core,HLA-C*03:04,2,11,11,0
CHGA_L9G_T17D,MHCflurry,without_flanks,unchanged_INS_core,HLA-C*07:01,0.5,1,1,0
CHGA_L9G_T17D,MHCflurry,without_flanks,unchanged_INS_core,HLA-C*07:01,1,2,2,0
CHGA_L9G_T17D,MHCflurry,without_flanks,unchanged_INS_core,HLA-C*07:01,2,5,5,0
CHGA_L9G_T17P,NetMHC,without_flanks,unchanged_INS_core,HLA-A*02:01,0.5,2,2,0
CHGA_L9G_T17P,NetMHC,without_flanks,unchanged_INS_core,HLA-A*02:01,1,5,5,0
CHGA_L9G_T17P,NetMHC,without_flanks,unchanged_INS_core,HLA-A*02:01,2,8,8,0
CHGA_L9G_T17P,NetMHC,without_flanks,unchanged_INS_core,HLA-A*24:02,0.5,1,1,0
CHGA_L9G_T17P,NetMHC,without_flanks,unchanged_INS_core,HLA-A*24:02,1,2,2,0
CHGA_L9G_T17P,NetMHC,without_flanks,unchanged_INS_core,HLA-A*24:02,2,2,2,0
CHGA_L9G_T17P,NetMHC,without_flanks,unchanged_INS_core,HLA-A*03:01,0.5,0,0,0
CHGA_L9G_T17P,NetMHC,without_flanks,unchanged_INS_core,HLA-A*03:01,1,1,1,0
CHGA_L9G_T17P,NetMHC,without_flanks,unchanged_INS_core,HLA-A*03:01,2,6,6,0
CHGA_L9G_T17P,NetMHC,without_flanks,unchanged_INS_core,HLA-B*40:01,0.5,3,3,0
CHGA_L9G_T17P,NetMHC,without_flanks,unchanged_INS_core,HLA-B*40:01,1,6,6,0
CHGA_L9G_T17P,NetMHC,without_flanks,unchanged_INS_core,HLA-B*40:01,2,9,9,0
CHGA_L9G_T17P,NetMHC,without_flanks,unchanged_INS_core,HLA-B*49:01,0.5,5,5,0
CHGA_L9G_T17P,NetMHC,without_flanks,unchanged_INS_core,HLA-B*49:01,1,6,6,0
CHGA_L9G_T17P,NetMHC,without_flanks,unchanged_INS_core,HLA-B*49:01,2,9,9,0
CHGA_L9G_T17P,NetMHC,without_flanks,unchanged_INS_core,HLA-C*03:04,0.5,0,0,0
CHGA_L9G_T17P,NetMHC,without_flanks,unchanged_INS_core,HLA-C*03:04,1,2,2,0
CHGA_L9G_T17P,NetMHC,without_flanks,unchanged_INS_core,HLA-C*03:04,2,5,5,0
CHGA_L9G_T17P,NetMHC,without_flanks,unchanged_INS_core,HLA-C*07:01,0.5,0,0,0
CHGA_L9G_T17P,NetMHC,without_flanks,unchanged_INS_core,HLA-C*07:01,1,0,0,0
CHGA_L9G_T17P,NetMHC,without_flanks,unchanged_INS_core,HLA-C*07:01,2,3,3,0
CHGA_L9G_T17P,MHCflurry,without_flanks,unchanged_INS_core,HLA-A*02:01,0.5,1,1,0
CHGA_L9G_T17P,MHCflurry,without_flanks,unchanged_INS_core,HLA-A*02:01,1,2,2,0
CHGA_L9G_T17P,MHCflurry,without_flanks,unchanged_INS_core,HLA-A*02:01,2,4,4,0
CHGA_L9G_T17P,MHCflurry,without_flanks,unchanged_INS_core,HLA-A*24:02,0.5,2,2,0
CHGA_L9G_T17P,MHCflurry,without_flanks,unchanged_INS_core,HLA-A*24:02,1,2,2,0
CHGA_L9G_T17P,MHCflurry,without_flanks,unchanged_INS_core,HLA-A*24:02,2,3,3,0
CHGA_L9G_T17P,MHCflurry,without_flanks,unchanged_INS_core,HLA-A*03:01,0.5,1,1,0
CHGA_L9G_T17P,MHCflurry,without_flanks,unchanged_INS_core,HLA-A*03:01,1,2,2,0
CHGA_L9G_T17P,MHCflurry,without_flanks,unchanged_INS_core,HLA-A*03:01,2,3,3,0
CHGA_L9G_T17P,MHCflurry,without_flanks,unchanged_INS_core,HLA-B*40:01,0.5,3,3,0
CHGA_L9G_T17P,MHCflurry,without_flanks,unchanged_INS_core,HLA-B*40:01,1,5,5,0
CHGA_L9G_T17P,MHCflurry,without_flanks,unchanged_INS_core,HLA-B*40:01,2,8,8,0
CHGA_L9G_T17P,MHCflurry,without_flanks,unchanged_INS_core,HLA-B*49:01,0.5,5,5,0
CHGA_L9G_T17P,MHCflurry,without_flanks,unchanged_INS_core,HLA-B*49:01,1,8,8,0
CHGA_L9G_T17P,MHCflurry,without_flanks,unchanged_INS_core,HLA-B*49:01,2,12,12,0
CHGA_L9G_T17P,MHCflurry,without_flanks,unchanged_INS_core,HLA-C*03:04,0.5,0,0,0
CHGA_L9G_T17P,MHCflurry,without_flanks,unchanged_INS_core,HLA-C*03:04,1,1,1,0
CHGA_L9G_T17P,MHCflurry,without_flanks,unchanged_INS_core,HLA-C*03:04,2,11,11,0
CHGA_L9G_T17P,MHCflurry,without_flanks,unchanged_INS_core,HLA-C*07:01,0.5,1,1,0
CHGA_L9G_T17P,MHCflurry,without_flanks,unchanged_INS_core,HLA-C*07:01,1,2,2,0
CHGA_L9G_T17P,MHCflurry,without_flanks,unchanged_INS_core,HLA-C*07:01,2,5,5,0
CHGA_baseline,NetMHC,without_flanks,flank_affected,HLA-A*02:01,0.5,0,0,0
CHGA_baseline,NetMHC,without_flanks,flank_affected,HLA-A*02:01,1,0,0,0
CHGA_baseline,NetMHC,without_flanks,flank_affected,HLA-A*02:01,2,4,4,0
CHGA_baseline,NetMHC,without_flanks,flank_affected,HLA-A*24:02,0.5,0,0,0
CHGA_baseline,NetMHC,without_flanks,flank_affected,HLA-A*24:02,1,0,0,0
CHGA_baseline,NetMHC,without_flanks,flank_affected,HLA-A*24:02,2,0,0,0
CHGA_baseline,NetMHC,without_flanks,flank_affected,HLA-A*03:01,0.5,0,0,0
CHGA_baseline,NetMHC,without_flanks,flank_affected,HLA-A*03:01,1,0,0,0
CHGA_baseline,NetMHC,without_flanks,flank_affected,HLA-A*03:01,2,0,0,0
CHGA_baseline,NetMHC,without_flanks,flank_affected,HLA-B*40:01,0.5,0,0,0
CHGA_baseline,NetMHC,without_flanks,flank_affected,HLA-B*40:01,1,0,0,0
CHGA_baseline,NetMHC,without_flanks,flank_affected,HLA-B*40:01,2,1,1,0
CHGA_baseline,NetMHC,without_flanks,flank_affected,HLA-B*49:01,0.5,0,0,0
CHGA_baseline,NetMHC,without_flanks,flank_affected,HLA-B*49:01,1,0,0,0
CHGA_baseline,NetMHC,without_flanks,flank_affected,HLA-B*49:01,2,0,0,0
CHGA_baseline,NetMHC,without_flanks,flank_affected,HLA-C*03:04,0.5,3,3,0
CHGA_baseline,NetMHC,without_flanks,flank_affected,HLA-C*03:04,1,6,6,0
CHGA_baseline,NetMHC,without_flanks,flank_affected,HLA-C*03:04,2,9,9,0
CHGA_baseline,NetMHC,without_flanks,flank_affected,HLA-C*07:01,0.5,1,1,0
CHGA_baseline,NetMHC,without_flanks,flank_affected,HLA-C*07:01,1,2,2,0
CHGA_baseline,NetMHC,without_flanks,flank_affected,HLA-C*07:01,2,5,5,0
CHGA_baseline,MHCflurry,without_flanks,flank_affected,HLA-A*02:01,0.5,0,0,0
CHGA_baseline,MHCflurry,without_flanks,flank_affected,HLA-A*02:01,1,2,2,0
CHGA_baseline,MHCflurry,without_flanks,flank_affected,HLA-A*02:01,2,6,6,0
CHGA_baseline,MHCflurry,without_flanks,flank_affected,HLA-A*24:02,0.5,0,0,0
CHGA_baseline,MHCflurry,without_flanks,flank_affected,HLA-A*24:02,1,0,0,0
CHGA_baseline,MHCflurry,without_flanks,flank_affected,HLA-A*24:02,2,0,0,0
CHGA_baseline,MHCflurry,without_flanks,flank_affected,HLA-A*03:01,0.5,0,0,0
CHGA_baseline,MHCflurry,without_flanks,flank_affected,HLA-A*03:01,1,0,0,0
CHGA_baseline,MHCflurry,without_flanks,flank_affected,HLA-A*03:01,2,0,0,0
CHGA_baseline,MHCflurry,without_flanks,flank_affected,HLA-B*40:01,0.5,0,0,0
CHGA_baseline,MHCflurry,without_flanks,flank_affected,HLA-B*40:01,1,0,0,0
CHGA_baseline,MHCflurry,without_flanks,flank_affected,HLA-B*40:01,2,0,0,0
CHGA_baseline,MHCflurry,without_flanks,flank_affected,HLA-B*49:01,0.5,0,0,0
CHGA_baseline,MHCflurry,without_flanks,flank_affected,HLA-B*49:01,1,0,0,0
CHGA_baseline,MHCflurry,without_flanks,flank_affected,HLA-B*49:01,2,0,0,0
CHGA_baseline,MHCflurry,without_flanks,flank_affected,HLA-C*03:04,0.5,3,3,0
CHGA_baseline,MHCflurry,without_flanks,flank_affected,HLA-C*03:04,1,7,7,0
CHGA_baseline,MHCflurry,without_flanks,flank_affected,HLA-C*03:04,2,11,11,0
CHGA_baseline,MHCflurry,without_flanks,flank_affected,HLA-C*07:01,0.5,1,1,0
CHGA_baseline,MHCflurry,without_flanks,flank_affected,HLA-C*07:01,1,3,3,0
CHGA_baseline,MHCflurry,without_flanks,flank_affected,HLA-C*07:01,2,5,5,0
CHGA_L9C,NetMHC,without_flanks,flank_affected,HLA-A*02:01,0.5,0,0,0
CHGA_L9C,NetMHC,without_flanks,flank_affected,HLA-A*02:01,1,0,0,0
CHGA_L9C,NetMHC,without_flanks,flank_affected,HLA-A*02:01,2,4,1,-3
CHGA_L9C,NetMHC,without_flanks,flank_affected,HLA-A*24:02,0.5,0,0,0
CHGA_L9C,NetMHC,without_flanks,flank_affected,HLA-A*24:02,1,0,0,0
CHGA_L9C,NetMHC,without_flanks,flank_affected,HLA-A*24:02,2,0,0,0
CHGA_L9C,NetMHC,without_flanks,flank_affected,HLA-A*03:01,0.5,0,0,0
CHGA_L9C,NetMHC,without_flanks,flank_affected,HLA-A*03:01,1,0,0,0
CHGA_L9C,NetMHC,without_flanks,flank_affected,HLA-A*03:01,2,0,0,0
CHGA_L9C,NetMHC,without_flanks,flank_affected,HLA-B*40:01,0.5,0,0,0
CHGA_L9C,NetMHC,without_flanks,flank_affected,HLA-B*40:01,1,0,0,0
CHGA_L9C,NetMHC,without_flanks,flank_affected,HLA-B*40:01,2,1,1,0
CHGA_L9C,NetMHC,without_flanks,flank_affected,HLA-B*49:01,0.5,0,0,0
CHGA_L9C,NetMHC,without_flanks,flank_affected,HLA-B*49:01,1,0,0,0
CHGA_L9C,NetMHC,without_flanks,flank_affected,HLA-B*49:01,2,0,0,0
CHGA_L9C,NetMHC,without_flanks,flank_affected,HLA-C*03:04,0.5,3,2,-1
CHGA_L9C,NetMHC,without_flanks,flank_affected,HLA-C*03:04,1,6,3,-3
CHGA_L9C,NetMHC,without_flanks,flank_affected,HLA-C*03:04,2,9,7,-2
CHGA_L9C,NetMHC,without_flanks,flank_affected,HLA-C*07:01,0.5,1,0,-1
CHGA_L9C,NetMHC,without_flanks,flank_affected,HLA-C*07:01,1,2,0,-2
CHGA_L9C,NetMHC,without_flanks,flank_affected,HLA-C*07:01,2,5,4,-1
CHGA_L9C,MHCflurry,without_flanks,flank_affected,HLA-A*02:01,0.5,0,0,0
CHGA_L9C,MHCflurry,without_flanks,flank_affected,HLA-A*02:01,1,2,1,-1
CHGA_L9C,MHCflurry,without_flanks,flank_affected,HLA-A*02:01,2,6,3,-3
CHGA_L9C,MHCflurry,without_flanks,flank_affected,HLA-A*24:02,0.5,0,0,0
CHGA_L9C,MHCflurry,without_flanks,flank_affected,HLA-A*24:02,1,0,0,0
CHGA_L9C,MHCflurry,without_flanks,flank_affected,HLA-A*24:02,2,0,0,0
CHGA_L9C,MHCflurry,without_flanks,flank_affected,HLA-A*03:01,0.5,0,0,0
CHGA_L9C,MHCflurry,without_flanks,flank_affected,HLA-A*03:01,1,0,0,0
CHGA_L9C,MHCflurry,without_flanks,flank_affected,HLA-A*03:01,2,0,0,0
CHGA_L9C,MHCflurry,without_flanks,flank_affected,HLA-B*40:01,0.5,0,0,0
CHGA_L9C,MHCflurry,without_flanks,flank_affected,HLA-B*40:01,1,0,0,0
CHGA_L9C,MHCflurry,without_flanks,flank_affected,HLA-B*40:01,2,0,0,0
CHGA_L9C,MHCflurry,without_flanks,flank_affected,HLA-B*49:01,0.5,0,0,0
CHGA_L9C,MHCflurry,without_flanks,flank_affected,HLA-B*49:01,1,0,0,0
CHGA_L9C,MHCflurry,without_flanks,flank_affected,HLA-B*49:01,2,0,0,0
CHGA_L9C,MHCflurry,without_flanks,flank_affected,HLA-C*03:04,0.5,3,2,-1
CHGA_L9C,MHCflurry,without_flanks,flank_affected,HLA-C*03:04,1,7,5,-2
CHGA_L9C,MHCflurry,without_flanks,flank_affected,HLA-C*03:04,2,11,9,-2
CHGA_L9C,MHCflurry,without_flanks,flank_affected,HLA-C*07:01,0.5,1,0,-1
CHGA_L9C,MHCflurry,without_flanks,flank_affected,HLA-C*07:01,1,3,1,-2
CHGA_L9C,MHCflurry,without_flanks,flank_affected,HLA-C*07:01,2,5,4,-1
CHGA_L9G,NetMHC,without_flanks,flank_affected,HLA-A*02:01,0.5,0,0,0
CHGA_L9G,NetMHC,without_flanks,flank_affected,HLA-A*02:01,1,0,0,0
CHGA_L9G,NetMHC,without_flanks,flank_affected,HLA-A*02:01,2,4,4,0
CHGA_L9G,NetMHC,without_flanks,flank_affected,HLA-A*24:02,0.5,0,0,0
CHGA_L9G,NetMHC,without_flanks,flank_affected,HLA-A*24:02,1,0,0,0
CHGA_L9G,NetMHC,without_flanks,flank_affected,HLA-A*24:02,2,0,0,0
CHGA_L9G,NetMHC,without_flanks,flank_affected,HLA-A*03:01,0.5,0,0,0
CHGA_L9G,NetMHC,without_flanks,flank_affected,HLA-A*03:01,1,0,0,0
CHGA_L9G,NetMHC,without_flanks,flank_affected,HLA-A*03:01,2,0,0,0
CHGA_L9G,NetMHC,without_flanks,flank_affected,HLA-B*40:01,0.5,0,0,0
CHGA_L9G,NetMHC,without_flanks,flank_affected,HLA-B*40:01,1,0,0,0
CHGA_L9G,NetMHC,without_flanks,flank_affected,HLA-B*40:01,2,1,1,0
CHGA_L9G,NetMHC,without_flanks,flank_affected,HLA-B*49:01,0.5,0,0,0
CHGA_L9G,NetMHC,without_flanks,flank_affected,HLA-B*49:01,1,0,0,0
CHGA_L9G,NetMHC,without_flanks,flank_affected,HLA-B*49:01,2,0,0,0
CHGA_L9G,NetMHC,without_flanks,flank_affected,HLA-C*03:04,0.5,3,2,-1
CHGA_L9G,NetMHC,without_flanks,flank_affected,HLA-C*03:04,1,6,4,-2
CHGA_L9G,NetMHC,without_flanks,flank_affected,HLA-C*03:04,2,9,8,-1
CHGA_L9G,NetMHC,without_flanks,flank_affected,HLA-C*07:01,0.5,1,0,-1
CHGA_L9G,NetMHC,without_flanks,flank_affected,HLA-C*07:01,1,2,0,-2
CHGA_L9G,NetMHC,without_flanks,flank_affected,HLA-C*07:01,2,5,3,-2
CHGA_L9G,MHCflurry,without_flanks,flank_affected,HLA-A*02:01,0.5,0,0,0
CHGA_L9G,MHCflurry,without_flanks,flank_affected,HLA-A*02:01,1,2,2,0
CHGA_L9G,MHCflurry,without_flanks,flank_affected,HLA-A*02:01,2,6,6,0
CHGA_L9G,MHCflurry,without_flanks,flank_affected,HLA-A*24:02,0.5,0,0,0
CHGA_L9G,MHCflurry,without_flanks,flank_affected,HLA-A*24:02,1,0,0,0
CHGA_L9G,MHCflurry,without_flanks,flank_affected,HLA-A*24:02,2,0,0,0
CHGA_L9G,MHCflurry,without_flanks,flank_affected,HLA-A*03:01,0.5,0,0,0
CHGA_L9G,MHCflurry,without_flanks,flank_affected,HLA-A*03:01,1,0,0,0
CHGA_L9G,MHCflurry,without_flanks,flank_affected,HLA-A*03:01,2,0,0,0
CHGA_L9G,MHCflurry,without_flanks,flank_affected,HLA-B*40:01,0.5,0,0,0
CHGA_L9G,MHCflurry,without_flanks,flank_affected,HLA-B*40:01,1,0,0,0
CHGA_L9G,MHCflurry,without_flanks,flank_affected,HLA-B*40:01,2,0,0,0
CHGA_L9G,MHCflurry,without_flanks,flank_affected,HLA-B*49:01,0.5,0,0,0
CHGA_L9G,MHCflurry,without_flanks,flank_affected,HLA-B*49:01,1,0,0,0
CHGA_L9G,MHCflurry,without_flanks,flank_affected,HLA-B*49:01,2,0,0,0
CHGA_L9G,MHCflurry,without_flanks,flank_affected,HLA-C*03:04,0.5,3,2,-1
CHGA_L9G,MHCflurry,without_flanks,flank_affected,HLA-C*03:04,1,7,4,-3
CHGA_L9G,MHCflurry,without_flanks,flank_affected,HLA-C*03:04,2,11,9,-2
CHGA_L9G,MHCflurry,without_flanks,flank_affected,HLA-C*07:01,0.5,1,0,-1
CHGA_L9G,MHCflurry,without_flanks,flank_affected,HLA-C*07:01,1,3,1,-2
CHGA_L9G,MHCflurry,without_flanks,flank_affected,HLA-C*07:01,2,5,3,-2
CHGA_T17C,NetMHC,without_flanks,flank_affected,HLA-A*02:01,0.5,0,0,0
CHGA_T17C,NetMHC,without_flanks,flank_affected,HLA-A*02:01,1,0,0,0
CHGA_T17C,NetMHC,without_flanks,flank_affected,HLA-A*02:01,2,4,1,-3
CHGA_T17C,NetMHC,without_flanks,flank_affected,HLA-A*24:02,0.5,0,0,0
CHGA_T17C,NetMHC,without_flanks,flank_affected,HLA-A*24:02,1,0,0,0
CHGA_T17C,NetMHC,without_flanks,flank_affected,HLA-A*24:02,2,0,0,0
CHGA_T17C,NetMHC,without_flanks,flank_affected,HLA-A*03:01,0.5,0,0,0
CHGA_T17C,NetMHC,without_flanks,flank_affected,HLA-A*03:01,1,0,0,0
CHGA_T17C,NetMHC,without_flanks,flank_affected,HLA-A*03:01,2,0,0,0
CHGA_T17C,NetMHC,without_flanks,flank_affected,HLA-B*40:01,0.5,0,0,0
CHGA_T17C,NetMHC,without_flanks,flank_affected,HLA-B*40:01,1,0,0,0
CHGA_T17C,NetMHC,without_flanks,flank_affected,HLA-B*40:01,2,1,1,0
CHGA_T17C,NetMHC,without_flanks,flank_affected,HLA-B*49:01,0.5,0,0,0
CHGA_T17C,NetMHC,without_flanks,flank_affected,HLA-B*49:01,1,0,0,0
CHGA_T17C,NetMHC,without_flanks,flank_affected,HLA-B*49:01,2,0,0,0
CHGA_T17C,NetMHC,without_flanks,flank_affected,HLA-C*03:04,0.5,3,1,-2
CHGA_T17C,NetMHC,without_flanks,flank_affected,HLA-C*03:04,1,6,5,-1
CHGA_T17C,NetMHC,without_flanks,flank_affected,HLA-C*03:04,2,9,8,-1
CHGA_T17C,NetMHC,without_flanks,flank_affected,HLA-C*07:01,0.5,1,1,0
CHGA_T17C,NetMHC,without_flanks,flank_affected,HLA-C*07:01,1,2,2,0
CHGA_T17C,NetMHC,without_flanks,flank_affected,HLA-C*07:01,2,5,4,-1
CHGA_T17C,MHCflurry,without_flanks,flank_affected,HLA-A*02:01,0.5,0,0,0
CHGA_T17C,MHCflurry,without_flanks,flank_affected,HLA-A*02:01,1,2,1,-1
CHGA_T17C,MHCflurry,without_flanks,flank_affected,HLA-A*02:01,2,6,5,-1
CHGA_T17C,MHCflurry,without_flanks,flank_affected,HLA-A*24:02,0.5,0,0,0
CHGA_T17C,MHCflurry,without_flanks,flank_affected,HLA-A*24:02,1,0,0,0
CHGA_T17C,MHCflurry,without_flanks,flank_affected,HLA-A*24:02,2,0,0,0
CHGA_T17C,MHCflurry,without_flanks,flank_affected,HLA-A*03:01,0.5,0,0,0
CHGA_T17C,MHCflurry,without_flanks,flank_affected,HLA-A*03:01,1,0,0,0
CHGA_T17C,MHCflurry,without_flanks,flank_affected,HLA-A*03:01,2,0,0,0
CHGA_T17C,MHCflurry,without_flanks,flank_affected,HLA-B*40:01,0.5,0,0,0
CHGA_T17C,MHCflurry,without_flanks,flank_affected,HLA-B*40:01,1,0,0,0
CHGA_T17C,MHCflurry,without_flanks,flank_affected,HLA-B*40:01,2,0,0,0
CHGA_T17C,MHCflurry,without_flanks,flank_affected,HLA-B*49:01,0.5,0,0,0
CHGA_T17C,MHCflurry,without_flanks,flank_affected,HLA-B*49:01,1,0,0,0
CHGA_T17C,MHCflurry,without_flanks,flank_affected,HLA-B*49:01,2,0,0,0
CHGA_T17C,MHCflurry,without_flanks,flank_affected,HLA-C*03:04,0.5,3,2,-1
CHGA_T17C,MHCflurry,without_flanks,flank_affected,HLA-C*03:04,1,7,6,-1
CHGA_T17C,MHCflurry,without_flanks,flank_affected,HLA-C*03:04,2,11,9,-2
CHGA_T17C,MHCflurry,without_flanks,flank_affected,HLA-C*07:01,0.5,1,1,0
CHGA_T17C,MHCflurry,without_flanks,flank_affected,HLA-C*07:01,1,3,3,0
CHGA_T17C,MHCflurry,without_flanks,flank_affected,HLA-C*07:01,2,5,5,0
CHGA_T17G,NetMHC,without_flanks,flank_affected,HLA-A*02:01,0.5,0,0,0
CHGA_T17G,NetMHC,without_flanks,flank_affected,HLA-A*02:01,1,0,0,0
CHGA_T17G,NetMHC,without_flanks,flank_affected,HLA-A*02:01,2,4,1,-3
CHGA_T17G,NetMHC,without_flanks,flank_affected,HLA-A*24:02,0.5,0,0,0
CHGA_T17G,NetMHC,without_flanks,flank_affected,HLA-A*24:02,1,0,0,0
CHGA_T17G,NetMHC,without_flanks,flank_affected,HLA-A*24:02,2,0,0,0
CHGA_T17G,NetMHC,without_flanks,flank_affected,HLA-A*03:01,0.5,0,0,0
CHGA_T17G,NetMHC,without_flanks,flank_affected,HLA-A*03:01,1,0,0,0
CHGA_T17G,NetMHC,without_flanks,flank_affected,HLA-A*03:01,2,0,0,0
CHGA_T17G,NetMHC,without_flanks,flank_affected,HLA-B*40:01,0.5,0,0,0
CHGA_T17G,NetMHC,without_flanks,flank_affected,HLA-B*40:01,1,0,0,0
CHGA_T17G,NetMHC,without_flanks,flank_affected,HLA-B*40:01,2,1,1,0
CHGA_T17G,NetMHC,without_flanks,flank_affected,HLA-B*49:01,0.5,0,0,0
CHGA_T17G,NetMHC,without_flanks,flank_affected,HLA-B*49:01,1,0,0,0
CHGA_T17G,NetMHC,without_flanks,flank_affected,HLA-B*49:01,2,0,0,0
CHGA_T17G,NetMHC,without_flanks,flank_affected,HLA-C*03:04,0.5,3,1,-2
CHGA_T17G,NetMHC,without_flanks,flank_affected,HLA-C*03:04,1,6,6,0
CHGA_T17G,NetMHC,without_flanks,flank_affected,HLA-C*03:04,2,9,8,-1
CHGA_T17G,NetMHC,without_flanks,flank_affected,HLA-C*07:01,0.5,1,1,0
CHGA_T17G,NetMHC,without_flanks,flank_affected,HLA-C*07:01,1,2,2,0
CHGA_T17G,NetMHC,without_flanks,flank_affected,HLA-C*07:01,2,5,4,-1
CHGA_T17G,MHCflurry,without_flanks,flank_affected,HLA-A*02:01,0.5,0,0,0
CHGA_T17G,MHCflurry,without_flanks,flank_affected,HLA-A*02:01,1,2,2,0
CHGA_T17G,MHCflurry,without_flanks,flank_affected,HLA-A*02:01,2,6,6,0
CHGA_T17G,MHCflurry,without_flanks,flank_affected,HLA-A*24:02,0.5,0,0,0
CHGA_T17G,MHCflurry,without_flanks,flank_affected,HLA-A*24:02,1,0,0,0
CHGA_T17G,MHCflurry,without_flanks,flank_affected,HLA-A*24:02,2,0,0,0
CHGA_T17G,MHCflurry,without_flanks,flank_affected,HLA-A*03:01,0.5,0,0,0
CHGA_T17G,MHCflurry,without_flanks,flank_affected,HLA-A*03:01,1,0,0,0
CHGA_T17G,MHCflurry,without_flanks,flank_affected,HLA-A*03:01,2,0,0,0
CHGA_T17G,MHCflurry,without_flanks,flank_affected,HLA-B*40:01,0.5,0,0,0
CHGA_T17G,MHCflurry,without_flanks,flank_affected,HLA-B*40:01,1,0,0,0
CHGA_T17G,MHCflurry,without_flanks,flank_affected,HLA-B*40:01,2,0,0,0
CHGA_T17G,MHCflurry,without_flanks,flank_affected,HLA-B*49:01,0.5,0,0,0
CHGA_T17G,MHCflurry,without_flanks,flank_affected,HLA-B*49:01,1,0,0,0
CHGA_T17G,MHCflurry,without_flanks,flank_affected,HLA-B*49:01,2,0,1,1
CHGA_T17G,MHCflurry,without_flanks,flank_affected,HLA-C*03:04,0.5,3,1,-2
CHGA_T17G,MHCflurry,without_flanks,flank_affected,HLA-C*03:04,1,7,7,0
CHGA_T17G,MHCflurry,without_flanks,flank_affected,HLA-C*03:04,2,11,9,-2
CHGA_T17G,MHCflurry,without_flanks,flank_affected,HLA-C*07:01,0.5,1,1,0
CHGA_T17G,MHCflurry,without_flanks,flank_affected,HLA-C*07:01,1,3,3,0
CHGA_T17G,MHCflurry,without_flanks,flank_affected,HLA-C*07:01,2,5,6,1
CHGA_L9C_T17C,NetMHC,without_flanks,flank_affected,HLA-A*02:01,0.5,0,0,0
CHGA_L9C_T17C,NetMHC,without_flanks,flank_affected,HLA-A*02:01,1,0,0,0
CHGA_L9C_T17C,NetMHC,without_flanks,flank_affected,HLA-A*02:01,2,4,0,-4
CHGA_L9C_T17C,NetMHC,without_flanks,flank_affected,HLA-A*24:02,0.5,0,0,0
CHGA_L9C_T17C,NetMHC,without_flanks,flank_affected,HLA-A*24:02,1,0,0,0
CHGA_L9C_T17C,NetMHC,without_flanks,flank_affected,HLA-A*24:02,2,0,0,0
CHGA_L9C_T17C,NetMHC,without_flanks,flank_affected,HLA-A*03:01,0.5,0,0,0
CHGA_L9C_T17C,NetMHC,without_flanks,flank_affected,HLA-A*03:01,1,0,0,0
CHGA_L9C_T17C,NetMHC,without_flanks,flank_affected,HLA-A*03:01,2,0,0,0
CHGA_L9C_T17C,NetMHC,without_flanks,flank_affected,HLA-B*40:01,0.5,0,0,0
CHGA_L9C_T17C,NetMHC,without_flanks,flank_affected,HLA-B*40:01,1,0,0,0
CHGA_L9C_T17C,NetMHC,without_flanks,flank_affected,HLA-B*40:01,2,1,1,0
CHGA_L9C_T17C,NetMHC,without_flanks,flank_affected,HLA-B*49:01,0.5,0,0,0
CHGA_L9C_T17C,NetMHC,without_flanks,flank_affected,HLA-B*49:01,1,0,0,0
CHGA_L9C_T17C,NetMHC,without_flanks,flank_affected,HLA-B*49:01,2,0,0,0
CHGA_L9C_T17C,NetMHC,without_flanks,flank_affected,HLA-C*03:04,0.5,3,0,-3
CHGA_L9C_T17C,NetMHC,without_flanks,flank_affected,HLA-C*03:04,1,6,2,-4
CHGA_L9C_T17C,NetMHC,without_flanks,flank_affected,HLA-C*03:04,2,9,6,-3
CHGA_L9C_T17C,NetMHC,without_flanks,flank_affected,HLA-C*07:01,0.5,1,0,-1
CHGA_L9C_T17C,NetMHC,without_flanks,flank_affected,HLA-C*07:01,1,2,0,-2
CHGA_L9C_T17C,NetMHC,without_flanks,flank_affected,HLA-C*07:01,2,5,3,-2
CHGA_L9C_T17C,MHCflurry,without_flanks,flank_affected,HLA-A*02:01,0.5,0,0,0
CHGA_L9C_T17C,MHCflurry,without_flanks,flank_affected,HLA-A*02:01,1,2,0,-2
CHGA_L9C_T17C,MHCflurry,without_flanks,flank_affected,HLA-A*02:01,2,6,2,-4
CHGA_L9C_T17C,MHCflurry,without_flanks,flank_affected,HLA-A*24:02,0.5,0,0,0
CHGA_L9C_T17C,MHCflurry,without_flanks,flank_affected,HLA-A*24:02,1,0,0,0
CHGA_L9C_T17C,MHCflurry,without_flanks,flank_affected,HLA-A*24:02,2,0,0,0
CHGA_L9C_T17C,MHCflurry,without_flanks,flank_affected,HLA-A*03:01,0.5,0,0,0
CHGA_L9C_T17C,MHCflurry,without_flanks,flank_affected,HLA-A*03:01,1,0,0,0
CHGA_L9C_T17C,MHCflurry,without_flanks,flank_affected,HLA-A*03:01,2,0,0,0
CHGA_L9C_T17C,MHCflurry,without_flanks,flank_affected,HLA-B*40:01,0.5,0,0,0
CHGA_L9C_T17C,MHCflurry,without_flanks,flank_affected,HLA-B*40:01,1,0,0,0
CHGA_L9C_T17C,MHCflurry,without_flanks,flank_affected,HLA-B*40:01,2,0,0,0
CHGA_L9C_T17C,MHCflurry,without_flanks,flank_affected,HLA-B*49:01,0.5,0,0,0
CHGA_L9C_T17C,MHCflurry,without_flanks,flank_affected,HLA-B*49:01,1,0,0,0
CHGA_L9C_T17C,MHCflurry,without_flanks,flank_affected,HLA-B*49:01,2,0,0,0
CHGA_L9C_T17C,MHCflurry,without_flanks,flank_affected,HLA-C*03:04,0.5,3,1,-2
CHGA_L9C_T17C,MHCflurry,without_flanks,flank_affected,HLA-C*03:04,1,7,4,-3
CHGA_L9C_T17C,MHCflurry,without_flanks,flank_affected,HLA-C*03:04,2,11,7,-4
CHGA_L9C_T17C,MHCflurry,without_flanks,flank_affected,HLA-C*07:01,0.5,1,0,-1
CHGA_L9C_T17C,MHCflurry,without_flanks,flank_affected,HLA-C*07:01,1,3,1,-2
CHGA_L9C_T17C,MHCflurry,without_flanks,flank_affected,HLA-C*07:01,2,5,4,-1
CHGA_L9C_T17G,NetMHC,without_flanks,flank_affected,HLA-A*02:01,0.5,0,0,0
CHGA_L9C_T17G,NetMHC,without_flanks,flank_affected,HLA-A*02:01,1,0,0,0
CHGA_L9C_T17G,NetMHC,without_flanks,flank_affected,HLA-A*02:01,2,4,0,-4
CHGA_L9C_T17G,NetMHC,without_flanks,flank_affected,HLA-A*24:02,0.5,0,0,0
CHGA_L9C_T17G,NetMHC,without_flanks,flank_affected,HLA-A*24:02,1,0,0,0
CHGA_L9C_T17G,NetMHC,without_flanks,flank_affected,HLA-A*24:02,2,0,0,0
CHGA_L9C_T17G,NetMHC,without_flanks,flank_affected,HLA-A*03:01,0.5,0,0,0
CHGA_L9C_T17G,NetMHC,without_flanks,flank_affected,HLA-A*03:01,1,0,0,0
CHGA_L9C_T17G,NetMHC,without_flanks,flank_affected,HLA-A*03:01,2,0,0,0
CHGA_L9C_T17G,NetMHC,without_flanks,flank_affected,HLA-B*40:01,0.5,0,0,0
CHGA_L9C_T17G,NetMHC,without_flanks,flank_affected,HLA-B*40:01,1,0,0,0
CHGA_L9C_T17G,NetMHC,without_flanks,flank_affected,HLA-B*40:01,2,1,1,0
CHGA_L9C_T17G,NetMHC,without_flanks,flank_affected,HLA-B*49:01,0.5,0,0,0
CHGA_L9C_T17G,NetMHC,without_flanks,flank_affected,HLA-B*49:01,1,0,0,0
CHGA_L9C_T17G,NetMHC,without_flanks,flank_affected,HLA-B*49:01,2,0,0,0
CHGA_L9C_T17G,NetMHC,without_flanks,flank_affected,HLA-C*03:04,0.5,3,0,-3
CHGA_L9C_T17G,NetMHC,without_flanks,flank_affected,HLA-C*03:04,1,6,3,-3
CHGA_L9C_T17G,NetMHC,without_flanks,flank_affected,HLA-C*03:04,2,9,6,-3
CHGA_L9C_T17G,NetMHC,without_flanks,flank_affected,HLA-C*07:01,0.5,1,0,-1
CHGA_L9C_T17G,NetMHC,without_flanks,flank_affected,HLA-C*07:01,1,2,0,-2
CHGA_L9C_T17G,NetMHC,without_flanks,flank_affected,HLA-C*07:01,2,5,3,-2
CHGA_L9C_T17G,MHCflurry,without_flanks,flank_affected,HLA-A*02:01,0.5,0,0,0
CHGA_L9C_T17G,MHCflurry,without_flanks,flank_affected,HLA-A*02:01,1,2,1,-1
CHGA_L9C_T17G,MHCflurry,without_flanks,flank_affected,HLA-A*02:01,2,6,3,-3
CHGA_L9C_T17G,MHCflurry,without_flanks,flank_affected,HLA-A*24:02,0.5,0,0,0
CHGA_L9C_T17G,MHCflurry,without_flanks,flank_affected,HLA-A*24:02,1,0,0,0
CHGA_L9C_T17G,MHCflurry,without_flanks,flank_affected,HLA-A*24:02,2,0,0,0
CHGA_L9C_T17G,MHCflurry,without_flanks,flank_affected,HLA-A*03:01,0.5,0,0,0
CHGA_L9C_T17G,MHCflurry,without_flanks,flank_affected,HLA-A*03:01,1,0,0,0
CHGA_L9C_T17G,MHCflurry,without_flanks,flank_affected,HLA-A*03:01,2,0,0,0
CHGA_L9C_T17G,MHCflurry,without_flanks,flank_affected,HLA-B*40:01,0.5,0,0,0
CHGA_L9C_T17G,MHCflurry,without_flanks,flank_affected,HLA-B*40:01,1,0,0,0
CHGA_L9C_T17G,MHCflurry,without_flanks,flank_affected,HLA-B*40:01,2,0,0,0
CHGA_L9C_T17G,MHCflurry,without_flanks,flank_affected,HLA-B*49:01,0.5,0,0,0
CHGA_L9C_T17G,MHCflurry,without_flanks,flank_affected,HLA-B*49:01,1,0,0,0
CHGA_L9C_T17G,MHCflurry,without_flanks,flank_affected,HLA-B*49:01,2,0,1,1
CHGA_L9C_T17G,MHCflurry,without_flanks,flank_affected,HLA-C*03:04,0.5,3,0,-3
CHGA_L9C_T17G,MHCflurry,without_flanks,flank_affected,HLA-C*03:04,1,7,5,-2
CHGA_L9C_T17G,MHCflurry,without_flanks,flank_affected,HLA-C*03:04,2,11,7,-4
CHGA_L9C_T17G,MHCflurry,without_flanks,flank_affected,HLA-C*07:01,0.5,1,0,-1
CHGA_L9C_T17G,MHCflurry,without_flanks,flank_affected,HLA-C*07:01,1,3,1,-2
CHGA_L9C_T17G,MHCflurry,without_flanks,flank_affected,HLA-C*07:01,2,5,5,0
CHGA_L9C_T17D,NetMHC,without_flanks,flank_affected,HLA-A*02:01,0.5,0,0,0
CHGA_L9C_T17D,NetMHC,without_flanks,flank_affected,HLA-A*02:01,1,0,0,0
CHGA_L9C_T17D,NetMHC,without_flanks,flank_affected,HLA-A*02:01,2,4,1,-3
CHGA_L9C_T17D,NetMHC,without_flanks,flank_affected,HLA-A*24:02,0.5,0,0,0
CHGA_L9C_T17D,NetMHC,without_flanks,flank_affected,HLA-A*24:02,1,0,0,0
CHGA_L9C_T17D,NetMHC,without_flanks,flank_affected,HLA-A*24:02,2,0,0,0
CHGA_L9C_T17D,NetMHC,without_flanks,flank_affected,HLA-A*03:01,0.5,0,0,0
CHGA_L9C_T17D,NetMHC,without_flanks,flank_affected,HLA-A*03:01,1,0,0,0
CHGA_L9C_T17D,NetMHC,without_flanks,flank_affected,HLA-A*03:01,2,0,0,0
CHGA_L9C_T17D,NetMHC,without_flanks,flank_affected,HLA-B*40:01,0.5,0,0,0
CHGA_L9C_T17D,NetMHC,without_flanks,flank_affected,HLA-B*40:01,1,0,0,0
CHGA_L9C_T17D,NetMHC,without_flanks,flank_affected,HLA-B*40:01,2,1,3,2
CHGA_L9C_T17D,NetMHC,without_flanks,flank_affected,HLA-B*49:01,0.5,0,0,0
CHGA_L9C_T17D,NetMHC,without_flanks,flank_affected,HLA-B*49:01,1,0,0,0
CHGA_L9C_T17D,NetMHC,without_flanks,flank_affected,HLA-B*49:01,2,0,1,1
CHGA_L9C_T17D,NetMHC,without_flanks,flank_affected,HLA-C*03:04,0.5,3,0,-3
CHGA_L9C_T17D,NetMHC,without_flanks,flank_affected,HLA-C*03:04,1,6,1,-5
CHGA_L9C_T17D,NetMHC,without_flanks,flank_affected,HLA-C*03:04,2,9,4,-5
CHGA_L9C_T17D,NetMHC,without_flanks,flank_affected,HLA-C*07:01,0.5,1,0,-1
CHGA_L9C_T17D,NetMHC,without_flanks,flank_affected,HLA-C*07:01,1,2,0,-2
CHGA_L9C_T17D,NetMHC,without_flanks,flank_affected,HLA-C*07:01,2,5,3,-2
CHGA_L9C_T17D,MHCflurry,without_flanks,flank_affected,HLA-A*02:01,0.5,0,0,0
CHGA_L9C_T17D,MHCflurry,without_flanks,flank_affected,HLA-A*02:01,1,2,1,-1
CHGA_L9C_T17D,MHCflurry,without_flanks,flank_affected,HLA-A*02:01,2,6,2,-4
CHGA_L9C_T17D,MHCflurry,without_flanks,flank_affected,HLA-A*24:02,0.5,0,0,0
CHGA_L9C_T17D,MHCflurry,without_flanks,flank_affected,HLA-A*24:02,1,0,0,0
CHGA_L9C_T17D,MHCflurry,without_flanks,flank_affected,HLA-A*24:02,2,0,0,0
CHGA_L9C_T17D,MHCflurry,without_flanks,flank_affected,HLA-A*03:01,0.5,0,0,0
CHGA_L9C_T17D,MHCflurry,without_flanks,flank_affected,HLA-A*03:01,1,0,0,0
CHGA_L9C_T17D,MHCflurry,without_flanks,flank_affected,HLA-A*03:01,2,0,0,0
CHGA_L9C_T17D,MHCflurry,without_flanks,flank_affected,HLA-B*40:01,0.5,0,0,0
CHGA_L9C_T17D,MHCflurry,without_flanks,flank_affected,HLA-B*40:01,1,0,0,0
CHGA_L9C_T17D,MHCflurry,without_flanks,flank_affected,HLA-B*40:01,2,0,0,0
CHGA_L9C_T17D,MHCflurry,without_flanks,flank_affected,HLA-B*49:01,0.5,0,0,0
CHGA_L9C_T17D,MHCflurry,without_flanks,flank_affected,HLA-B*49:01,1,0,0,0
CHGA_L9C_T17D,MHCflurry,without_flanks,flank_affected,HLA-B*49:01,2,0,2,2
CHGA_L9C_T17D,MHCflurry,without_flanks,flank_affected,HLA-C*03:04,0.5,3,1,-2
CHGA_L9C_T17D,MHCflurry,without_flanks,flank_affected,HLA-C*03:04,1,7,4,-3
CHGA_L9C_T17D,MHCflurry,without_flanks,flank_affected,HLA-C*03:04,2,11,7,-4
CHGA_L9C_T17D,MHCflurry,without_flanks,flank_affected,HLA-C*07:01,0.5,1,0,-1
CHGA_L9C_T17D,MHCflurry,without_flanks,flank_affected,HLA-C*07:01,1,3,1,-2
CHGA_L9C_T17D,MHCflurry,without_flanks,flank_affected,HLA-C*07:01,2,5,5,0
CHGA_L9C_T17P,NetMHC,without_flanks,flank_affected,HLA-A*02:01,0.5,0,0,0
CHGA_L9C_T17P,NetMHC,without_flanks,flank_affected,HLA-A*02:01,1,0,0,0
CHGA_L9C_T17P,NetMHC,without_flanks,flank_affected,HLA-A*02:01,2,4,0,-4
CHGA_L9C_T17P,NetMHC,without_flanks,flank_affected,HLA-A*24:02,0.5,0,0,0
CHGA_L9C_T17P,NetMHC,without_flanks,flank_affected,HLA-A*24:02,1,0,0,0
CHGA_L9C_T17P,NetMHC,without_flanks,flank_affected,HLA-A*24:02,2,0,0,0
CHGA_L9C_T17P,NetMHC,without_flanks,flank_affected,HLA-A*03:01,0.5,0,0,0
CHGA_L9C_T17P,NetMHC,without_flanks,flank_affected,HLA-A*03:01,1,0,0,0
CHGA_L9C_T17P,NetMHC,without_flanks,flank_affected,HLA-A*03:01,2,0,0,0
CHGA_L9C_T17P,NetMHC,without_flanks,flank_affected,HLA-B*40:01,0.5,0,0,0
CHGA_L9C_T17P,NetMHC,without_flanks,flank_affected,HLA-B*40:01,1,0,0,0
CHGA_L9C_T17P,NetMHC,without_flanks,flank_affected,HLA-B*40:01,2,1,2,1
CHGA_L9C_T17P,NetMHC,without_flanks,flank_affected,HLA-B*49:01,0.5,0,0,0
CHGA_L9C_T17P,NetMHC,without_flanks,flank_affected,HLA-B*49:01,1,0,0,0
CHGA_L9C_T17P,NetMHC,without_flanks,flank_affected,HLA-B*49:01,2,0,0,0
CHGA_L9C_T17P,NetMHC,without_flanks,flank_affected,HLA-C*03:04,0.5,3,0,-3
CHGA_L9C_T17P,NetMHC,without_flanks,flank_affected,HLA-C*03:04,1,6,2,-4
CHGA_L9C_T17P,NetMHC,without_flanks,flank_affected,HLA-C*03:04,2,9,6,-3
CHGA_L9C_T17P,NetMHC,without_flanks,flank_affected,HLA-C*07:01,0.5,1,0,-1
CHGA_L9C_T17P,NetMHC,without_flanks,flank_affected,HLA-C*07:01,1,2,0,-2
CHGA_L9C_T17P,NetMHC,without_flanks,flank_affected,HLA-C*07:01,2,5,3,-2
CHGA_L9C_T17P,MHCflurry,without_flanks,flank_affected,HLA-A*02:01,0.5,0,0,0
CHGA_L9C_T17P,MHCflurry,without_flanks,flank_affected,HLA-A*02:01,1,2,1,-1
CHGA_L9C_T17P,MHCflurry,without_flanks,flank_affected,HLA-A*02:01,2,6,3,-3
CHGA_L9C_T17P,MHCflurry,without_flanks,flank_affected,HLA-A*24:02,0.5,0,0,0
CHGA_L9C_T17P,MHCflurry,without_flanks,flank_affected,HLA-A*24:02,1,0,0,0
CHGA_L9C_T17P,MHCflurry,without_flanks,flank_affected,HLA-A*24:02,2,0,0,0
CHGA_L9C_T17P,MHCflurry,without_flanks,flank_affected,HLA-A*03:01,0.5,0,0,0
CHGA_L9C_T17P,MHCflurry,without_flanks,flank_affected,HLA-A*03:01,1,0,0,0
CHGA_L9C_T17P,MHCflurry,without_flanks,flank_affected,HLA-A*03:01,2,0,0,0
CHGA_L9C_T17P,MHCflurry,without_flanks,flank_affected,HLA-B*40:01,0.5,0,0,0
CHGA_L9C_T17P,MHCflurry,without_flanks,flank_affected,HLA-B*40:01,1,0,0,0
CHGA_L9C_T17P,MHCflurry,without_flanks,flank_affected,HLA-B*40:01,2,0,0,0
CHGA_L9C_T17P,MHCflurry,without_flanks,flank_affected,HLA-B*49:01,0.5,0,0,0
CHGA_L9C_T17P,MHCflurry,without_flanks,flank_affected,HLA-B*49:01,1,0,0,0
CHGA_L9C_T17P,MHCflurry,without_flanks,flank_affected,HLA-B*49:01,2,0,1,1
CHGA_L9C_T17P,MHCflurry,without_flanks,flank_affected,HLA-C*03:04,0.5,3,0,-3
CHGA_L9C_T17P,MHCflurry,without_flanks,flank_affected,HLA-C*03:04,1,7,4,-3
CHGA_L9C_T17P,MHCflurry,without_flanks,flank_affected,HLA-C*03:04,2,11,9,-2
CHGA_L9C_T17P,MHCflurry,without_flanks,flank_affected,HLA-C*07:01,0.5,1,0,-1
CHGA_L9C_T17P,MHCflurry,without_flanks,flank_affected,HLA-C*07:01,1,3,1,-2
CHGA_L9C_T17P,MHCflurry,without_flanks,flank_affected,HLA-C*07:01,2,5,5,0
CHGA_L9G_T17C,NetMHC,without_flanks,flank_affected,HLA-A*02:01,0.5,0,0,0
CHGA_L9G_T17C,NetMHC,without_flanks,flank_affected,HLA-A*02:01,1,0,0,0
CHGA_L9G_T17C,NetMHC,without_flanks,flank_affected,HLA-A*02:01,2,4,2,-2
CHGA_L9G_T17C,NetMHC,without_flanks,flank_affected,HLA-A*24:02,0.5,0,0,0
CHGA_L9G_T17C,NetMHC,without_flanks,flank_affected,HLA-A*24:02,1,0,0,0
CHGA_L9G_T17C,NetMHC,without_flanks,flank_affected,HLA-A*24:02,2,0,0,0
CHGA_L9G_T17C,NetMHC,without_flanks,flank_affected,HLA-A*03:01,0.5,0,0,0
CHGA_L9G_T17C,NetMHC,without_flanks,flank_affected,HLA-A*03:01,1,0,0,0
CHGA_L9G_T17C,NetMHC,without_flanks,flank_affected,HLA-A*03:01,2,0,0,0
CHGA_L9G_T17C,NetMHC,without_flanks,flank_affected,HLA-B*40:01,0.5,0,0,0
CHGA_L9G_T17C,NetMHC,without_flanks,flank_affected,HLA-B*40:01,1,0,0,0
CHGA_L9G_T17C,NetMHC,without_flanks,flank_affected,HLA-B*40:01,2,1,1,0
CHGA_L9G_T17C,NetMHC,without_flanks,flank_affected,HLA-B*49:01,0.5,0,0,0
CHGA_L9G_T17C,NetMHC,without_flanks,flank_affected,HLA-B*49:01,1,0,0,0
CHGA_L9G_T17C,NetMHC,without_flanks,flank_affected,HLA-B*49:01,2,0,0,0
CHGA_L9G_T17C,NetMHC,without_flanks,flank_affected,HLA-C*03:04,0.5,3,0,-3
CHGA_L9G_T17C,NetMHC,without_flanks,flank_affected,HLA-C*03:04,1,6,3,-3
CHGA_L9G_T17C,NetMHC,without_flanks,flank_affected,HLA-C*03:04,2,9,7,-2
CHGA_L9G_T17C,NetMHC,without_flanks,flank_affected,HLA-C*07:01,0.5,1,0,-1
CHGA_L9G_T17C,NetMHC,without_flanks,flank_affected,HLA-C*07:01,1,2,0,-2
CHGA_L9G_T17C,NetMHC,without_flanks,flank_affected,HLA-C*07:01,2,5,2,-3
CHGA_L9G_T17C,MHCflurry,without_flanks,flank_affected,HLA-A*02:01,0.5,0,0,0
CHGA_L9G_T17C,MHCflurry,without_flanks,flank_affected,HLA-A*02:01,1,2,1,-1
CHGA_L9G_T17C,MHCflurry,without_flanks,flank_affected,HLA-A*02:01,2,6,5,-1
CHGA_L9G_T17C,MHCflurry,without_flanks,flank_affected,HLA-A*24:02,0.5,0,0,0
CHGA_L9G_T17C,MHCflurry,without_flanks,flank_affected,HLA-A*24:02,1,0,0,0
CHGA_L9G_T17C,MHCflurry,without_flanks,flank_affected,HLA-A*24:02,2,0,0,0
CHGA_L9G_T17C,MHCflurry,without_flanks,flank_affected,HLA-A*03:01,0.5,0,0,0
CHGA_L9G_T17C,MHCflurry,without_flanks,flank_affected,HLA-A*03:01,1,0,0,0
CHGA_L9G_T17C,MHCflurry,without_flanks,flank_affected,HLA-A*03:01,2,0,0,0
CHGA_L9G_T17C,MHCflurry,without_flanks,flank_affected,HLA-B*40:01,0.5,0,0,0
CHGA_L9G_T17C,MHCflurry,without_flanks,flank_affected,HLA-B*40:01,1,0,0,0
CHGA_L9G_T17C,MHCflurry,without_flanks,flank_affected,HLA-B*40:01,2,0,0,0
CHGA_L9G_T17C,MHCflurry,without_flanks,flank_affected,HLA-B*49:01,0.5,0,0,0
CHGA_L9G_T17C,MHCflurry,without_flanks,flank_affected,HLA-B*49:01,1,0,0,0
CHGA_L9G_T17C,MHCflurry,without_flanks,flank_affected,HLA-B*49:01,2,0,0,0
CHGA_L9G_T17C,MHCflurry,without_flanks,flank_affected,HLA-C*03:04,0.5,3,1,-2
CHGA_L9G_T17C,MHCflurry,without_flanks,flank_affected,HLA-C*03:04,1,7,3,-4
CHGA_L9G_T17C,MHCflurry,without_flanks,flank_affected,HLA-C*03:04,2,11,7,-4
CHGA_L9G_T17C,MHCflurry,without_flanks,flank_affected,HLA-C*07:01,0.5,1,0,-1
CHGA_L9G_T17C,MHCflurry,without_flanks,flank_affected,HLA-C*07:01,1,3,1,-2
CHGA_L9G_T17C,MHCflurry,without_flanks,flank_affected,HLA-C*07:01,2,5,3,-2
CHGA_L9G_T17G,NetMHC,without_flanks,flank_affected,HLA-A*02:01,0.5,0,0,0
CHGA_L9G_T17G,NetMHC,without_flanks,flank_affected,HLA-A*02:01,1,0,0,0
CHGA_L9G_T17G,NetMHC,without_flanks,flank_affected,HLA-A*02:01,2,4,2,-2
CHGA_L9G_T17G,NetMHC,without_flanks,flank_affected,HLA-A*24:02,0.5,0,0,0
CHGA_L9G_T17G,NetMHC,without_flanks,flank_affected,HLA-A*24:02,1,0,0,0
CHGA_L9G_T17G,NetMHC,without_flanks,flank_affected,HLA-A*24:02,2,0,0,0
CHGA_L9G_T17G,NetMHC,without_flanks,flank_affected,HLA-A*03:01,0.5,0,0,0
CHGA_L9G_T17G,NetMHC,without_flanks,flank_affected,HLA-A*03:01,1,0,0,0
CHGA_L9G_T17G,NetMHC,without_flanks,flank_affected,HLA-A*03:01,2,0,0,0
CHGA_L9G_T17G,NetMHC,without_flanks,flank_affected,HLA-B*40:01,0.5,0,0,0
CHGA_L9G_T17G,NetMHC,without_flanks,flank_affected,HLA-B*40:01,1,0,0,0
CHGA_L9G_T17G,NetMHC,without_flanks,flank_affected,HLA-B*40:01,2,1,1,0
CHGA_L9G_T17G,NetMHC,without_flanks,flank_affected,HLA-B*49:01,0.5,0,0,0
CHGA_L9G_T17G,NetMHC,without_flanks,flank_affected,HLA-B*49:01,1,0,0,0
CHGA_L9G_T17G,NetMHC,without_flanks,flank_affected,HLA-B*49:01,2,0,0,0
CHGA_L9G_T17G,NetMHC,without_flanks,flank_affected,HLA-C*03:04,0.5,3,0,-3
CHGA_L9G_T17G,NetMHC,without_flanks,flank_affected,HLA-C*03:04,1,6,4,-2
CHGA_L9G_T17G,NetMHC,without_flanks,flank_affected,HLA-C*03:04,2,9,7,-2
CHGA_L9G_T17G,NetMHC,without_flanks,flank_affected,HLA-C*07:01,0.5,1,0,-1
CHGA_L9G_T17G,NetMHC,without_flanks,flank_affected,HLA-C*07:01,1,2,0,-2
CHGA_L9G_T17G,NetMHC,without_flanks,flank_affected,HLA-C*07:01,2,5,2,-3
CHGA_L9G_T17G,MHCflurry,without_flanks,flank_affected,HLA-A*02:01,0.5,0,0,0
CHGA_L9G_T17G,MHCflurry,without_flanks,flank_affected,HLA-A*02:01,1,2,2,0
CHGA_L9G_T17G,MHCflurry,without_flanks,flank_affected,HLA-A*02:01,2,6,6,0
CHGA_L9G_T17G,MHCflurry,without_flanks,flank_affected,HLA-A*24:02,0.5,0,0,0
CHGA_L9G_T17G,MHCflurry,without_flanks,flank_affected,HLA-A*24:02,1,0,0,0
CHGA_L9G_T17G,MHCflurry,without_flanks,flank_affected,HLA-A*24:02,2,0,0,0
CHGA_L9G_T17G,MHCflurry,without_flanks,flank_affected,HLA-A*03:01,0.5,0,0,0
CHGA_L9G_T17G,MHCflurry,without_flanks,flank_affected,HLA-A*03:01,1,0,0,0
CHGA_L9G_T17G,MHCflurry,without_flanks,flank_affected,HLA-A*03:01,2,0,0,0
CHGA_L9G_T17G,MHCflurry,without_flanks,flank_affected,HLA-B*40:01,0.5,0,0,0
CHGA_L9G_T17G,MHCflurry,without_flanks,flank_affected,HLA-B*40:01,1,0,0,0
CHGA_L9G_T17G,MHCflurry,without_flanks,flank_affected,HLA-B*40:01,2,0,0,0
CHGA_L9G_T17G,MHCflurry,without_flanks,flank_affected,HLA-B*49:01,0.5,0,0,0
CHGA_L9G_T17G,MHCflurry,without_flanks,flank_affected,HLA-B*49:01,1,0,0,0
CHGA_L9G_T17G,MHCflurry,without_flanks,flank_affected,HLA-B*49:01,2,0,1,1
CHGA_L9G_T17G,MHCflurry,without_flanks,flank_affected,HLA-C*03:04,0.5,3,0,-3
CHGA_L9G_T17G,MHCflurry,without_flanks,flank_affected,HLA-C*03:04,1,7,4,-3
CHGA_L9G_T17G,MHCflurry,without_flanks,flank_affected,HLA-C*03:04,2,11,7,-4
CHGA_L9G_T17G,MHCflurry,without_flanks,flank_affected,HLA-C*07:01,0.5,1,0,-1
CHGA_L9G_T17G,MHCflurry,without_flanks,flank_affected,HLA-C*07:01,1,3,1,-2
CHGA_L9G_T17G,MHCflurry,without_flanks,flank_affected,HLA-C*07:01,2,5,4,-1
CHGA_L9G_T17D,NetMHC,without_flanks,flank_affected,HLA-A*02:01,0.5,0,0,0
CHGA_L9G_T17D,NetMHC,without_flanks,flank_affected,HLA-A*02:01,1,0,0,0
CHGA_L9G_T17D,NetMHC,without_flanks,flank_affected,HLA-A*02:01,2,4,3,-1
CHGA_L9G_T17D,NetMHC,without_flanks,flank_affected,HLA-A*24:02,0.5,0,0,0
CHGA_L9G_T17D,NetMHC,without_flanks,flank_affected,HLA-A*24:02,1,0,0,0
CHGA_L9G_T17D,NetMHC,without_flanks,flank_affected,HLA-A*24:02,2,0,0,0
CHGA_L9G_T17D,NetMHC,without_flanks,flank_affected,HLA-A*03:01,0.5,0,0,0
CHGA_L9G_T17D,NetMHC,without_flanks,flank_affected,HLA-A*03:01,1,0,0,0
CHGA_L9G_T17D,NetMHC,without_flanks,flank_affected,HLA-A*03:01,2,0,0,0
CHGA_L9G_T17D,NetMHC,without_flanks,flank_affected,HLA-B*40:01,0.5,0,0,0
CHGA_L9G_T17D,NetMHC,without_flanks,flank_affected,HLA-B*40:01,1,0,0,0
CHGA_L9G_T17D,NetMHC,without_flanks,flank_affected,HLA-B*40:01,2,1,3,2
CHGA_L9G_T17D,NetMHC,without_flanks,flank_affected,HLA-B*49:01,0.5,0,0,0
CHGA_L9G_T17D,NetMHC,without_flanks,flank_affected,HLA-B*49:01,1,0,0,0
CHGA_L9G_T17D,NetMHC,without_flanks,flank_affected,HLA-B*49:01,2,0,1,1
CHGA_L9G_T17D,NetMHC,without_flanks,flank_affected,HLA-C*03:04,0.5,3,0,-3
CHGA_L9G_T17D,NetMHC,without_flanks,flank_affected,HLA-C*03:04,1,6,2,-4
CHGA_L9G_T17D,NetMHC,without_flanks,flank_affected,HLA-C*03:04,2,9,5,-4
CHGA_L9G_T17D,NetMHC,without_flanks,flank_affected,HLA-C*07:01,0.5,1,0,-1
CHGA_L9G_T17D,NetMHC,without_flanks,flank_affected,HLA-C*07:01,1,2,0,-2
CHGA_L9G_T17D,NetMHC,without_flanks,flank_affected,HLA-C*07:01,2,5,2,-3
CHGA_L9G_T17D,MHCflurry,without_flanks,flank_affected,HLA-A*02:01,0.5,0,0,0
CHGA_L9G_T17D,MHCflurry,without_flanks,flank_affected,HLA-A*02:01,1,2,2,0
CHGA_L9G_T17D,MHCflurry,without_flanks,flank_affected,HLA-A*02:01,2,6,4,-2
CHGA_L9G_T17D,MHCflurry,without_flanks,flank_affected,HLA-A*24:02,0.5,0,0,0
CHGA_L9G_T17D,MHCflurry,without_flanks,flank_affected,HLA-A*24:02,1,0,0,0
CHGA_L9G_T17D,MHCflurry,without_flanks,flank_affected,HLA-A*24:02,2,0,0,0
CHGA_L9G_T17D,MHCflurry,without_flanks,flank_affected,HLA-A*03:01,0.5,0,0,0
CHGA_L9G_T17D,MHCflurry,without_flanks,flank_affected,HLA-A*03:01,1,0,0,0
CHGA_L9G_T17D,MHCflurry,without_flanks,flank_affected,HLA-A*03:01,2,0,0,0
CHGA_L9G_T17D,MHCflurry,without_flanks,flank_affected,HLA-B*40:01,0.5,0,0,0
CHGA_L9G_T17D,MHCflurry,without_flanks,flank_affected,HLA-B*40:01,1,0,0,0
CHGA_L9G_T17D,MHCflurry,without_flanks,flank_affected,HLA-B*40:01,2,0,0,0
CHGA_L9G_T17D,MHCflurry,without_flanks,flank_affected,HLA-B*49:01,0.5,0,0,0
CHGA_L9G_T17D,MHCflurry,without_flanks,flank_affected,HLA-B*49:01,1,0,0,0
CHGA_L9G_T17D,MHCflurry,without_flanks,flank_affected,HLA-B*49:01,2,0,2,2
CHGA_L9G_T17D,MHCflurry,without_flanks,flank_affected,HLA-C*03:04,0.5,3,1,-2
CHGA_L9G_T17D,MHCflurry,without_flanks,flank_affected,HLA-C*03:04,1,7,3,-4
CHGA_L9G_T17D,MHCflurry,without_flanks,flank_affected,HLA-C*03:04,2,11,7,-4
CHGA_L9G_T17D,MHCflurry,without_flanks,flank_affected,HLA-C*07:01,0.5,1,0,-1
CHGA_L9G_T17D,MHCflurry,without_flanks,flank_affected,HLA-C*07:01,1,3,1,-2
CHGA_L9G_T17D,MHCflurry,without_flanks,flank_affected,HLA-C*07:01,2,5,4,-1
CHGA_L9G_T17P,NetMHC,without_flanks,flank_affected,HLA-A*02:01,0.5,0,0,0
CHGA_L9G_T17P,NetMHC,without_flanks,flank_affected,HLA-A*02:01,1,0,0,0
CHGA_L9G_T17P,NetMHC,without_flanks,flank_affected,HLA-A*02:01,2,4,2,-2
CHGA_L9G_T17P,NetMHC,without_flanks,flank_affected,HLA-A*24:02,0.5,0,0,0
CHGA_L9G_T17P,NetMHC,without_flanks,flank_affected,HLA-A*24:02,1,0,0,0
CHGA_L9G_T17P,NetMHC,without_flanks,flank_affected,HLA-A*24:02,2,0,0,0
CHGA_L9G_T17P,NetMHC,without_flanks,flank_affected,HLA-A*03:01,0.5,0,0,0
CHGA_L9G_T17P,NetMHC,without_flanks,flank_affected,HLA-A*03:01,1,0,0,0
CHGA_L9G_T17P,NetMHC,without_flanks,flank_affected,HLA-A*03:01,2,0,0,0
CHGA_L9G_T17P,NetMHC,without_flanks,flank_affected,HLA-B*40:01,0.5,0,0,0
CHGA_L9G_T17P,NetMHC,without_flanks,flank_affected,HLA-B*40:01,1,0,0,0
CHGA_L9G_T17P,NetMHC,without_flanks,flank_affected,HLA-B*40:01,2,1,2,1
CHGA_L9G_T17P,NetMHC,without_flanks,flank_affected,HLA-B*49:01,0.5,0,0,0
CHGA_L9G_T17P,NetMHC,without_flanks,flank_affected,HLA-B*49:01,1,0,0,0
CHGA_L9G_T17P,NetMHC,without_flanks,flank_affected,HLA-B*49:01,2,0,0,0
CHGA_L9G_T17P,NetMHC,without_flanks,flank_affected,HLA-C*03:04,0.5,3,0,-3
CHGA_L9G_T17P,NetMHC,without_flanks,flank_affected,HLA-C*03:04,1,6,3,-3
CHGA_L9G_T17P,NetMHC,without_flanks,flank_affected,HLA-C*03:04,2,9,7,-2
CHGA_L9G_T17P,NetMHC,without_flanks,flank_affected,HLA-C*07:01,0.5,1,0,-1
CHGA_L9G_T17P,NetMHC,without_flanks,flank_affected,HLA-C*07:01,1,2,0,-2
CHGA_L9G_T17P,NetMHC,without_flanks,flank_affected,HLA-C*07:01,2,5,2,-3
CHGA_L9G_T17P,MHCflurry,without_flanks,flank_affected,HLA-A*02:01,0.5,0,0,0
CHGA_L9G_T17P,MHCflurry,without_flanks,flank_affected,HLA-A*02:01,1,2,2,0
CHGA_L9G_T17P,MHCflurry,without_flanks,flank_affected,HLA-A*02:01,2,6,6,0
CHGA_L9G_T17P,MHCflurry,without_flanks,flank_affected,HLA-A*24:02,0.5,0,0,0
CHGA_L9G_T17P,MHCflurry,without_flanks,flank_affected,HLA-A*24:02,1,0,0,0
CHGA_L9G_T17P,MHCflurry,without_flanks,flank_affected,HLA-A*24:02,2,0,0,0
CHGA_L9G_T17P,MHCflurry,without_flanks,flank_affected,HLA-A*03:01,0.5,0,0,0
CHGA_L9G_T17P,MHCflurry,without_flanks,flank_affected,HLA-A*03:01,1,0,0,0
CHGA_L9G_T17P,MHCflurry,without_flanks,flank_affected,HLA-A*03:01,2,0,0,0
CHGA_L9G_T17P,MHCflurry,without_flanks,flank_affected,HLA-B*40:01,0.5,0,0,0
CHGA_L9G_T17P,MHCflurry,without_flanks,flank_affected,HLA-B*40:01,1,0,0,0
CHGA_L9G_T17P,MHCflurry,without_flanks,flank_affected,HLA-B*40:01,2,0,0,0
CHGA_L9G_T17P,MHCflurry,without_flanks,flank_affected,HLA-B*49:01,0.5,0,0,0
CHGA_L9G_T17P,MHCflurry,without_flanks,flank_affected,HLA-B*49:01,1,0,0,0
CHGA_L9G_T17P,MHCflurry,without_flanks,flank_affected,HLA-B*49:01,2,0,1,1
CHGA_L9G_T17P,MHCflurry,without_flanks,flank_affected,HLA-C*03:04,0.5,3,0,-3
CHGA_L9G_T17P,MHCflurry,without_flanks,flank_affected,HLA-C*03:04,1,7,3,-4
CHGA_L9G_T17P,MHCflurry,without_flanks,flank_affected,HLA-C*03:04,2,11,9,-2
CHGA_L9G_T17P,MHCflurry,without_flanks,flank_affected,HLA-C*07:01,0.5,1,0,-1
CHGA_L9G_T17P,MHCflurry,without_flanks,flank_affected,HLA-C*07:01,1,3,1,-2
CHGA_L9G_T17P,MHCflurry,without_flanks,flank_affected,HLA-C*07:01,2,5,4,-1
